onset	duration	trial_type	value	sample
9.15	n/a	0	1	4575
9.166	n/a	0	1	4583
9.182	n/a	0	1	4591
9.2	n/a	0	1	4600
9.216	n/a	0	1	4608
9.232	n/a	0	1	4616
9.25	n/a	0	1	4625
9.266	n/a	0	1	4633
9.282	n/a	0	1	4641
9.3	n/a	0	1	4650
9.316	n/a	0	1	4658
9.332	n/a	0	1	4666
9.35	n/a	0	1	4675
9.366	n/a	0	1	4683
9.382	n/a	0	1	4691
9.4	n/a	0	1	4700
9.416	n/a	0	1	4708
9.432	n/a	0	1	4716
9.45	n/a	1	2	4725
9.466	n/a	1	2	4733
9.482	n/a	1	2	4741
9.5	n/a	1	2	4750
9.516	n/a	0	1	4758
9.532	n/a	0	1	4766
9.55	n/a	0	1	4775
9.566	n/a	0	1	4783
9.582	n/a	0	1	4791
9.6	n/a	0	1	4800
9.616	n/a	0	1	4808
9.632	n/a	0	1	4816
9.65	n/a	0	1	4825
9.666	n/a	0	1	4833
9.682	n/a	0	1	4841
9.7	n/a	0	1	4850
9.716	n/a	0	1	4858
9.732	n/a	0	1	4866
9.75	n/a	0	1	4875
9.766	n/a	0	1	4883
9.782	n/a	0	1	4891
9.8	n/a	0	1	4900
9.816	n/a	0	1	4908
9.832	n/a	0	1	4916
9.85	n/a	1	2	4925
9.866	n/a	1	2	4933
9.882	n/a	1	2	4941
9.9	n/a	1	2	4950
9.916	n/a	0	1	4958
9.932	n/a	0	1	4966
9.95	n/a	0	1	4975
9.966	n/a	0	1	4983
9.982	n/a	0	1	4991
10.0	n/a	0	1	5000
10.016	n/a	0	1	5008
10.032	n/a	0	1	5016
10.05	n/a	0	1	5025
10.066	n/a	0	1	5033
10.082	n/a	0	1	5041
10.1	n/a	0	1	5050
10.116	n/a	0	1	5058
10.132	n/a	1	2	5066
10.15	n/a	1	2	5075
10.166	n/a	1	2	5083
10.182	n/a	1	2	5091
10.2	n/a	0	1	5100
10.216	n/a	0	1	5108
10.232	n/a	0	1	5116
10.25	n/a	0	1	5125
10.266	n/a	0	1	5133
10.282	n/a	0	1	5141
10.3	n/a	0	1	5150
10.316	n/a	0	1	5158
10.332	n/a	0	1	5166
10.35	n/a	0	1	5175
10.366	n/a	0	1	5183
10.382	n/a	0	1	5191
10.4	n/a	0	1	5200
10.416	n/a	0	1	5208
10.432	n/a	0	1	5216
10.45	n/a	0	1	5225
10.466	n/a	0	1	5233
10.482	n/a	0	1	5241
10.5	n/a	1	2	5250
10.516	n/a	1	2	5258
10.532	n/a	1	2	5266
10.55	n/a	1	2	5275
10.566	n/a	0	1	5283
10.582	n/a	0	1	5291
10.6	n/a	0	1	5300
10.616	n/a	0	1	5308
10.632	n/a	0	1	5316
10.65	n/a	0	1	5325
10.666	n/a	0	1	5333
10.682	n/a	0	1	5341
10.7	n/a	0	1	5350
10.716	n/a	0	1	5358
10.732	n/a	0	1	5366
10.75	n/a	0	1	5375
10.766	n/a	0	1	5383
10.782	n/a	0	1	5391
10.8	n/a	0	1	5400
10.816	n/a	0	1	5408
10.832	n/a	0	1	5416
10.85	n/a	0	1	5425
10.866	n/a	0	1	5433
10.882	n/a	0	1	5441
10.9	n/a	0	1	5450
10.916	n/a	0	1	5458
10.932	n/a	0	1	5466
10.95	n/a	0	1	5475
10.966	n/a	1	2	5483
10.982	n/a	1	2	5491
11.0	n/a	1	2	5500
11.016	n/a	1	2	5508
11.032	n/a	0	1	5516
11.05	n/a	0	1	5525
11.066	n/a	0	1	5533
11.082	n/a	0	1	5541
12.566	n/a	0	1	6283
12.582	n/a	0	1	6291
12.6	n/a	0	1	6300
12.616	n/a	0	1	6308
12.632	n/a	0	1	6316
12.65	n/a	0	1	6325
12.666	n/a	0	1	6333
12.682	n/a	0	1	6341
12.7	n/a	0	1	6350
12.716	n/a	0	1	6358
12.732	n/a	0	1	6366
12.75	n/a	0	1	6375
12.766	n/a	0	1	6383
12.782	n/a	0	1	6391
12.8	n/a	0	1	6400
12.816	n/a	1	2	6408
12.832	n/a	1	2	6416
12.85	n/a	1	2	6425
12.866	n/a	1	2	6433
12.882	n/a	0	1	6441
12.9	n/a	0	1	6450
12.916	n/a	0	1	6458
12.932	n/a	0	1	6466
12.95	n/a	0	1	6475
12.966	n/a	0	1	6483
12.982	n/a	0	1	6491
13.0	n/a	0	1	6500
13.016	n/a	0	1	6508
13.032	n/a	0	1	6516
13.05	n/a	0	1	6525
13.066	n/a	0	1	6533
13.082	n/a	0	1	6541
13.1	n/a	0	1	6550
13.116	n/a	0	1	6558
13.132	n/a	0	1	6566
13.15	n/a	0	1	6575
13.166	n/a	0	1	6583
13.182	n/a	0	1	6591
13.2	n/a	0	1	6600
13.216	n/a	0	1	6608
13.232	n/a	0	1	6616
13.25	n/a	1	2	6625
13.266	n/a	1	2	6633
13.282	n/a	1	2	6641
13.3	n/a	1	2	6650
13.316	n/a	0	1	6658
13.332	n/a	0	1	6666
13.35	n/a	0	1	6675
13.366	n/a	0	1	6683
13.382	n/a	0	1	6691
13.4	n/a	0	1	6700
13.416	n/a	0	1	6708
13.432	n/a	0	1	6716
13.45	n/a	0	1	6725
13.466	n/a	0	1	6733
13.482	n/a	0	1	6741
13.5	n/a	0	1	6750
13.516	n/a	0	1	6758
13.532	n/a	0	1	6766
13.55	n/a	0	1	6775
13.566	n/a	0	1	6783
13.582	n/a	0	1	6791
13.6	n/a	0	1	6800
13.616	n/a	0	1	6808
13.632	n/a	0	1	6816
13.65	n/a	0	1	6825
13.666	n/a	0	1	6833
13.682	n/a	0	1	6841
13.7	n/a	0	1	6850
13.716	n/a	1	2	6858
13.732	n/a	1	2	6866
13.75	n/a	1	2	6875
13.766	n/a	1	2	6883
13.782	n/a	0	1	6891
13.8	n/a	0	1	6900
13.816	n/a	0	1	6908
13.832	n/a	0	1	6916
13.85	n/a	0	1	6925
13.866	n/a	0	1	6933
13.882	n/a	0	1	6941
13.9	n/a	0	1	6950
13.916	n/a	0	1	6958
13.932	n/a	0	1	6966
13.95	n/a	0	1	6975
13.966	n/a	0	1	6983
13.982	n/a	0	1	6991
14.0	n/a	0	1	7000
14.016	n/a	1	2	7008
14.032	n/a	1	2	7016
14.05	n/a	1	2	7025
14.066	n/a	1	2	7033
14.082	n/a	0	1	7041
14.1	n/a	0	1	7050
14.116	n/a	0	1	7058
14.132	n/a	0	1	7066
14.15	n/a	0	1	7075
14.166	n/a	0	1	7083
14.182	n/a	0	1	7091
14.2	n/a	0	1	7100
14.216	n/a	0	1	7108
14.232	n/a	0	1	7116
14.25	n/a	0	1	7125
14.266	n/a	0	1	7133
14.282	n/a	0	1	7141
14.3	n/a	0	1	7150
14.316	n/a	0	1	7158
14.332	n/a	0	1	7166
14.35	n/a	0	1	7175
14.366	n/a	0	1	7183
14.382	n/a	0	1	7191
14.4	n/a	0	1	7200
14.416	n/a	0	1	7208
14.432	n/a	0	1	7216
14.45	n/a	1	2	7225
14.466	n/a	1	2	7233
14.482	n/a	1	2	7241
14.5	n/a	1	2	7250
15.982	n/a	0	1	7991
16.0	n/a	0	1	8000
16.016	n/a	0	1	8008
16.032	n/a	0	1	8016
16.05	n/a	0	1	8025
16.066	n/a	0	1	8033
16.082	n/a	0	1	8041
16.1	n/a	0	1	8050
16.116	n/a	0	1	8058
16.132	n/a	0	1	8066
16.148	n/a	0	1	8074
16.166	n/a	0	1	8083
16.182	n/a	0	1	8091
16.2	n/a	0	1	8100
16.216	n/a	0	1	8108
16.232	n/a	0	1	8116
16.25	n/a	0	1	8125
16.266	n/a	0	1	8133
16.282	n/a	0	1	8141
16.3	n/a	0	1	8150
16.316	n/a	0	1	8158
16.332	n/a	0	1	8166
16.35	n/a	0	1	8175
16.366	n/a	1	2	8183
16.382	n/a	1	2	8191
16.4	n/a	1	2	8200
16.416	n/a	1	2	8208
16.432	n/a	0	1	8216
16.45	n/a	0	1	8225
16.466	n/a	0	1	8233
16.482	n/a	0	1	8241
16.5	n/a	0	1	8250
16.516	n/a	0	1	8258
16.532	n/a	0	1	8266
16.55	n/a	0	1	8275
16.566	n/a	0	1	8283
16.582	n/a	0	1	8291
16.6	n/a	0	1	8300
16.616	n/a	0	1	8308
16.632	n/a	0	1	8316
16.65	n/a	0	1	8325
16.666	n/a	0	1	8333
16.682	n/a	0	1	8341
16.7	n/a	0	1	8350
16.716	n/a	0	1	8358
16.732	n/a	0	1	8366
16.75	n/a	1	2	8375
16.766	n/a	1	2	8383
16.782	n/a	1	2	8391
16.8	n/a	1	2	8400
16.816	n/a	0	1	8408
16.832	n/a	0	1	8416
16.85	n/a	0	1	8425
16.866	n/a	0	1	8433
16.882	n/a	0	1	8441
16.9	n/a	0	1	8450
16.916	n/a	0	1	8458
16.932	n/a	0	1	8466
16.95	n/a	0	1	8475
16.966	n/a	0	1	8483
16.982	n/a	0	1	8491
17.0	n/a	0	1	8500
17.016	n/a	0	1	8508
17.032	n/a	0	1	8516
17.05	n/a	1	2	8525
17.066	n/a	1	2	8533
17.082	n/a	1	2	8541
17.1	n/a	1	2	8550
17.116	n/a	0	1	8558
17.132	n/a	0	1	8566
17.15	n/a	0	1	8575
17.166	n/a	0	1	8583
17.182	n/a	0	1	8591
17.2	n/a	0	1	8600
17.216	n/a	0	1	8608
17.232	n/a	0	1	8616
17.25	n/a	0	1	8625
17.266	n/a	0	1	8633
17.282	n/a	0	1	8641
17.3	n/a	0	1	8650
17.316	n/a	0	1	8658
17.332	n/a	1	2	8666
17.35	n/a	1	2	8675
17.366	n/a	1	2	8683
17.382	n/a	1	2	8691
17.4	n/a	0	1	8700
17.416	n/a	0	1	8708
17.432	n/a	0	1	8716
17.45	n/a	0	1	8725
17.466	n/a	0	1	8733
17.482	n/a	0	1	8741
17.5	n/a	0	1	8750
17.516	n/a	0	1	8758
17.532	n/a	0	1	8766
17.55	n/a	0	1	8775
17.566	n/a	0	1	8783
17.582	n/a	0	1	8791
17.6	n/a	0	1	8800
17.616	n/a	0	1	8808
17.632	n/a	0	1	8816
17.65	n/a	0	1	8825
17.666	n/a	1	2	8833
17.682	n/a	1	2	8841
17.7	n/a	1	2	8850
17.716	n/a	1	2	8858
17.732	n/a	0	1	8866
17.75	n/a	0	1	8875
17.766	n/a	0	1	8883
17.782	n/a	0	1	8891
17.8	n/a	0	1	8900
17.816	n/a	0	1	8908
17.832	n/a	0	1	8916
17.85	n/a	0	1	8925
17.866	n/a	0	1	8933
17.882	n/a	0	1	8941
17.9	n/a	0	1	8950
17.916	n/a	0	1	8958
19.4	n/a	0	1	9700
19.416	n/a	1	2	9708
19.432	n/a	1	2	9716
19.45	n/a	1	2	9725
19.466	n/a	1	2	9733
19.482	n/a	0	1	9741
19.5	n/a	0	1	9750
19.516	n/a	0	1	9758
19.532	n/a	0	1	9766
19.55	n/a	0	1	9775
19.566	n/a	0	1	9783
19.582	n/a	0	1	9791
19.6	n/a	0	1	9800
19.616	n/a	0	1	9808
19.632	n/a	0	1	9816
19.65	n/a	0	1	9825
19.666	n/a	0	1	9833
19.682	n/a	0	1	9841
19.7	n/a	0	1	9850
19.716	n/a	0	1	9858
19.732	n/a	0	1	9866
19.75	n/a	0	1	9875
19.766	n/a	0	1	9883
19.782	n/a	0	1	9891
19.8	n/a	0	1	9900
19.816	n/a	0	1	9908
19.832	n/a	0	1	9916
19.85	n/a	0	1	9925
19.866	n/a	0	1	9933
19.882	n/a	0	1	9941
19.9	n/a	1	2	9950
19.916	n/a	1	2	9958
19.932	n/a	1	2	9966
19.95	n/a	1	2	9975
19.966	n/a	0	1	9983
19.982	n/a	0	1	9991
20.0	n/a	0	1	10000
20.016	n/a	0	1	10008
20.032	n/a	0	1	10016
20.05	n/a	0	1	10025
20.066	n/a	0	1	10033
20.082	n/a	0	1	10041
20.1	n/a	0	1	10050
20.116	n/a	0	1	10058
20.132	n/a	0	1	10066
20.15	n/a	0	1	10075
20.166	n/a	0	1	10083
20.182	n/a	0	1	10091
20.2	n/a	0	1	10100
20.216	n/a	0	1	10108
20.232	n/a	0	1	10116
20.25	n/a	0	1	10125
20.266	n/a	0	1	10133
20.282	n/a	0	1	10141
20.3	n/a	0	1	10150
20.316	n/a	0	1	10158
20.332	n/a	0	1	10166
20.35	n/a	0	1	10175
20.366	n/a	1	2	10183
20.382	n/a	1	2	10191
20.4	n/a	1	2	10200
20.416	n/a	1	2	10208
20.432	n/a	0	1	10216
20.45	n/a	0	1	10225
20.466	n/a	0	1	10233
20.482	n/a	0	1	10241
20.5	n/a	0	1	10250
20.516	n/a	0	1	10258
20.532	n/a	0	1	10266
20.55	n/a	0	1	10275
20.566	n/a	0	1	10283
20.582	n/a	0	1	10291
20.6	n/a	0	1	10300
20.616	n/a	0	1	10308
20.632	n/a	0	1	10316
20.65	n/a	0	1	10325
20.666	n/a	0	1	10333
20.682	n/a	0	1	10341
20.7	n/a	0	1	10350
20.716	n/a	0	1	10358
20.732	n/a	0	1	10366
20.75	n/a	0	1	10375
20.766	n/a	0	1	10383
20.782	n/a	1	2	10391
20.8	n/a	1	2	10400
20.816	n/a	1	2	10408
20.832	n/a	1	2	10416
20.85	n/a	0	1	10425
20.866	n/a	0	1	10433
20.882	n/a	0	1	10441
20.9	n/a	0	1	10450
20.916	n/a	0	1	10458
20.932	n/a	0	1	10466
20.95	n/a	0	1	10475
20.966	n/a	0	1	10483
20.982	n/a	0	1	10491
21.0	n/a	0	1	10500
21.016	n/a	0	1	10508
21.032	n/a	0	1	10516
21.05	n/a	0	1	10525
21.066	n/a	0	1	10533
21.082	n/a	0	1	10541
21.1	n/a	0	1	10550
21.116	n/a	0	1	10558
21.132	n/a	0	1	10566
21.15	n/a	0	1	10575
21.166	n/a	0	1	10583
21.182	n/a	0	1	10591
21.2	n/a	0	1	10600
21.216	n/a	1	2	10608
21.232	n/a	1	2	10616
21.25	n/a	1	2	10625
21.266	n/a	1	2	10633
21.282	n/a	0	1	10641
21.3	n/a	0	1	10650
21.316	n/a	0	1	10658
21.332	n/a	0	1	10666
24.082	n/a	0	1	12041
24.1	n/a	0	1	12050
24.116	n/a	0	1	12058
24.132	n/a	0	1	12066
24.15	n/a	0	1	12075
24.166	n/a	0	1	12083
24.182	n/a	0	1	12091
24.2	n/a	0	1	12100
24.216	n/a	0	1	12108
24.232	n/a	0	1	12116
24.25	n/a	0	1	12125
24.266	n/a	0	1	12133
24.282	n/a	0	1	12141
24.3	n/a	0	1	12150
24.316	n/a	0	1	12158
24.332	n/a	0	1	12166
24.35	n/a	0	1	12175
24.366	n/a	0	1	12183
24.382	n/a	1	2	12191
24.4	n/a	1	2	12200
24.416	n/a	1	2	12208
24.432	n/a	1	2	12216
24.45	n/a	0	1	12225
24.466	n/a	0	1	12233
24.482	n/a	0	1	12241
24.5	n/a	0	1	12250
24.516	n/a	0	1	12258
24.532	n/a	0	1	12266
24.55	n/a	0	1	12275
24.566	n/a	0	1	12283
24.582	n/a	0	1	12291
24.6	n/a	0	1	12300
24.616	n/a	0	1	12308
24.632	n/a	0	1	12316
24.65	n/a	0	1	12325
24.666	n/a	0	1	12333
24.682	n/a	0	1	12341
24.7	n/a	0	1	12350
24.716	n/a	0	1	12358
24.732	n/a	0	1	12366
24.75	n/a	0	1	12375
24.766	n/a	0	1	12383
24.782	n/a	1	2	12391
24.8	n/a	1	2	12400
24.816	n/a	1	2	12408
24.832	n/a	1	2	12416
24.85	n/a	0	1	12425
24.866	n/a	0	1	12433
24.882	n/a	0	1	12441
24.9	n/a	0	1	12450
24.916	n/a	0	1	12458
24.932	n/a	0	1	12466
24.95	n/a	0	1	12475
24.966	n/a	0	1	12483
24.982	n/a	0	1	12491
25.0	n/a	0	1	12500
25.016	n/a	0	1	12508
25.032	n/a	0	1	12516
25.05	n/a	0	1	12525
25.066	n/a	1	2	12533
25.082	n/a	1	2	12541
25.1	n/a	1	2	12550
25.116	n/a	1	2	12558
25.132	n/a	0	1	12566
25.15	n/a	0	1	12575
25.166	n/a	0	1	12583
25.182	n/a	0	1	12591
25.2	n/a	0	1	12600
25.216	n/a	0	1	12608
25.232	n/a	0	1	12616
25.25	n/a	0	1	12625
25.266	n/a	0	1	12633
25.282	n/a	0	1	12641
25.3	n/a	0	1	12650
25.316	n/a	0	1	12658
25.332	n/a	0	1	12666
25.35	n/a	0	1	12675
25.366	n/a	0	1	12683
25.382	n/a	0	1	12691
25.4	n/a	0	1	12700
25.416	n/a	0	1	12708
25.432	n/a	1	2	12716
25.45	n/a	1	2	12725
25.466	n/a	1	2	12733
25.482	n/a	1	2	12741
25.5	n/a	0	1	12750
25.516	n/a	0	1	12758
25.532	n/a	0	1	12766
25.55	n/a	0	1	12775
25.566	n/a	0	1	12783
25.582	n/a	0	1	12791
25.6	n/a	0	1	12800
25.616	n/a	0	1	12808
25.632	n/a	0	1	12816
25.65	n/a	0	1	12825
25.666	n/a	0	1	12833
25.682	n/a	0	1	12841
25.7	n/a	0	1	12850
25.716	n/a	0	1	12858
25.732	n/a	0	1	12866
25.75	n/a	0	1	12875
25.766	n/a	0	1	12883
25.782	n/a	0	1	12891
25.8	n/a	0	1	12900
25.816	n/a	0	1	12908
25.832	n/a	0	1	12916
25.85	n/a	0	1	12925
25.866	n/a	0	1	12933
25.882	n/a	0	1	12941
25.9	n/a	1	2	12950
25.916	n/a	1	2	12958
25.932	n/a	1	2	12966
25.95	n/a	1	2	12975
25.966	n/a	0	1	12983
25.982	n/a	0	1	12991
26.0	n/a	0	1	13000
26.016	n/a	0	1	13008
27.5	n/a	0	1	13750
27.516	n/a	0	1	13758
27.532	n/a	0	1	13766
27.55	n/a	0	1	13775
27.566	n/a	0	1	13783
27.582	n/a	0	1	13791
27.6	n/a	0	1	13800
27.616	n/a	0	1	13808
27.632	n/a	0	1	13816
27.65	n/a	0	1	13825
27.666	n/a	0	1	13833
27.682	n/a	0	1	13841
27.7	n/a	0	1	13850
27.716	n/a	0	1	13858
27.732	n/a	0	1	13866
27.75	n/a	1	2	13875
27.766	n/a	1	2	13883
27.782	n/a	1	2	13891
27.8	n/a	1	2	13900
27.816	n/a	0	1	13908
27.832	n/a	0	1	13916
27.85	n/a	0	1	13925
27.866	n/a	0	1	13933
27.882	n/a	0	1	13941
27.9	n/a	0	1	13950
27.916	n/a	0	1	13958
27.932	n/a	0	1	13966
27.95	n/a	0	1	13975
27.966	n/a	0	1	13983
27.982	n/a	0	1	13991
28.0	n/a	0	1	14000
28.016	n/a	0	1	14008
28.032	n/a	0	1	14016
28.05	n/a	0	1	14025
28.066	n/a	0	1	14033
28.082	n/a	0	1	14041
28.1	n/a	0	1	14050
28.116	n/a	0	1	14058
28.132	n/a	0	1	14066
28.15	n/a	0	1	14075
28.166	n/a	0	1	14083
28.182	n/a	1	2	14091
28.2	n/a	1	2	14100
28.216	n/a	1	2	14108
28.232	n/a	1	2	14116
28.25	n/a	0	1	14125
28.266	n/a	0	1	14133
28.282	n/a	0	1	14141
28.3	n/a	0	1	14150
28.316	n/a	0	1	14158
28.332	n/a	0	1	14166
28.35	n/a	0	1	14175
28.366	n/a	0	1	14183
28.382	n/a	0	1	14191
28.4	n/a	0	1	14200
28.416	n/a	0	1	14208
28.432	n/a	0	1	14216
28.45	n/a	0	1	14225
28.466	n/a	0	1	14233
28.482	n/a	0	1	14241
28.5	n/a	0	1	14250
28.516	n/a	0	1	14258
28.532	n/a	0	1	14266
28.55	n/a	0	1	14275
28.566	n/a	0	1	14283
28.582	n/a	0	1	14291
28.6	n/a	0	1	14300
28.616	n/a	0	1	14308
28.632	n/a	0	1	14316
28.65	n/a	1	2	14325
28.666	n/a	1	2	14333
28.682	n/a	1	2	14341
28.7	n/a	1	2	14350
28.716	n/a	0	1	14358
28.732	n/a	0	1	14366
28.75	n/a	0	1	14375
28.766	n/a	0	1	14383
28.782	n/a	0	1	14391
28.8	n/a	0	1	14400
28.816	n/a	0	1	14408
28.832	n/a	0	1	14416
28.85	n/a	0	1	14425
28.866	n/a	0	1	14433
28.882	n/a	0	1	14441
28.9	n/a	0	1	14450
28.916	n/a	0	1	14458
28.932	n/a	0	1	14466
28.95	n/a	1	2	14475
28.966	n/a	1	2	14483
28.982	n/a	1	2	14491
29.0	n/a	1	2	14500
29.016	n/a	0	1	14508
29.032	n/a	0	1	14516
29.05	n/a	0	1	14525
29.066	n/a	0	1	14533
29.082	n/a	0	1	14541
29.1	n/a	0	1	14550
29.116	n/a	0	1	14558
29.132	n/a	0	1	14566
29.15	n/a	0	1	14575
29.166	n/a	0	1	14583
29.182	n/a	0	1	14591
29.2	n/a	0	1	14600
29.216	n/a	0	1	14608
29.232	n/a	0	1	14616
29.25	n/a	0	1	14625
29.266	n/a	0	1	14633
29.282	n/a	0	1	14641
29.3	n/a	0	1	14650
29.316	n/a	0	1	14658
29.332	n/a	0	1	14666
29.35	n/a	0	1	14675
29.366	n/a	0	1	14683
29.382	n/a	1	2	14691
29.4	n/a	1	2	14700
29.416	n/a	1	2	14708
29.432	n/a	1	2	14716
30.916	n/a	0	1	15458
30.932	n/a	1	2	15466
30.95	n/a	1	2	15475
30.966	n/a	1	2	15483
30.982	n/a	1	2	15491
31.0	n/a	0	1	15500
31.016	n/a	0	1	15508
31.032	n/a	0	1	15516
31.05	n/a	0	1	15525
31.066	n/a	0	1	15533
31.082	n/a	0	1	15541
31.1	n/a	0	1	15550
31.116	n/a	0	1	15558
31.132	n/a	0	1	15566
31.15	n/a	0	1	15575
31.166	n/a	0	1	15583
31.182	n/a	0	1	15591
31.2	n/a	0	1	15600
31.216	n/a	0	1	15608
31.232	n/a	0	1	15616
31.25	n/a	0	1	15625
31.266	n/a	0	1	15633
31.282	n/a	0	1	15641
31.3	n/a	0	1	15650
31.316	n/a	0	1	15658
31.332	n/a	0	1	15666
31.35	n/a	0	1	15675
31.366	n/a	0	1	15683
31.382	n/a	0	1	15691
31.4	n/a	0	1	15700
31.416	n/a	1	2	15708
31.432	n/a	1	2	15716
31.45	n/a	1	2	15725
31.466	n/a	1	2	15733
31.482	n/a	0	1	15741
31.5	n/a	0	1	15750
31.516	n/a	0	1	15758
31.532	n/a	0	1	15766
31.55	n/a	0	1	15775
31.566	n/a	0	1	15783
31.582	n/a	0	1	15791
31.6	n/a	0	1	15800
31.616	n/a	0	1	15808
31.632	n/a	0	1	15816
31.65	n/a	0	1	15825
31.666	n/a	0	1	15833
31.682	n/a	0	1	15841
31.7	n/a	0	1	15850
31.716	n/a	0	1	15858
31.732	n/a	0	1	15866
31.75	n/a	0	1	15875
31.766	n/a	0	1	15883
31.782	n/a	0	1	15891
31.8	n/a	0	1	15900
31.816	n/a	0	1	15908
31.832	n/a	0	1	15916
31.85	n/a	0	1	15925
31.866	n/a	0	1	15933
31.882	n/a	1	2	15941
31.9	n/a	1	2	15950
31.916	n/a	1	2	15958
31.932	n/a	1	2	15966
31.95	n/a	0	1	15975
31.966	n/a	0	1	15983
31.982	n/a	0	1	15991
32.0	n/a	0	1	16000
32.016	n/a	0	1	16008
32.032	n/a	0	1	16016
32.048	n/a	0	1	16024
32.066	n/a	0	1	16033
32.082	n/a	0	1	16041
32.1	n/a	0	1	16050
32.116	n/a	0	1	16058
32.132	n/a	0	1	16066
32.15	n/a	0	1	16075
32.166	n/a	0	1	16083
32.182	n/a	0	1	16091
32.2	n/a	0	1	16100
32.216	n/a	0	1	16108
32.232	n/a	0	1	16116
32.25	n/a	0	1	16125
32.266	n/a	0	1	16133
32.282	n/a	0	1	16141
32.298	n/a	1	2	16149
32.316	n/a	1	2	16158
32.332	n/a	1	2	16166
32.35	n/a	1	2	16175
32.366	n/a	0	1	16183
32.382	n/a	0	1	16191
32.4	n/a	0	1	16200
32.416	n/a	0	1	16208
32.432	n/a	0	1	16216
32.45	n/a	0	1	16225
32.466	n/a	0	1	16233
32.482	n/a	0	1	16241
32.5	n/a	0	1	16250
32.516	n/a	0	1	16258
32.532	n/a	0	1	16266
32.548	n/a	0	1	16274
32.566	n/a	0	1	16283
32.582	n/a	0	1	16291
32.6	n/a	0	1	16300
32.616	n/a	0	1	16308
32.632	n/a	0	1	16316
32.65	n/a	0	1	16325
32.666	n/a	0	1	16333
32.682	n/a	0	1	16341
32.7	n/a	0	1	16350
32.716	n/a	0	1	16358
32.732	n/a	1	2	16366
32.75	n/a	1	2	16375
32.766	n/a	1	2	16383
32.782	n/a	1	2	16391
32.8	n/a	0	1	16400
32.816	n/a	0	1	16408
32.832	n/a	0	1	16416
32.85	n/a	0	1	16425
34.35	n/a	0	1	17175
34.366	n/a	0	1	17183
34.382	n/a	0	1	17191
34.4	n/a	0	1	17200
34.416	n/a	0	1	17208
34.432	n/a	0	1	17216
34.45	n/a	0	1	17225
34.466	n/a	0	1	17233
34.482	n/a	0	1	17241
34.5	n/a	0	1	17250
34.516	n/a	0	1	17258
34.532	n/a	0	1	17266
34.55	n/a	0	1	17275
34.566	n/a	0	1	17283
34.582	n/a	0	1	17291
34.6	n/a	0	1	17300
34.616	n/a	0	1	17308
34.632	n/a	0	1	17316
34.65	n/a	0	1	17325
34.666	n/a	0	1	17333
34.682	n/a	0	1	17341
34.7	n/a	0	1	17350
34.716	n/a	0	1	17358
34.732	n/a	1	2	17366
34.75	n/a	1	2	17375
34.766	n/a	1	2	17383
34.782	n/a	1	2	17391
34.8	n/a	0	1	17400
34.816	n/a	0	1	17408
34.832	n/a	0	1	17416
34.85	n/a	0	1	17425
34.866	n/a	0	1	17433
34.882	n/a	0	1	17441
34.9	n/a	0	1	17450
34.916	n/a	0	1	17458
34.932	n/a	0	1	17466
34.95	n/a	0	1	17475
34.966	n/a	0	1	17483
34.982	n/a	0	1	17491
35.0	n/a	0	1	17500
35.016	n/a	0	1	17508
35.032	n/a	0	1	17516
35.05	n/a	0	1	17525
35.066	n/a	0	1	17533
35.082	n/a	0	1	17541
35.1	n/a	0	1	17550
35.116	n/a	1	2	17558
35.132	n/a	1	2	17566
35.15	n/a	1	2	17575
35.166	n/a	1	2	17583
35.182	n/a	0	1	17591
35.2	n/a	0	1	17600
35.216	n/a	0	1	17608
35.232	n/a	0	1	17616
35.25	n/a	0	1	17625
35.266	n/a	0	1	17633
35.282	n/a	0	1	17641
35.3	n/a	0	1	17650
35.316	n/a	0	1	17658
35.332	n/a	0	1	17666
35.35	n/a	0	1	17675
35.366	n/a	0	1	17683
35.382	n/a	0	1	17691
35.4	n/a	0	1	17700
35.416	n/a	1	2	17708
35.432	n/a	1	2	17716
35.45	n/a	1	2	17725
35.466	n/a	1	2	17733
35.482	n/a	0	1	17741
35.5	n/a	0	1	17750
35.516	n/a	0	1	17758
35.532	n/a	0	1	17766
35.55	n/a	0	1	17775
35.566	n/a	0	1	17783
35.582	n/a	0	1	17791
35.6	n/a	0	1	17800
35.616	n/a	0	1	17808
35.632	n/a	0	1	17816
35.65	n/a	0	1	17825
35.666	n/a	0	1	17833
35.682	n/a	0	1	17841
35.7	n/a	1	2	17850
35.716	n/a	1	2	17858
35.732	n/a	1	2	17866
35.75	n/a	1	2	17875
35.766	n/a	0	1	17883
35.782	n/a	0	1	17891
35.8	n/a	0	1	17900
35.816	n/a	0	1	17908
35.832	n/a	0	1	17916
35.85	n/a	0	1	17925
35.866	n/a	0	1	17933
35.882	n/a	0	1	17941
35.9	n/a	0	1	17950
35.916	n/a	0	1	17958
35.932	n/a	0	1	17966
35.95	n/a	0	1	17975
35.966	n/a	0	1	17983
35.982	n/a	0	1	17991
36.0	n/a	0	1	18000
36.016	n/a	0	1	18008
36.032	n/a	1	2	18016
36.05	n/a	1	2	18025
36.066	n/a	1	2	18033
36.082	n/a	1	2	18041
36.1	n/a	0	1	18050
36.116	n/a	0	1	18058
36.132	n/a	0	1	18066
36.15	n/a	0	1	18075
36.166	n/a	0	1	18083
36.182	n/a	0	1	18091
36.2	n/a	0	1	18100
36.216	n/a	0	1	18108
36.232	n/a	0	1	18116
36.25	n/a	0	1	18125
36.266	n/a	0	1	18133
36.282	n/a	0	1	18141
38.7	n/a	0	1	19350
38.716	n/a	0	1	19358
38.732	n/a	0	1	19366
38.75	n/a	0	1	19375
38.766	n/a	0	1	19383
38.782	n/a	0	1	19391
38.8	n/a	0	1	19400
38.816	n/a	0	1	19408
38.832	n/a	0	1	19416
38.85	n/a	0	1	19425
38.866	n/a	0	1	19433
38.882	n/a	0	1	19441
38.9	n/a	0	1	19450
38.916	n/a	0	1	19458
38.932	n/a	0	1	19466
38.95	n/a	0	1	19475
38.966	n/a	0	1	19483
38.982	n/a	0	1	19491
39.0	n/a	0	1	19500
39.016	n/a	0	1	19508
39.032	n/a	0	1	19516
39.05	n/a	0	1	19525
39.066	n/a	0	1	19533
39.082	n/a	1	2	19541
39.1	n/a	1	2	19550
39.116	n/a	1	2	19558
39.132	n/a	1	2	19566
39.15	n/a	0	1	19575
39.166	n/a	0	1	19583
39.182	n/a	0	1	19591
39.2	n/a	0	1	19600
39.216	n/a	0	1	19608
39.232	n/a	0	1	19616
39.25	n/a	0	1	19625
39.266	n/a	0	1	19633
39.282	n/a	0	1	19641
39.3	n/a	0	1	19650
39.316	n/a	0	1	19658
39.332	n/a	0	1	19666
39.35	n/a	0	1	19675
39.366	n/a	0	1	19683
39.382	n/a	0	1	19691
39.4	n/a	0	1	19700
39.416	n/a	0	1	19708
39.432	n/a	0	1	19716
39.45	n/a	0	1	19725
39.466	n/a	1	2	19733
39.482	n/a	1	2	19741
39.5	n/a	1	2	19750
39.516	n/a	1	2	19758
39.532	n/a	0	1	19766
39.55	n/a	0	1	19775
39.566	n/a	0	1	19783
39.582	n/a	0	1	19791
39.6	n/a	0	1	19800
39.616	n/a	0	1	19808
39.632	n/a	0	1	19816
39.65	n/a	0	1	19825
39.666	n/a	0	1	19833
39.682	n/a	0	1	19841
39.7	n/a	0	1	19850
39.716	n/a	0	1	19858
39.732	n/a	0	1	19866
39.75	n/a	0	1	19875
39.766	n/a	1	2	19883
39.782	n/a	1	2	19891
39.8	n/a	1	2	19900
39.816	n/a	1	2	19908
39.832	n/a	0	1	19916
39.85	n/a	0	1	19925
39.866	n/a	0	1	19933
39.882	n/a	0	1	19941
39.9	n/a	0	1	19950
39.916	n/a	0	1	19958
39.932	n/a	0	1	19966
39.95	n/a	0	1	19975
39.966	n/a	0	1	19983
39.982	n/a	0	1	19991
40.0	n/a	0	1	20000
40.016	n/a	0	1	20008
40.032	n/a	0	1	20016
40.05	n/a	1	2	20025
40.066	n/a	1	2	20033
40.082	n/a	1	2	20041
40.1	n/a	1	2	20050
40.116	n/a	0	1	20058
40.132	n/a	0	1	20066
40.15	n/a	0	1	20075
40.166	n/a	0	1	20083
40.182	n/a	0	1	20091
40.2	n/a	0	1	20100
40.216	n/a	0	1	20108
40.232	n/a	0	1	20116
40.25	n/a	0	1	20125
40.266	n/a	0	1	20133
40.282	n/a	0	1	20141
40.3	n/a	0	1	20150
40.316	n/a	0	1	20158
40.332	n/a	0	1	20166
40.35	n/a	0	1	20175
40.366	n/a	0	1	20183
40.382	n/a	1	2	20191
40.4	n/a	1	2	20200
40.416	n/a	1	2	20208
40.432	n/a	1	2	20216
40.45	n/a	0	1	20225
40.466	n/a	0	1	20233
40.482	n/a	0	1	20241
40.5	n/a	0	1	20250
40.516	n/a	0	1	20258
40.532	n/a	0	1	20266
40.55	n/a	0	1	20275
40.566	n/a	0	1	20283
40.582	n/a	0	1	20291
40.6	n/a	0	1	20300
40.616	n/a	0	1	20308
40.632	n/a	0	1	20316
42.116	n/a	0	1	21058
42.132	n/a	0	1	21066
42.15	n/a	0	1	21075
42.166	n/a	0	1	21083
42.182	n/a	0	1	21091
42.2	n/a	0	1	21100
42.216	n/a	0	1	21108
42.232	n/a	0	1	21116
42.25	n/a	0	1	21125
42.266	n/a	0	1	21133
42.282	n/a	0	1	21141
42.3	n/a	0	1	21150
42.316	n/a	0	1	21158
42.332	n/a	0	1	21166
42.35	n/a	0	1	21175
42.366	n/a	1	2	21183
42.382	n/a	1	2	21191
42.4	n/a	1	2	21200
42.416	n/a	1	2	21208
42.432	n/a	0	1	21216
42.45	n/a	0	1	21225
42.466	n/a	0	1	21233
42.482	n/a	0	1	21241
42.5	n/a	0	1	21250
42.516	n/a	0	1	21258
42.532	n/a	0	1	21266
42.55	n/a	0	1	21275
42.566	n/a	0	1	21283
42.582	n/a	0	1	21291
42.6	n/a	0	1	21300
42.616	n/a	0	1	21308
42.632	n/a	0	1	21316
42.65	n/a	0	1	21325
42.666	n/a	0	1	21333
42.682	n/a	0	1	21341
42.7	n/a	0	1	21350
42.716	n/a	0	1	21358
42.732	n/a	0	1	21366
42.75	n/a	0	1	21375
42.766	n/a	0	1	21383
42.782	n/a	0	1	21391
42.8	n/a	1	2	21400
42.816	n/a	1	2	21408
42.832	n/a	1	2	21416
42.85	n/a	1	2	21425
42.866	n/a	0	1	21433
42.882	n/a	0	1	21441
42.9	n/a	0	1	21450
42.916	n/a	0	1	21458
42.932	n/a	0	1	21466
42.95	n/a	0	1	21475
42.966	n/a	0	1	21483
42.982	n/a	0	1	21491
43.0	n/a	0	1	21500
43.016	n/a	0	1	21508
43.032	n/a	0	1	21516
43.05	n/a	0	1	21525
43.066	n/a	0	1	21533
43.082	n/a	0	1	21541
43.1	n/a	0	1	21550
43.116	n/a	0	1	21558
43.132	n/a	0	1	21566
43.15	n/a	0	1	21575
43.166	n/a	0	1	21583
43.182	n/a	0	1	21591
43.2	n/a	0	1	21600
43.216	n/a	0	1	21608
43.232	n/a	0	1	21616
43.25	n/a	0	1	21625
43.266	n/a	1	2	21633
43.282	n/a	1	2	21641
43.3	n/a	1	2	21650
43.316	n/a	1	2	21658
43.332	n/a	0	1	21666
43.35	n/a	0	1	21675
43.366	n/a	0	1	21683
43.382	n/a	0	1	21691
43.4	n/a	0	1	21700
43.416	n/a	0	1	21708
43.432	n/a	0	1	21716
43.45	n/a	0	1	21725
43.466	n/a	0	1	21733
43.482	n/a	0	1	21741
43.5	n/a	0	1	21750
43.516	n/a	0	1	21758
43.532	n/a	0	1	21766
43.55	n/a	0	1	21775
43.566	n/a	1	2	21783
43.582	n/a	1	2	21791
43.6	n/a	1	2	21800
43.616	n/a	1	2	21808
43.632	n/a	0	1	21816
43.65	n/a	0	1	21825
43.666	n/a	0	1	21833
43.682	n/a	0	1	21841
43.7	n/a	0	1	21850
43.716	n/a	0	1	21858
43.732	n/a	0	1	21866
43.75	n/a	0	1	21875
43.766	n/a	0	1	21883
43.782	n/a	0	1	21891
43.8	n/a	0	1	21900
43.816	n/a	0	1	21908
43.832	n/a	0	1	21916
43.85	n/a	0	1	21925
43.866	n/a	0	1	21933
43.882	n/a	0	1	21941
43.9	n/a	0	1	21950
43.916	n/a	0	1	21958
43.932	n/a	0	1	21966
43.95	n/a	0	1	21975
43.966	n/a	0	1	21983
43.982	n/a	0	1	21991
44.0	n/a	1	2	22000
44.016	n/a	1	2	22008
44.032	n/a	1	2	22016
44.05	n/a	1	2	22025
45.532	n/a	0	1	22766
45.55	n/a	0	1	22775
45.566	n/a	0	1	22783
45.582	n/a	0	1	22791
45.6	n/a	0	1	22800
45.616	n/a	0	1	22808
45.632	n/a	0	1	22816
45.65	n/a	0	1	22825
45.666	n/a	0	1	22833
45.682	n/a	0	1	22841
45.7	n/a	0	1	22850
45.716	n/a	0	1	22858
45.732	n/a	0	1	22866
45.75	n/a	0	1	22875
45.766	n/a	0	1	22883
45.782	n/a	0	1	22891
45.8	n/a	0	1	22900
45.816	n/a	0	1	22908
45.832	n/a	1	2	22916
45.85	n/a	1	2	22925
45.866	n/a	1	2	22933
45.882	n/a	1	2	22941
45.9	n/a	0	1	22950
45.916	n/a	0	1	22958
45.932	n/a	0	1	22966
45.95	n/a	0	1	22975
45.966	n/a	0	1	22983
45.982	n/a	0	1	22991
46.0	n/a	0	1	23000
46.016	n/a	0	1	23008
46.032	n/a	0	1	23016
46.05	n/a	0	1	23025
46.066	n/a	0	1	23033
46.082	n/a	0	1	23041
46.1	n/a	0	1	23050
46.116	n/a	0	1	23058
46.132	n/a	0	1	23066
46.15	n/a	0	1	23075
46.166	n/a	0	1	23083
46.182	n/a	0	1	23091
46.2	n/a	0	1	23100
46.216	n/a	0	1	23108
46.232	n/a	1	2	23116
46.25	n/a	1	2	23125
46.266	n/a	1	2	23133
46.282	n/a	1	2	23141
46.3	n/a	0	1	23150
46.316	n/a	0	1	23158
46.332	n/a	0	1	23166
46.35	n/a	0	1	23175
46.366	n/a	0	1	23183
46.382	n/a	0	1	23191
46.4	n/a	0	1	23200
46.416	n/a	0	1	23208
46.432	n/a	0	1	23216
46.45	n/a	0	1	23225
46.466	n/a	0	1	23233
46.482	n/a	0	1	23241
46.5	n/a	0	1	23250
46.516	n/a	1	2	23258
46.532	n/a	1	2	23266
46.55	n/a	1	2	23275
46.566	n/a	1	2	23283
46.582	n/a	0	1	23291
46.6	n/a	0	1	23300
46.616	n/a	0	1	23308
46.632	n/a	0	1	23316
46.65	n/a	0	1	23325
46.666	n/a	0	1	23333
46.682	n/a	0	1	23341
46.7	n/a	0	1	23350
46.716	n/a	0	1	23358
46.732	n/a	0	1	23366
46.75	n/a	0	1	23375
46.766	n/a	0	1	23383
46.782	n/a	0	1	23391
46.8	n/a	0	1	23400
46.816	n/a	0	1	23408
46.832	n/a	0	1	23416
46.85	n/a	0	1	23425
46.866	n/a	0	1	23433
46.882	n/a	1	2	23441
46.9	n/a	1	2	23450
46.916	n/a	1	2	23458
46.932	n/a	1	2	23466
46.95	n/a	0	1	23475
46.966	n/a	0	1	23483
46.982	n/a	0	1	23491
47.0	n/a	0	1	23500
47.016	n/a	0	1	23508
47.032	n/a	0	1	23516
47.05	n/a	0	1	23525
47.066	n/a	0	1	23533
47.082	n/a	0	1	23541
47.1	n/a	0	1	23550
47.116	n/a	0	1	23558
47.132	n/a	0	1	23566
47.15	n/a	0	1	23575
47.166	n/a	0	1	23583
47.182	n/a	0	1	23591
47.2	n/a	0	1	23600
47.216	n/a	0	1	23608
47.232	n/a	0	1	23616
47.25	n/a	0	1	23625
47.266	n/a	0	1	23633
47.282	n/a	0	1	23641
47.3	n/a	0	1	23650
47.316	n/a	0	1	23658
47.332	n/a	0	1	23666
47.35	n/a	1	2	23675
47.366	n/a	1	2	23683
47.382	n/a	1	2	23691
47.4	n/a	1	2	23700
47.416	n/a	0	1	23708
47.432	n/a	0	1	23716
47.45	n/a	0	1	23725
47.466	n/a	0	1	23733
48.95	n/a	0	1	24475
48.966	n/a	1	2	24483
48.982	n/a	1	2	24491
49.0	n/a	1	2	24500
49.016	n/a	1	2	24508
49.032	n/a	0	1	24516
49.05	n/a	0	1	24525
49.066	n/a	0	1	24533
49.082	n/a	0	1	24541
49.1	n/a	0	1	24550
49.116	n/a	0	1	24558
49.132	n/a	0	1	24566
49.15	n/a	0	1	24575
49.166	n/a	0	1	24583
49.182	n/a	0	1	24591
49.2	n/a	0	1	24600
49.216	n/a	0	1	24608
49.232	n/a	0	1	24616
49.25	n/a	0	1	24625
49.266	n/a	0	1	24633
49.282	n/a	0	1	24641
49.3	n/a	0	1	24650
49.316	n/a	0	1	24658
49.332	n/a	0	1	24666
49.35	n/a	0	1	24675
49.366	n/a	0	1	24683
49.382	n/a	0	1	24691
49.4	n/a	0	1	24700
49.416	n/a	0	1	24708
49.432	n/a	0	1	24716
49.45	n/a	1	2	24725
49.466	n/a	1	2	24733
49.482	n/a	1	2	24741
49.5	n/a	1	2	24750
49.516	n/a	0	1	24758
49.532	n/a	0	1	24766
49.55	n/a	0	1	24775
49.566	n/a	0	1	24783
49.582	n/a	0	1	24791
49.6	n/a	0	1	24800
49.616	n/a	0	1	24808
49.632	n/a	0	1	24816
49.65	n/a	0	1	24825
49.666	n/a	0	1	24833
49.682	n/a	0	1	24841
49.7	n/a	0	1	24850
49.716	n/a	0	1	24858
49.732	n/a	0	1	24866
49.75	n/a	0	1	24875
49.766	n/a	0	1	24883
49.782	n/a	0	1	24891
49.8	n/a	0	1	24900
49.816	n/a	0	1	24908
49.832	n/a	0	1	24916
49.85	n/a	0	1	24925
49.866	n/a	0	1	24933
49.882	n/a	0	1	24941
49.9	n/a	0	1	24950
49.916	n/a	1	2	24958
49.932	n/a	1	2	24966
49.95	n/a	1	2	24975
49.966	n/a	1	2	24983
49.982	n/a	0	1	24991
50.0	n/a	0	1	25000
50.016	n/a	0	1	25008
50.032	n/a	0	1	25016
50.05	n/a	0	1	25025
50.066	n/a	0	1	25033
50.082	n/a	0	1	25041
50.1	n/a	0	1	25050
50.116	n/a	0	1	25058
50.132	n/a	0	1	25066
50.15	n/a	0	1	25075
50.166	n/a	0	1	25083
50.182	n/a	0	1	25091
50.2	n/a	0	1	25100
50.216	n/a	0	1	25108
50.232	n/a	0	1	25116
50.25	n/a	0	1	25125
50.266	n/a	0	1	25133
50.282	n/a	0	1	25141
50.3	n/a	0	1	25150
50.316	n/a	0	1	25158
50.332	n/a	1	2	25166
50.35	n/a	1	2	25175
50.366	n/a	1	2	25183
50.382	n/a	1	2	25191
50.4	n/a	0	1	25200
50.416	n/a	0	1	25208
50.432	n/a	0	1	25216
50.45	n/a	0	1	25225
50.466	n/a	0	1	25233
50.482	n/a	0	1	25241
50.5	n/a	0	1	25250
50.516	n/a	0	1	25258
50.532	n/a	0	1	25266
50.55	n/a	0	1	25275
50.566	n/a	0	1	25283
50.582	n/a	0	1	25291
50.6	n/a	0	1	25300
50.616	n/a	0	1	25308
50.632	n/a	0	1	25316
50.65	n/a	0	1	25325
50.666	n/a	0	1	25333
50.682	n/a	0	1	25341
50.7	n/a	0	1	25350
50.716	n/a	0	1	25358
50.732	n/a	0	1	25366
50.75	n/a	0	1	25375
50.766	n/a	1	2	25383
50.782	n/a	1	2	25391
50.8	n/a	1	2	25400
50.816	n/a	1	2	25408
50.832	n/a	0	1	25416
50.85	n/a	0	1	25425
50.866	n/a	0	1	25433
50.882	n/a	0	1	25441
52.382	n/a	0	1	26191
52.4	n/a	0	1	26200
52.416	n/a	0	1	26208
52.432	n/a	0	1	26216
52.45	n/a	0	1	26225
52.466	n/a	0	1	26233
52.482	n/a	0	1	26241
52.5	n/a	0	1	26250
52.516	n/a	0	1	26258
52.532	n/a	0	1	26266
52.55	n/a	0	1	26275
52.566	n/a	0	1	26283
52.582	n/a	0	1	26291
52.6	n/a	0	1	26300
52.616	n/a	0	1	26308
52.632	n/a	1	2	26316
52.65	n/a	1	2	26325
52.666	n/a	1	2	26333
52.682	n/a	1	2	26341
52.7	n/a	0	1	26350
52.716	n/a	0	1	26358
52.732	n/a	0	1	26366
52.75	n/a	0	1	26375
52.766	n/a	0	1	26383
52.782	n/a	0	1	26391
52.8	n/a	0	1	26400
52.816	n/a	0	1	26408
52.832	n/a	0	1	26416
52.85	n/a	0	1	26425
52.866	n/a	0	1	26433
52.882	n/a	0	1	26441
52.9	n/a	0	1	26450
52.916	n/a	0	1	26458
52.932	n/a	0	1	26466
52.95	n/a	0	1	26475
52.966	n/a	0	1	26483
52.982	n/a	0	1	26491
53.0	n/a	0	1	26500
53.016	n/a	0	1	26508
53.032	n/a	0	1	26516
53.05	n/a	0	1	26525
53.066	n/a	1	2	26533
53.082	n/a	1	2	26541
53.1	n/a	1	2	26550
53.116	n/a	1	2	26558
53.132	n/a	0	1	26566
53.15	n/a	0	1	26575
53.166	n/a	0	1	26583
53.182	n/a	0	1	26591
53.2	n/a	0	1	26600
53.216	n/a	0	1	26608
53.232	n/a	0	1	26616
53.25	n/a	0	1	26625
53.266	n/a	0	1	26633
53.282	n/a	0	1	26641
53.3	n/a	0	1	26650
53.316	n/a	0	1	26658
53.332	n/a	0	1	26666
53.35	n/a	0	1	26675
53.366	n/a	0	1	26683
53.382	n/a	0	1	26691
53.4	n/a	0	1	26700
53.416	n/a	0	1	26708
53.432	n/a	0	1	26716
53.45	n/a	0	1	26725
53.466	n/a	0	1	26733
53.482	n/a	0	1	26741
53.5	n/a	0	1	26750
53.516	n/a	0	1	26758
53.532	n/a	1	2	26766
53.55	n/a	1	2	26775
53.566	n/a	1	2	26783
53.582	n/a	1	2	26791
53.6	n/a	0	1	26800
53.616	n/a	0	1	26808
53.632	n/a	0	1	26816
53.65	n/a	0	1	26825
53.666	n/a	0	1	26833
53.682	n/a	0	1	26841
53.7	n/a	0	1	26850
53.716	n/a	0	1	26858
53.732	n/a	0	1	26866
53.75	n/a	0	1	26875
53.766	n/a	0	1	26883
53.782	n/a	0	1	26891
53.8	n/a	0	1	26900
53.816	n/a	0	1	26908
53.832	n/a	1	2	26916
53.85	n/a	1	2	26925
53.866	n/a	1	2	26933
53.882	n/a	1	2	26941
53.9	n/a	0	1	26950
53.916	n/a	0	1	26958
53.932	n/a	0	1	26966
53.95	n/a	0	1	26975
53.966	n/a	0	1	26983
53.982	n/a	0	1	26991
54.0	n/a	0	1	27000
54.016	n/a	0	1	27008
54.032	n/a	0	1	27016
54.05	n/a	0	1	27025
54.066	n/a	0	1	27033
54.082	n/a	0	1	27041
54.1	n/a	0	1	27050
54.116	n/a	0	1	27058
54.132	n/a	0	1	27066
54.15	n/a	0	1	27075
54.166	n/a	0	1	27083
54.182	n/a	0	1	27091
54.2	n/a	0	1	27100
54.216	n/a	0	1	27108
54.232	n/a	0	1	27116
54.25	n/a	0	1	27125
54.266	n/a	1	2	27133
54.282	n/a	1	2	27141
54.3	n/a	1	2	27150
54.316	n/a	1	2	27158
55.8	n/a	0	1	27900
55.816	n/a	1	2	27908
55.832	n/a	1	2	27916
55.85	n/a	1	2	27925
55.866	n/a	1	2	27933
55.882	n/a	0	1	27941
55.9	n/a	0	1	27950
55.916	n/a	0	1	27958
55.932	n/a	0	1	27966
55.95	n/a	0	1	27975
55.966	n/a	0	1	27983
55.982	n/a	0	1	27991
56.0	n/a	0	1	28000
56.016	n/a	0	1	28008
56.032	n/a	0	1	28016
56.05	n/a	0	1	28025
56.066	n/a	0	1	28033
56.082	n/a	0	1	28041
56.1	n/a	0	1	28050
56.116	n/a	0	1	28058
56.132	n/a	0	1	28066
56.15	n/a	0	1	28075
56.166	n/a	0	1	28083
56.182	n/a	0	1	28091
56.2	n/a	0	1	28100
56.216	n/a	0	1	28108
56.232	n/a	0	1	28116
56.25	n/a	0	1	28125
56.266	n/a	0	1	28133
56.282	n/a	0	1	28141
56.3	n/a	1	2	28150
56.316	n/a	1	2	28158
56.332	n/a	1	2	28166
56.35	n/a	1	2	28175
56.366	n/a	0	1	28183
56.382	n/a	0	1	28191
56.4	n/a	0	1	28200
56.416	n/a	0	1	28208
56.432	n/a	0	1	28216
56.45	n/a	0	1	28225
56.466	n/a	0	1	28233
56.482	n/a	0	1	28241
56.5	n/a	0	1	28250
56.516	n/a	0	1	28258
56.532	n/a	0	1	28266
56.55	n/a	0	1	28275
56.566	n/a	0	1	28283
56.582	n/a	0	1	28291
56.6	n/a	0	1	28300
56.616	n/a	0	1	28308
56.632	n/a	0	1	28316
56.65	n/a	0	1	28325
56.666	n/a	0	1	28333
56.682	n/a	0	1	28341
56.7	n/a	0	1	28350
56.716	n/a	0	1	28358
56.732	n/a	0	1	28366
56.75	n/a	0	1	28375
56.766	n/a	1	2	28383
56.782	n/a	1	2	28391
56.8	n/a	1	2	28400
56.816	n/a	1	2	28408
56.832	n/a	0	1	28416
56.85	n/a	0	1	28425
56.866	n/a	0	1	28433
56.882	n/a	0	1	28441
56.9	n/a	0	1	28450
56.916	n/a	0	1	28458
56.932	n/a	0	1	28466
56.95	n/a	0	1	28475
56.966	n/a	0	1	28483
56.982	n/a	0	1	28491
57.0	n/a	0	1	28500
57.016	n/a	0	1	28508
57.032	n/a	0	1	28516
57.05	n/a	0	1	28525
57.066	n/a	0	1	28533
57.082	n/a	0	1	28541
57.1	n/a	0	1	28550
57.116	n/a	0	1	28558
57.132	n/a	0	1	28566
57.15	n/a	0	1	28575
57.166	n/a	0	1	28583
57.182	n/a	1	2	28591
57.2	n/a	1	2	28600
57.216	n/a	1	2	28608
57.232	n/a	1	2	28616
57.25	n/a	0	1	28625
57.266	n/a	0	1	28633
57.282	n/a	0	1	28641
57.3	n/a	0	1	28650
57.316	n/a	0	1	28658
57.332	n/a	0	1	28666
57.35	n/a	0	1	28675
57.366	n/a	0	1	28683
57.382	n/a	0	1	28691
57.4	n/a	0	1	28700
57.416	n/a	0	1	28708
57.432	n/a	0	1	28716
57.45	n/a	0	1	28725
57.466	n/a	0	1	28733
57.482	n/a	0	1	28741
57.5	n/a	0	1	28750
57.516	n/a	0	1	28758
57.532	n/a	0	1	28766
57.55	n/a	0	1	28775
57.566	n/a	0	1	28783
57.582	n/a	0	1	28791
57.6	n/a	0	1	28800
57.616	n/a	1	2	28808
57.632	n/a	1	2	28816
57.65	n/a	1	2	28825
57.666	n/a	1	2	28833
57.682	n/a	0	1	28841
57.7	n/a	0	1	28850
57.716	n/a	0	1	28858
57.732	n/a	0	1	28866
59.216	n/a	0	1	29608
59.232	n/a	0	1	29616
59.25	n/a	0	1	29625
59.266	n/a	0	1	29633
59.282	n/a	0	1	29641
59.3	n/a	0	1	29650
59.316	n/a	0	1	29658
59.332	n/a	0	1	29666
59.35	n/a	0	1	29675
59.366	n/a	0	1	29683
59.382	n/a	0	1	29691
59.4	n/a	0	1	29700
59.416	n/a	0	1	29708
59.432	n/a	0	1	29716
59.45	n/a	0	1	29725
59.466	n/a	0	1	29733
59.482	n/a	0	1	29741
59.5	n/a	0	1	29750
59.516	n/a	0	1	29758
59.532	n/a	0	1	29766
59.55	n/a	0	1	29775
59.566	n/a	0	1	29783
59.582	n/a	0	1	29791
59.6	n/a	1	2	29800
59.616	n/a	1	2	29808
59.632	n/a	1	2	29816
59.65	n/a	1	2	29825
59.666	n/a	0	1	29833
59.682	n/a	0	1	29841
59.7	n/a	0	1	29850
59.716	n/a	0	1	29858
59.732	n/a	0	1	29866
59.75	n/a	0	1	29875
59.766	n/a	0	1	29883
59.782	n/a	0	1	29891
59.8	n/a	0	1	29900
59.816	n/a	0	1	29908
59.832	n/a	0	1	29916
59.85	n/a	0	1	29925
59.866	n/a	0	1	29933
59.882	n/a	0	1	29941
59.9	n/a	0	1	29950
59.916	n/a	0	1	29958
59.932	n/a	0	1	29966
59.95	n/a	0	1	29975
59.966	n/a	0	1	29983
59.982	n/a	1	2	29991
60.0	n/a	1	2	30000
60.016	n/a	1	2	30008
60.032	n/a	1	2	30016
60.05	n/a	0	1	30025
60.066	n/a	0	1	30033
60.082	n/a	0	1	30041
60.1	n/a	0	1	30050
60.116	n/a	0	1	30058
60.132	n/a	0	1	30066
60.15	n/a	0	1	30075
60.166	n/a	0	1	30083
60.182	n/a	0	1	30091
60.2	n/a	0	1	30100
60.216	n/a	0	1	30108
60.232	n/a	0	1	30116
60.25	n/a	0	1	30125
60.266	n/a	0	1	30133
60.282	n/a	1	2	30141
60.3	n/a	1	2	30150
60.316	n/a	1	2	30158
60.332	n/a	1	2	30166
60.35	n/a	0	1	30175
60.366	n/a	0	1	30183
60.382	n/a	0	1	30191
60.4	n/a	0	1	30200
60.416	n/a	0	1	30208
60.432	n/a	0	1	30216
60.45	n/a	0	1	30225
60.466	n/a	0	1	30233
60.482	n/a	0	1	30241
60.5	n/a	0	1	30250
60.516	n/a	0	1	30258
60.532	n/a	0	1	30266
60.55	n/a	0	1	30275
60.566	n/a	1	2	30283
60.582	n/a	1	2	30291
60.6	n/a	1	2	30300
60.616	n/a	1	2	30308
60.632	n/a	0	1	30316
60.65	n/a	0	1	30325
60.666	n/a	0	1	30333
60.682	n/a	0	1	30341
60.7	n/a	0	1	30350
60.716	n/a	0	1	30358
60.732	n/a	0	1	30366
60.75	n/a	0	1	30375
60.766	n/a	0	1	30383
60.782	n/a	0	1	30391
60.8	n/a	0	1	30400
60.816	n/a	0	1	30408
60.832	n/a	0	1	30416
60.85	n/a	0	1	30425
60.866	n/a	0	1	30433
60.882	n/a	0	1	30441
60.9	n/a	1	2	30450
60.916	n/a	1	2	30458
60.932	n/a	1	2	30466
60.95	n/a	1	2	30475
60.966	n/a	0	1	30483
60.982	n/a	0	1	30491
61.0	n/a	0	1	30500
61.016	n/a	0	1	30508
61.032	n/a	0	1	30516
61.05	n/a	0	1	30525
61.066	n/a	0	1	30533
61.082	n/a	0	1	30541
61.1	n/a	0	1	30550
61.116	n/a	0	1	30558
61.132	n/a	0	1	30566
61.15	n/a	0	1	30575
62.632	n/a	0	1	31316
62.65	n/a	0	1	31325
62.666	n/a	0	1	31333
62.682	n/a	0	1	31341
62.7	n/a	0	1	31350
62.716	n/a	0	1	31358
62.732	n/a	0	1	31366
62.75	n/a	0	1	31375
62.766	n/a	0	1	31383
62.782	n/a	0	1	31391
62.8	n/a	0	1	31400
62.816	n/a	0	1	31408
62.832	n/a	0	1	31416
62.85	n/a	0	1	31425
62.866	n/a	0	1	31433
62.882	n/a	0	1	31441
62.9	n/a	0	1	31450
62.916	n/a	0	1	31458
62.932	n/a	1	2	31466
62.95	n/a	1	2	31475
62.966	n/a	1	2	31483
62.982	n/a	1	2	31491
63.0	n/a	0	1	31500
63.016	n/a	0	1	31508
63.032	n/a	0	1	31516
63.05	n/a	0	1	31525
63.066	n/a	0	1	31533
63.082	n/a	0	1	31541
63.1	n/a	0	1	31550
63.116	n/a	0	1	31558
63.132	n/a	0	1	31566
63.15	n/a	0	1	31575
63.166	n/a	0	1	31583
63.182	n/a	0	1	31591
63.2	n/a	0	1	31600
63.216	n/a	0	1	31608
63.232	n/a	0	1	31616
63.25	n/a	0	1	31625
63.266	n/a	0	1	31633
63.282	n/a	0	1	31641
63.3	n/a	0	1	31650
63.316	n/a	0	1	31658
63.332	n/a	1	2	31666
63.35	n/a	1	2	31675
63.366	n/a	1	2	31683
63.382	n/a	1	2	31691
63.4	n/a	0	1	31700
63.416	n/a	0	1	31708
63.432	n/a	0	1	31716
63.45	n/a	0	1	31725
63.466	n/a	0	1	31733
63.482	n/a	0	1	31741
63.5	n/a	0	1	31750
63.516	n/a	0	1	31758
63.532	n/a	0	1	31766
63.55	n/a	0	1	31775
63.566	n/a	0	1	31783
63.582	n/a	0	1	31791
63.6	n/a	0	1	31800
63.616	n/a	1	2	31808
63.632	n/a	1	2	31816
63.65	n/a	1	2	31825
63.666	n/a	1	2	31833
63.682	n/a	0	1	31841
63.7	n/a	0	1	31850
63.716	n/a	0	1	31858
63.732	n/a	0	1	31866
63.75	n/a	0	1	31875
63.766	n/a	0	1	31883
63.782	n/a	0	1	31891
63.8	n/a	0	1	31900
63.816	n/a	0	1	31908
63.832	n/a	0	1	31916
63.85	n/a	0	1	31925
63.866	n/a	0	1	31933
63.882	n/a	0	1	31941
63.9	n/a	0	1	31950
63.916	n/a	0	1	31958
63.932	n/a	0	1	31966
63.95	n/a	0	1	31975
63.966	n/a	0	1	31983
63.982	n/a	1	2	31991
64.0	n/a	1	2	32000
64.016	n/a	1	2	32008
64.032	n/a	1	2	32016
64.05	n/a	0	1	32025
64.066	n/a	0	1	32033
64.082	n/a	0	1	32041
64.098	n/a	0	1	32049
64.116	n/a	0	1	32058
64.132	n/a	0	1	32066
64.15	n/a	0	1	32075
64.166	n/a	0	1	32083
64.182	n/a	0	1	32091
64.2	n/a	0	1	32100
64.216	n/a	0	1	32108
64.232	n/a	0	1	32116
64.25	n/a	0	1	32125
64.266	n/a	0	1	32133
64.282	n/a	0	1	32141
64.3	n/a	0	1	32150
64.316	n/a	0	1	32158
64.332	n/a	0	1	32166
64.348	n/a	0	1	32174
64.366	n/a	0	1	32183
64.382	n/a	0	1	32191
64.4	n/a	0	1	32200
64.416	n/a	0	1	32208
64.432	n/a	0	1	32216
64.45	n/a	1	2	32225
64.466	n/a	1	2	32233
64.482	n/a	1	2	32241
64.5	n/a	1	2	32250
64.516	n/a	0	1	32258
64.532	n/a	0	1	32266
64.55	n/a	0	1	32275
64.566	n/a	0	1	32283
67.282	n/a	0	1	33641
67.3	n/a	0	1	33650
67.316	n/a	0	1	33658
67.332	n/a	0	1	33666
67.35	n/a	0	1	33675
67.366	n/a	0	1	33683
67.382	n/a	0	1	33691
67.4	n/a	0	1	33700
67.416	n/a	0	1	33708
67.432	n/a	0	1	33716
67.45	n/a	0	1	33725
67.466	n/a	0	1	33733
67.482	n/a	0	1	33741
67.5	n/a	0	1	33750
67.516	n/a	0	1	33758
67.532	n/a	1	2	33766
67.55	n/a	1	2	33775
67.566	n/a	1	2	33783
67.582	n/a	1	2	33791
67.6	n/a	0	1	33800
67.616	n/a	0	1	33808
67.632	n/a	0	1	33816
67.65	n/a	0	1	33825
67.666	n/a	0	1	33833
67.682	n/a	0	1	33841
67.7	n/a	0	1	33850
67.716	n/a	0	1	33858
67.732	n/a	0	1	33866
67.75	n/a	0	1	33875
67.766	n/a	0	1	33883
67.782	n/a	0	1	33891
67.8	n/a	0	1	33900
67.816	n/a	0	1	33908
67.832	n/a	0	1	33916
67.85	n/a	0	1	33925
67.866	n/a	0	1	33933
67.882	n/a	0	1	33941
67.9	n/a	0	1	33950
67.916	n/a	0	1	33958
67.932	n/a	0	1	33966
67.95	n/a	0	1	33975
67.966	n/a	1	2	33983
67.982	n/a	1	2	33991
68.0	n/a	1	2	34000
68.016	n/a	1	2	34008
68.032	n/a	0	1	34016
68.05	n/a	0	1	34025
68.066	n/a	0	1	34033
68.082	n/a	0	1	34041
68.1	n/a	0	1	34050
68.116	n/a	0	1	34058
68.132	n/a	0	1	34066
68.15	n/a	0	1	34075
68.166	n/a	0	1	34083
68.182	n/a	0	1	34091
68.2	n/a	0	1	34100
68.216	n/a	0	1	34108
68.232	n/a	0	1	34116
68.25	n/a	0	1	34125
68.266	n/a	0	1	34133
68.282	n/a	0	1	34141
68.3	n/a	0	1	34150
68.316	n/a	0	1	34158
68.332	n/a	0	1	34166
68.35	n/a	0	1	34175
68.366	n/a	0	1	34183
68.382	n/a	0	1	34191
68.4	n/a	0	1	34200
68.416	n/a	0	1	34208
68.432	n/a	1	2	34216
68.45	n/a	1	2	34225
68.466	n/a	1	2	34233
68.482	n/a	1	2	34241
68.5	n/a	0	1	34250
68.516	n/a	0	1	34258
68.532	n/a	0	1	34266
68.55	n/a	0	1	34275
68.566	n/a	0	1	34283
68.582	n/a	0	1	34291
68.6	n/a	0	1	34300
68.616	n/a	0	1	34308
68.632	n/a	0	1	34316
68.65	n/a	0	1	34325
68.666	n/a	0	1	34333
68.682	n/a	0	1	34341
68.7	n/a	0	1	34350
68.716	n/a	0	1	34358
68.732	n/a	1	2	34366
68.75	n/a	1	2	34375
68.766	n/a	1	2	34383
68.782	n/a	1	2	34391
68.8	n/a	0	1	34400
68.816	n/a	0	1	34408
68.832	n/a	0	1	34416
68.85	n/a	0	1	34425
68.866	n/a	0	1	34433
68.882	n/a	0	1	34441
68.9	n/a	0	1	34450
68.916	n/a	0	1	34458
68.932	n/a	0	1	34466
68.95	n/a	0	1	34475
68.966	n/a	0	1	34483
68.982	n/a	0	1	34491
69.0	n/a	0	1	34500
69.016	n/a	0	1	34508
69.032	n/a	0	1	34516
69.05	n/a	0	1	34525
69.066	n/a	0	1	34533
69.082	n/a	0	1	34541
69.1	n/a	0	1	34550
69.116	n/a	0	1	34558
69.132	n/a	0	1	34566
69.15	n/a	0	1	34575
69.166	n/a	1	2	34583
69.182	n/a	1	2	34591
69.2	n/a	1	2	34600
69.216	n/a	1	2	34608
70.7	n/a	0	1	35350
70.716	n/a	0	1	35358
70.732	n/a	0	1	35366
70.75	n/a	0	1	35375
70.766	n/a	0	1	35383
70.782	n/a	0	1	35391
70.8	n/a	0	1	35400
70.816	n/a	0	1	35408
70.832	n/a	0	1	35416
70.85	n/a	0	1	35425
70.866	n/a	0	1	35433
70.882	n/a	0	1	35441
70.9	n/a	0	1	35450
70.916	n/a	0	1	35458
70.932	n/a	0	1	35466
70.95	n/a	0	1	35475
70.966	n/a	0	1	35483
70.982	n/a	0	1	35491
71.0	n/a	1	2	35500
71.016	n/a	1	2	35508
71.032	n/a	1	2	35516
71.05	n/a	1	2	35525
71.066	n/a	0	1	35533
71.082	n/a	0	1	35541
71.1	n/a	0	1	35550
71.116	n/a	0	1	35558
71.132	n/a	0	1	35566
71.15	n/a	0	1	35575
71.166	n/a	0	1	35583
71.182	n/a	0	1	35591
71.2	n/a	0	1	35600
71.216	n/a	0	1	35608
71.232	n/a	0	1	35616
71.25	n/a	0	1	35625
71.266	n/a	0	1	35633
71.282	n/a	0	1	35641
71.3	n/a	0	1	35650
71.316	n/a	0	1	35658
71.332	n/a	0	1	35666
71.35	n/a	0	1	35675
71.366	n/a	0	1	35683
71.382	n/a	0	1	35691
71.4	n/a	1	2	35700
71.416	n/a	1	2	35708
71.432	n/a	1	2	35716
71.45	n/a	1	2	35725
71.466	n/a	0	1	35733
71.482	n/a	0	1	35741
71.5	n/a	0	1	35750
71.516	n/a	0	1	35758
71.532	n/a	0	1	35766
71.55	n/a	0	1	35775
71.566	n/a	0	1	35783
71.582	n/a	0	1	35791
71.6	n/a	0	1	35800
71.616	n/a	0	1	35808
71.632	n/a	0	1	35816
71.65	n/a	0	1	35825
71.666	n/a	0	1	35833
71.682	n/a	1	2	35841
71.7	n/a	1	2	35850
71.716	n/a	1	2	35858
71.732	n/a	1	2	35866
71.75	n/a	0	1	35875
71.766	n/a	0	1	35883
71.782	n/a	0	1	35891
71.8	n/a	0	1	35900
71.816	n/a	0	1	35908
71.832	n/a	0	1	35916
71.85	n/a	0	1	35925
71.866	n/a	0	1	35933
71.882	n/a	0	1	35941
71.9	n/a	0	1	35950
71.916	n/a	0	1	35958
71.932	n/a	0	1	35966
71.95	n/a	0	1	35975
71.966	n/a	0	1	35983
71.982	n/a	0	1	35991
72.0	n/a	0	1	36000
72.016	n/a	0	1	36008
72.032	n/a	0	1	36016
72.05	n/a	1	2	36025
72.066	n/a	1	2	36033
72.082	n/a	1	2	36041
72.1	n/a	1	2	36050
72.116	n/a	0	1	36058
72.132	n/a	0	1	36066
72.15	n/a	0	1	36075
72.166	n/a	0	1	36083
72.182	n/a	0	1	36091
72.2	n/a	0	1	36100
72.216	n/a	0	1	36108
72.232	n/a	0	1	36116
72.25	n/a	0	1	36125
72.266	n/a	0	1	36133
72.282	n/a	0	1	36141
72.3	n/a	0	1	36150
72.316	n/a	0	1	36158
72.332	n/a	0	1	36166
72.35	n/a	0	1	36175
72.366	n/a	0	1	36183
72.382	n/a	0	1	36191
72.4	n/a	0	1	36200
72.416	n/a	0	1	36208
72.432	n/a	0	1	36216
72.45	n/a	0	1	36225
72.466	n/a	0	1	36233
72.482	n/a	0	1	36241
72.5	n/a	0	1	36250
72.516	n/a	1	2	36258
72.532	n/a	1	2	36266
72.55	n/a	1	2	36275
72.566	n/a	1	2	36283
72.582	n/a	0	1	36291
72.6	n/a	0	1	36300
72.616	n/a	0	1	36308
72.632	n/a	0	1	36316
74.116	n/a	0	1	37058
74.132	n/a	1	2	37066
74.15	n/a	1	2	37075
74.166	n/a	1	2	37083
74.182	n/a	1	2	37091
74.2	n/a	0	1	37100
74.216	n/a	0	1	37108
74.232	n/a	0	1	37116
74.25	n/a	0	1	37125
74.266	n/a	0	1	37133
74.282	n/a	0	1	37141
74.3	n/a	0	1	37150
74.316	n/a	0	1	37158
74.332	n/a	0	1	37166
74.35	n/a	0	1	37175
74.366	n/a	0	1	37183
74.382	n/a	0	1	37191
74.4	n/a	0	1	37200
74.416	n/a	0	1	37208
74.432	n/a	0	1	37216
74.45	n/a	0	1	37225
74.466	n/a	0	1	37233
74.482	n/a	0	1	37241
74.5	n/a	0	1	37250
74.516	n/a	0	1	37258
74.532	n/a	0	1	37266
74.55	n/a	0	1	37275
74.566	n/a	0	1	37283
74.582	n/a	0	1	37291
74.6	n/a	0	1	37300
74.616	n/a	1	2	37308
74.632	n/a	1	2	37316
74.65	n/a	1	2	37325
74.666	n/a	1	2	37333
74.682	n/a	0	1	37341
74.7	n/a	0	1	37350
74.716	n/a	0	1	37358
74.732	n/a	0	1	37366
74.75	n/a	0	1	37375
74.766	n/a	0	1	37383
74.782	n/a	0	1	37391
74.8	n/a	0	1	37400
74.816	n/a	0	1	37408
74.832	n/a	0	1	37416
74.85	n/a	0	1	37425
74.866	n/a	0	1	37433
74.882	n/a	0	1	37441
74.9	n/a	0	1	37450
74.916	n/a	0	1	37458
74.932	n/a	0	1	37466
74.95	n/a	0	1	37475
74.966	n/a	0	1	37483
74.982	n/a	0	1	37491
75.0	n/a	0	1	37500
75.016	n/a	0	1	37508
75.032	n/a	0	1	37516
75.05	n/a	0	1	37525
75.066	n/a	0	1	37533
75.082	n/a	1	2	37541
75.1	n/a	1	2	37550
75.116	n/a	1	2	37558
75.132	n/a	1	2	37566
75.15	n/a	0	1	37575
75.166	n/a	0	1	37583
75.182	n/a	0	1	37591
75.2	n/a	0	1	37600
75.216	n/a	0	1	37608
75.232	n/a	0	1	37616
75.25	n/a	0	1	37625
75.266	n/a	0	1	37633
75.282	n/a	0	1	37641
75.3	n/a	0	1	37650
75.316	n/a	0	1	37658
75.332	n/a	0	1	37666
75.35	n/a	0	1	37675
75.366	n/a	0	1	37683
75.382	n/a	0	1	37691
75.4	n/a	0	1	37700
75.416	n/a	0	1	37708
75.432	n/a	0	1	37716
75.45	n/a	0	1	37725
75.466	n/a	0	1	37733
75.482	n/a	0	1	37741
75.5	n/a	1	2	37750
75.516	n/a	1	2	37758
75.532	n/a	1	2	37766
75.55	n/a	1	2	37775
75.566	n/a	0	1	37783
75.582	n/a	0	1	37791
75.6	n/a	0	1	37800
75.616	n/a	0	1	37808
75.632	n/a	0	1	37816
75.65	n/a	0	1	37825
75.666	n/a	0	1	37833
75.682	n/a	0	1	37841
75.7	n/a	0	1	37850
75.716	n/a	0	1	37858
75.732	n/a	0	1	37866
75.75	n/a	0	1	37875
75.766	n/a	0	1	37883
75.782	n/a	0	1	37891
75.8	n/a	0	1	37900
75.816	n/a	0	1	37908
75.832	n/a	0	1	37916
75.85	n/a	0	1	37925
75.866	n/a	0	1	37933
75.882	n/a	0	1	37941
75.9	n/a	0	1	37950
75.916	n/a	0	1	37958
75.932	n/a	1	2	37966
75.95	n/a	1	2	37975
75.966	n/a	1	2	37983
75.982	n/a	1	2	37991
76.0	n/a	0	1	38000
76.016	n/a	0	1	38008
76.032	n/a	0	1	38016
76.05	n/a	0	1	38025
77.532	n/a	0	1	38766
77.55	n/a	0	1	38775
77.566	n/a	0	1	38783
77.582	n/a	0	1	38791
77.6	n/a	0	1	38800
77.616	n/a	0	1	38808
77.632	n/a	0	1	38816
77.65	n/a	0	1	38825
77.666	n/a	0	1	38833
77.682	n/a	0	1	38841
77.7	n/a	0	1	38850
77.716	n/a	0	1	38858
77.732	n/a	0	1	38866
77.75	n/a	0	1	38875
77.766	n/a	0	1	38883
77.782	n/a	0	1	38891
77.8	n/a	0	1	38900
77.816	n/a	0	1	38908
77.832	n/a	0	1	38916
77.85	n/a	0	1	38925
77.866	n/a	0	1	38933
77.882	n/a	0	1	38941
77.9	n/a	0	1	38950
77.916	n/a	1	2	38958
77.932	n/a	1	2	38966
77.95	n/a	1	2	38975
77.966	n/a	1	2	38983
77.982	n/a	0	1	38991
78.0	n/a	0	1	39000
78.016	n/a	0	1	39008
78.032	n/a	0	1	39016
78.05	n/a	0	1	39025
78.066	n/a	0	1	39033
78.082	n/a	0	1	39041
78.1	n/a	0	1	39050
78.116	n/a	0	1	39058
78.132	n/a	0	1	39066
78.15	n/a	0	1	39075
78.166	n/a	0	1	39083
78.182	n/a	0	1	39091
78.2	n/a	0	1	39100
78.216	n/a	0	1	39108
78.232	n/a	0	1	39116
78.25	n/a	0	1	39125
78.266	n/a	0	1	39133
78.282	n/a	0	1	39141
78.3	n/a	1	2	39150
78.316	n/a	1	2	39158
78.332	n/a	1	2	39166
78.35	n/a	1	2	39175
78.366	n/a	0	1	39183
78.382	n/a	0	1	39191
78.4	n/a	0	1	39200
78.416	n/a	0	1	39208
78.432	n/a	0	1	39216
78.45	n/a	0	1	39225
78.466	n/a	0	1	39233
78.482	n/a	0	1	39241
78.5	n/a	0	1	39250
78.516	n/a	0	1	39258
78.532	n/a	0	1	39266
78.55	n/a	0	1	39275
78.566	n/a	0	1	39283
78.582	n/a	0	1	39291
78.6	n/a	1	2	39300
78.616	n/a	1	2	39308
78.632	n/a	1	2	39316
78.65	n/a	1	2	39325
78.666	n/a	0	1	39333
78.682	n/a	0	1	39341
78.7	n/a	0	1	39350
78.716	n/a	0	1	39358
78.732	n/a	0	1	39366
78.75	n/a	0	1	39375
78.766	n/a	0	1	39383
78.782	n/a	0	1	39391
78.8	n/a	0	1	39400
78.816	n/a	0	1	39408
78.832	n/a	0	1	39416
78.85	n/a	0	1	39425
78.866	n/a	0	1	39433
78.882	n/a	1	2	39441
78.9	n/a	1	2	39450
78.916	n/a	1	2	39458
78.932	n/a	1	2	39466
78.95	n/a	0	1	39475
78.966	n/a	0	1	39483
78.982	n/a	0	1	39491
79.0	n/a	0	1	39500
79.016	n/a	0	1	39508
79.032	n/a	0	1	39516
79.05	n/a	0	1	39525
79.066	n/a	0	1	39533
79.082	n/a	0	1	39541
79.1	n/a	0	1	39550
79.116	n/a	0	1	39558
79.132	n/a	0	1	39566
79.15	n/a	0	1	39575
79.166	n/a	0	1	39583
79.182	n/a	0	1	39591
79.2	n/a	0	1	39600
79.216	n/a	1	2	39608
79.232	n/a	1	2	39616
79.25	n/a	1	2	39625
79.266	n/a	1	2	39633
79.282	n/a	0	1	39641
79.3	n/a	0	1	39650
79.316	n/a	0	1	39658
79.332	n/a	0	1	39666
79.35	n/a	0	1	39675
79.366	n/a	0	1	39683
79.382	n/a	0	1	39691
79.4	n/a	0	1	39700
79.416	n/a	0	1	39708
79.432	n/a	0	1	39716
79.45	n/a	0	1	39725
79.466	n/a	0	1	39733
82.2	n/a	0	1	41100
82.216	n/a	0	1	41108
82.232	n/a	0	1	41116
82.25	n/a	0	1	41125
82.266	n/a	0	1	41133
82.282	n/a	0	1	41141
82.3	n/a	0	1	41150
82.316	n/a	0	1	41158
82.332	n/a	0	1	41166
82.35	n/a	0	1	41175
82.366	n/a	0	1	41183
82.382	n/a	0	1	41191
82.4	n/a	0	1	41200
82.416	n/a	0	1	41208
82.432	n/a	0	1	41216
82.45	n/a	1	2	41225
82.466	n/a	1	2	41233
82.482	n/a	1	2	41241
82.5	n/a	1	2	41250
82.516	n/a	0	1	41258
82.532	n/a	0	1	41266
82.55	n/a	0	1	41275
82.566	n/a	0	1	41283
82.582	n/a	0	1	41291
82.6	n/a	0	1	41300
82.616	n/a	0	1	41308
82.632	n/a	0	1	41316
82.65	n/a	0	1	41325
82.666	n/a	0	1	41333
82.682	n/a	0	1	41341
82.7	n/a	0	1	41350
82.716	n/a	0	1	41358
82.732	n/a	0	1	41366
82.75	n/a	0	1	41375
82.766	n/a	0	1	41383
82.782	n/a	0	1	41391
82.8	n/a	0	1	41400
82.816	n/a	0	1	41408
82.832	n/a	0	1	41416
82.85	n/a	0	1	41425
82.866	n/a	0	1	41433
82.882	n/a	1	2	41441
82.9	n/a	1	2	41450
82.916	n/a	1	2	41458
82.932	n/a	1	2	41466
82.95	n/a	0	1	41475
82.966	n/a	0	1	41483
82.982	n/a	0	1	41491
83.0	n/a	0	1	41500
83.016	n/a	0	1	41508
83.032	n/a	0	1	41516
83.05	n/a	0	1	41525
83.066	n/a	0	1	41533
83.082	n/a	0	1	41541
83.1	n/a	0	1	41550
83.116	n/a	0	1	41558
83.132	n/a	0	1	41566
83.15	n/a	0	1	41575
83.166	n/a	0	1	41583
83.182	n/a	0	1	41591
83.2	n/a	0	1	41600
83.216	n/a	0	1	41608
83.232	n/a	0	1	41616
83.25	n/a	0	1	41625
83.266	n/a	0	1	41633
83.282	n/a	0	1	41641
83.3	n/a	0	1	41650
83.316	n/a	0	1	41658
83.332	n/a	0	1	41666
83.35	n/a	1	2	41675
83.366	n/a	1	2	41683
83.382	n/a	1	2	41691
83.4	n/a	1	2	41700
83.416	n/a	0	1	41708
83.432	n/a	0	1	41716
83.45	n/a	0	1	41725
83.466	n/a	0	1	41733
83.482	n/a	0	1	41741
83.5	n/a	0	1	41750
83.516	n/a	0	1	41758
83.532	n/a	0	1	41766
83.55	n/a	0	1	41775
83.566	n/a	0	1	41783
83.582	n/a	0	1	41791
83.6	n/a	0	1	41800
83.616	n/a	0	1	41808
83.632	n/a	0	1	41816
83.65	n/a	1	2	41825
83.666	n/a	1	2	41833
83.682	n/a	1	2	41841
83.7	n/a	1	2	41850
83.716	n/a	0	1	41858
83.732	n/a	0	1	41866
83.75	n/a	0	1	41875
83.766	n/a	0	1	41883
83.782	n/a	0	1	41891
83.8	n/a	0	1	41900
83.816	n/a	0	1	41908
83.832	n/a	0	1	41916
83.85	n/a	0	1	41925
83.866	n/a	0	1	41933
83.882	n/a	0	1	41941
83.9	n/a	0	1	41950
83.916	n/a	0	1	41958
83.932	n/a	0	1	41966
83.95	n/a	0	1	41975
83.966	n/a	0	1	41983
83.982	n/a	0	1	41991
84.0	n/a	0	1	42000
84.016	n/a	0	1	42008
84.032	n/a	0	1	42016
84.05	n/a	0	1	42025
84.066	n/a	0	1	42033
84.082	n/a	1	2	42041
84.1	n/a	1	2	42050
84.116	n/a	1	2	42058
84.132	n/a	1	2	42066
85.616	n/a	0	1	42808
85.632	n/a	1	2	42816
85.65	n/a	1	2	42825
85.666	n/a	1	2	42833
85.682	n/a	1	2	42841
85.7	n/a	0	1	42850
85.716	n/a	0	1	42858
85.732	n/a	0	1	42866
85.75	n/a	0	1	42875
85.766	n/a	0	1	42883
85.782	n/a	0	1	42891
85.8	n/a	0	1	42900
85.816	n/a	0	1	42908
85.832	n/a	0	1	42916
85.85	n/a	0	1	42925
85.866	n/a	0	1	42933
85.882	n/a	0	1	42941
85.9	n/a	0	1	42950
85.916	n/a	0	1	42958
85.932	n/a	0	1	42966
85.95	n/a	0	1	42975
85.966	n/a	0	1	42983
85.982	n/a	0	1	42991
86.0	n/a	0	1	43000
86.016	n/a	0	1	43008
86.032	n/a	0	1	43016
86.05	n/a	0	1	43025
86.066	n/a	0	1	43033
86.082	n/a	0	1	43041
86.1	n/a	0	1	43050
86.116	n/a	1	2	43058
86.132	n/a	1	2	43066
86.15	n/a	1	2	43075
86.166	n/a	1	2	43083
86.182	n/a	0	1	43091
86.2	n/a	0	1	43100
86.216	n/a	0	1	43108
86.232	n/a	0	1	43116
86.25	n/a	0	1	43125
86.266	n/a	0	1	43133
86.282	n/a	0	1	43141
86.3	n/a	0	1	43150
86.316	n/a	0	1	43158
86.332	n/a	0	1	43166
86.35	n/a	0	1	43175
86.366	n/a	0	1	43183
86.382	n/a	0	1	43191
86.4	n/a	0	1	43200
86.416	n/a	0	1	43208
86.432	n/a	0	1	43216
86.45	n/a	0	1	43225
86.466	n/a	0	1	43233
86.482	n/a	0	1	43241
86.5	n/a	0	1	43250
86.516	n/a	0	1	43258
86.532	n/a	0	1	43266
86.55	n/a	0	1	43275
86.566	n/a	0	1	43283
86.582	n/a	1	2	43291
86.6	n/a	1	2	43300
86.616	n/a	1	2	43308
86.632	n/a	1	2	43316
86.65	n/a	0	1	43325
86.666	n/a	0	1	43333
86.682	n/a	0	1	43341
86.7	n/a	0	1	43350
86.716	n/a	0	1	43358
86.732	n/a	0	1	43366
86.75	n/a	0	1	43375
86.766	n/a	0	1	43383
86.782	n/a	0	1	43391
86.8	n/a	0	1	43400
86.816	n/a	0	1	43408
86.832	n/a	0	1	43416
86.85	n/a	0	1	43425
86.866	n/a	0	1	43433
86.882	n/a	0	1	43441
86.9	n/a	0	1	43450
86.916	n/a	0	1	43458
86.932	n/a	0	1	43466
86.95	n/a	0	1	43475
86.966	n/a	0	1	43483
86.982	n/a	0	1	43491
87.0	n/a	1	2	43500
87.016	n/a	1	2	43508
87.032	n/a	1	2	43516
87.05	n/a	1	2	43525
87.066	n/a	0	1	43533
87.082	n/a	0	1	43541
87.1	n/a	0	1	43550
87.116	n/a	0	1	43558
87.132	n/a	0	1	43566
87.15	n/a	0	1	43575
87.166	n/a	0	1	43583
87.182	n/a	0	1	43591
87.2	n/a	0	1	43600
87.216	n/a	0	1	43608
87.232	n/a	0	1	43616
87.25	n/a	0	1	43625
87.266	n/a	0	1	43633
87.282	n/a	0	1	43641
87.3	n/a	0	1	43650
87.316	n/a	0	1	43658
87.332	n/a	0	1	43666
87.35	n/a	0	1	43675
87.366	n/a	0	1	43683
87.382	n/a	0	1	43691
87.4	n/a	0	1	43700
87.416	n/a	0	1	43708
87.432	n/a	1	2	43716
87.45	n/a	1	2	43725
87.466	n/a	1	2	43733
87.482	n/a	1	2	43741
87.5	n/a	0	1	43750
87.516	n/a	0	1	43758
87.532	n/a	0	1	43766
87.55	n/a	0	1	43775
89.032	n/a	0	1	44516
89.05	n/a	0	1	44525
89.066	n/a	0	1	44533
89.082	n/a	0	1	44541
89.1	n/a	0	1	44550
89.116	n/a	0	1	44558
89.132	n/a	0	1	44566
89.15	n/a	0	1	44575
89.166	n/a	0	1	44583
89.182	n/a	0	1	44591
89.2	n/a	0	1	44600
89.216	n/a	0	1	44608
89.232	n/a	0	1	44616
89.25	n/a	0	1	44625
89.266	n/a	0	1	44633
89.282	n/a	0	1	44641
89.3	n/a	0	1	44650
89.316	n/a	0	1	44658
89.332	n/a	0	1	44666
89.35	n/a	0	1	44675
89.366	n/a	0	1	44683
89.382	n/a	0	1	44691
89.4	n/a	0	1	44700
89.416	n/a	1	2	44708
89.432	n/a	1	2	44716
89.45	n/a	1	2	44725
89.466	n/a	1	2	44733
89.482	n/a	0	1	44741
89.5	n/a	0	1	44750
89.516	n/a	0	1	44758
89.532	n/a	0	1	44766
89.55	n/a	0	1	44775
89.566	n/a	0	1	44783
89.582	n/a	0	1	44791
89.6	n/a	0	1	44800
89.616	n/a	0	1	44808
89.632	n/a	0	1	44816
89.65	n/a	0	1	44825
89.666	n/a	0	1	44833
89.682	n/a	0	1	44841
89.7	n/a	0	1	44850
89.716	n/a	0	1	44858
89.732	n/a	0	1	44866
89.75	n/a	0	1	44875
89.766	n/a	0	1	44883
89.782	n/a	0	1	44891
89.8	n/a	1	2	44900
89.816	n/a	1	2	44908
89.832	n/a	1	2	44916
89.85	n/a	1	2	44925
89.866	n/a	0	1	44933
89.882	n/a	0	1	44941
89.9	n/a	0	1	44950
89.916	n/a	0	1	44958
89.932	n/a	0	1	44966
89.95	n/a	0	1	44975
89.966	n/a	0	1	44983
89.982	n/a	0	1	44991
90.0	n/a	0	1	45000
90.016	n/a	0	1	45008
90.032	n/a	0	1	45016
90.05	n/a	0	1	45025
90.066	n/a	0	1	45033
90.082	n/a	0	1	45041
90.1	n/a	1	2	45050
90.116	n/a	1	2	45058
90.132	n/a	1	2	45066
90.15	n/a	1	2	45075
90.166	n/a	0	1	45083
90.182	n/a	0	1	45091
90.2	n/a	0	1	45100
90.216	n/a	0	1	45108
90.232	n/a	0	1	45116
90.25	n/a	0	1	45125
90.266	n/a	0	1	45133
90.282	n/a	0	1	45141
90.3	n/a	0	1	45150
90.316	n/a	0	1	45158
90.332	n/a	0	1	45166
90.35	n/a	0	1	45175
90.366	n/a	0	1	45183
90.382	n/a	1	2	45191
90.4	n/a	1	2	45200
90.416	n/a	1	2	45208
90.432	n/a	1	2	45216
90.45	n/a	0	1	45225
90.466	n/a	0	1	45233
90.482	n/a	0	1	45241
90.5	n/a	0	1	45250
90.516	n/a	0	1	45258
90.532	n/a	0	1	45266
90.55	n/a	0	1	45275
90.566	n/a	0	1	45283
90.582	n/a	0	1	45291
90.6	n/a	0	1	45300
90.616	n/a	0	1	45308
90.632	n/a	0	1	45316
90.65	n/a	0	1	45325
90.666	n/a	0	1	45333
90.682	n/a	0	1	45341
90.7	n/a	0	1	45350
90.716	n/a	1	2	45358
90.732	n/a	1	2	45366
90.75	n/a	1	2	45375
90.766	n/a	1	2	45383
90.782	n/a	0	1	45391
90.8	n/a	0	1	45400
90.816	n/a	0	1	45408
90.832	n/a	0	1	45416
90.85	n/a	0	1	45425
90.866	n/a	0	1	45433
90.882	n/a	0	1	45441
90.9	n/a	0	1	45450
90.916	n/a	0	1	45458
90.932	n/a	0	1	45466
90.95	n/a	0	1	45475
90.966	n/a	0	1	45483
92.45	n/a	0	1	46225
92.466	n/a	0	1	46233
92.482	n/a	0	1	46241
92.5	n/a	0	1	46250
92.516	n/a	0	1	46258
92.532	n/a	0	1	46266
92.55	n/a	0	1	46275
92.566	n/a	0	1	46283
92.582	n/a	0	1	46291
92.6	n/a	0	1	46300
92.616	n/a	0	1	46308
92.632	n/a	0	1	46316
92.65	n/a	0	1	46325
92.666	n/a	0	1	46333
92.682	n/a	0	1	46341
92.7	n/a	0	1	46350
92.716	n/a	0	1	46358
92.732	n/a	0	1	46366
92.75	n/a	1	2	46375
92.766	n/a	1	2	46383
92.782	n/a	1	2	46391
92.8	n/a	1	2	46400
92.816	n/a	0	1	46408
92.832	n/a	0	1	46416
92.85	n/a	0	1	46425
92.866	n/a	0	1	46433
92.882	n/a	0	1	46441
92.9	n/a	0	1	46450
92.916	n/a	0	1	46458
92.932	n/a	0	1	46466
92.95	n/a	0	1	46475
92.966	n/a	0	1	46483
92.982	n/a	0	1	46491
93.0	n/a	0	1	46500
93.016	n/a	0	1	46508
93.032	n/a	0	1	46516
93.05	n/a	0	1	46525
93.066	n/a	0	1	46533
93.082	n/a	0	1	46541
93.1	n/a	0	1	46550
93.116	n/a	0	1	46558
93.132	n/a	0	1	46566
93.15	n/a	1	2	46575
93.166	n/a	1	2	46583
93.182	n/a	1	2	46591
93.2	n/a	1	2	46600
93.216	n/a	0	1	46608
93.232	n/a	0	1	46616
93.25	n/a	0	1	46625
93.266	n/a	0	1	46633
93.282	n/a	0	1	46641
93.3	n/a	0	1	46650
93.316	n/a	0	1	46658
93.332	n/a	0	1	46666
93.35	n/a	0	1	46675
93.366	n/a	0	1	46683
93.382	n/a	0	1	46691
93.4	n/a	0	1	46700
93.416	n/a	0	1	46708
93.432	n/a	1	2	46716
93.45	n/a	1	2	46725
93.466	n/a	1	2	46733
93.482	n/a	1	2	46741
93.5	n/a	0	1	46750
93.516	n/a	0	1	46758
93.532	n/a	0	1	46766
93.55	n/a	0	1	46775
93.566	n/a	0	1	46783
93.582	n/a	0	1	46791
93.6	n/a	0	1	46800
93.616	n/a	0	1	46808
93.632	n/a	0	1	46816
93.65	n/a	0	1	46825
93.666	n/a	0	1	46833
93.682	n/a	0	1	46841
93.7	n/a	0	1	46850
93.716	n/a	0	1	46858
93.732	n/a	0	1	46866
93.75	n/a	0	1	46875
93.766	n/a	0	1	46883
93.782	n/a	0	1	46891
93.8	n/a	1	2	46900
93.816	n/a	1	2	46908
93.832	n/a	1	2	46916
93.85	n/a	1	2	46925
93.866	n/a	0	1	46933
93.882	n/a	0	1	46941
93.9	n/a	0	1	46950
93.916	n/a	0	1	46958
93.932	n/a	0	1	46966
93.95	n/a	0	1	46975
93.966	n/a	0	1	46983
93.982	n/a	0	1	46991
94.0	n/a	0	1	47000
94.016	n/a	0	1	47008
94.032	n/a	0	1	47016
94.05	n/a	0	1	47025
94.066	n/a	0	1	47033
94.082	n/a	0	1	47041
94.1	n/a	0	1	47050
94.116	n/a	0	1	47058
94.132	n/a	0	1	47066
94.15	n/a	0	1	47075
94.166	n/a	0	1	47083
94.182	n/a	0	1	47091
94.2	n/a	0	1	47100
94.216	n/a	0	1	47108
94.232	n/a	0	1	47116
94.25	n/a	0	1	47125
94.266	n/a	1	2	47133
94.282	n/a	1	2	47141
94.3	n/a	1	2	47150
94.316	n/a	1	2	47158
94.332	n/a	0	1	47166
94.35	n/a	0	1	47175
94.366	n/a	0	1	47183
94.382	n/a	0	1	47191
97.232	n/a	0	1	48616
97.25	n/a	0	1	48625
97.266	n/a	0	1	48633
97.282	n/a	0	1	48641
97.3	n/a	0	1	48650
97.316	n/a	0	1	48658
97.332	n/a	0	1	48666
97.35	n/a	0	1	48675
97.366	n/a	0	1	48683
97.382	n/a	0	1	48691
97.4	n/a	0	1	48700
97.416	n/a	0	1	48708
97.432	n/a	0	1	48716
97.45	n/a	0	1	48725
97.466	n/a	0	1	48733
97.482	n/a	0	1	48741
97.5	n/a	0	1	48750
97.516	n/a	0	1	48758
97.532	n/a	1	2	48766
97.55	n/a	1	2	48775
97.566	n/a	1	2	48783
97.582	n/a	1	2	48791
97.6	n/a	0	1	48800
97.616	n/a	0	1	48808
97.632	n/a	0	1	48816
97.65	n/a	0	1	48825
97.666	n/a	0	1	48833
97.682	n/a	0	1	48841
97.7	n/a	0	1	48850
97.716	n/a	0	1	48858
97.732	n/a	0	1	48866
97.75	n/a	0	1	48875
97.766	n/a	0	1	48883
97.782	n/a	0	1	48891
97.8	n/a	0	1	48900
97.816	n/a	0	1	48908
97.832	n/a	0	1	48916
97.85	n/a	0	1	48925
97.866	n/a	0	1	48933
97.882	n/a	0	1	48941
97.9	n/a	0	1	48950
97.916	n/a	0	1	48958
97.932	n/a	1	2	48966
97.95	n/a	1	2	48975
97.966	n/a	1	2	48983
97.982	n/a	1	2	48991
98.0	n/a	0	1	49000
98.016	n/a	0	1	49008
98.032	n/a	0	1	49016
98.05	n/a	0	1	49025
98.066	n/a	0	1	49033
98.082	n/a	0	1	49041
98.1	n/a	0	1	49050
98.116	n/a	0	1	49058
98.132	n/a	0	1	49066
98.15	n/a	0	1	49075
98.166	n/a	0	1	49083
98.182	n/a	0	1	49091
98.2	n/a	0	1	49100
98.216	n/a	1	2	49108
98.232	n/a	1	2	49116
98.25	n/a	1	2	49125
98.266	n/a	1	2	49133
98.282	n/a	0	1	49141
98.3	n/a	0	1	49150
98.316	n/a	0	1	49158
98.332	n/a	0	1	49166
98.35	n/a	0	1	49175
98.366	n/a	0	1	49183
98.382	n/a	0	1	49191
98.4	n/a	0	1	49200
98.416	n/a	0	1	49208
98.432	n/a	0	1	49216
98.45	n/a	0	1	49225
98.466	n/a	0	1	49233
98.482	n/a	0	1	49241
98.5	n/a	0	1	49250
98.516	n/a	0	1	49258
98.532	n/a	0	1	49266
98.55	n/a	0	1	49275
98.566	n/a	0	1	49283
98.582	n/a	1	2	49291
98.6	n/a	1	2	49300
98.616	n/a	1	2	49308
98.632	n/a	1	2	49316
98.65	n/a	0	1	49325
98.666	n/a	0	1	49333
98.682	n/a	0	1	49341
98.7	n/a	0	1	49350
98.716	n/a	0	1	49358
98.732	n/a	0	1	49366
98.75	n/a	0	1	49375
98.766	n/a	0	1	49383
98.782	n/a	0	1	49391
98.8	n/a	0	1	49400
98.816	n/a	0	1	49408
98.832	n/a	0	1	49416
98.85	n/a	0	1	49425
98.866	n/a	0	1	49433
98.882	n/a	0	1	49441
98.9	n/a	0	1	49450
98.916	n/a	0	1	49458
98.932	n/a	0	1	49466
98.95	n/a	0	1	49475
98.966	n/a	0	1	49483
98.982	n/a	0	1	49491
99.0	n/a	0	1	49500
99.016	n/a	0	1	49508
99.032	n/a	0	1	49516
99.05	n/a	1	2	49525
99.066	n/a	1	2	49533
99.082	n/a	1	2	49541
99.1	n/a	1	2	49550
99.116	n/a	0	1	49558
99.132	n/a	0	1	49566
99.15	n/a	0	1	49575
99.166	n/a	0	1	49583
100.65	n/a	0	1	50325
100.666	n/a	0	1	50333
100.682	n/a	0	1	50341
100.7	n/a	0	1	50350
100.716	n/a	0	1	50358
100.732	n/a	0	1	50366
100.75	n/a	0	1	50375
100.766	n/a	0	1	50383
100.782	n/a	0	1	50391
100.8	n/a	0	1	50400
100.816	n/a	0	1	50408
100.832	n/a	0	1	50416
100.85	n/a	0	1	50425
100.866	n/a	0	1	50433
100.882	n/a	0	1	50441
100.9	n/a	0	1	50450
100.916	n/a	0	1	50458
100.932	n/a	0	1	50466
100.95	n/a	0	1	50475
100.966	n/a	0	1	50483
100.982	n/a	0	1	50491
101.0	n/a	0	1	50500
101.016	n/a	0	1	50508
101.032	n/a	1	2	50516
101.05	n/a	1	2	50525
101.066	n/a	1	2	50533
101.082	n/a	1	2	50541
101.1	n/a	0	1	50550
101.116	n/a	0	1	50558
101.132	n/a	0	1	50566
101.15	n/a	0	1	50575
101.166	n/a	0	1	50583
101.182	n/a	0	1	50591
101.2	n/a	0	1	50600
101.216	n/a	0	1	50608
101.232	n/a	0	1	50616
101.25	n/a	0	1	50625
101.266	n/a	0	1	50633
101.282	n/a	0	1	50641
101.3	n/a	0	1	50650
101.316	n/a	0	1	50658
101.332	n/a	0	1	50666
101.35	n/a	0	1	50675
101.366	n/a	0	1	50683
101.382	n/a	0	1	50691
101.4	n/a	0	1	50700
101.416	n/a	1	2	50708
101.432	n/a	1	2	50716
101.45	n/a	1	2	50725
101.466	n/a	1	2	50733
101.482	n/a	0	1	50741
101.5	n/a	0	1	50750
101.516	n/a	0	1	50758
101.532	n/a	0	1	50766
101.55	n/a	0	1	50775
101.566	n/a	0	1	50783
101.582	n/a	0	1	50791
101.6	n/a	0	1	50800
101.616	n/a	0	1	50808
101.632	n/a	0	1	50816
101.65	n/a	0	1	50825
101.666	n/a	0	1	50833
101.682	n/a	0	1	50841
101.7	n/a	0	1	50850
101.716	n/a	1	2	50858
101.732	n/a	1	2	50866
101.75	n/a	1	2	50875
101.766	n/a	1	2	50883
101.782	n/a	0	1	50891
101.8	n/a	0	1	50900
101.816	n/a	0	1	50908
101.832	n/a	0	1	50916
101.85	n/a	0	1	50925
101.866	n/a	0	1	50933
101.882	n/a	0	1	50941
101.9	n/a	0	1	50950
101.916	n/a	0	1	50958
101.932	n/a	0	1	50966
101.95	n/a	0	1	50975
101.966	n/a	0	1	50983
101.982	n/a	0	1	50991
102.0	n/a	1	2	51000
102.016	n/a	1	2	51008
102.032	n/a	1	2	51016
102.05	n/a	1	2	51025
102.066	n/a	0	1	51033
102.082	n/a	0	1	51041
102.1	n/a	0	1	51050
102.116	n/a	0	1	51058
102.132	n/a	0	1	51066
102.15	n/a	0	1	51075
102.166	n/a	0	1	51083
102.182	n/a	0	1	51091
102.2	n/a	0	1	51100
102.216	n/a	0	1	51108
102.232	n/a	0	1	51116
102.25	n/a	0	1	51125
102.266	n/a	0	1	51133
102.282	n/a	0	1	51141
102.3	n/a	0	1	51150
102.316	n/a	0	1	51158
102.332	n/a	1	2	51166
102.35	n/a	1	2	51175
102.366	n/a	1	2	51183
102.382	n/a	1	2	51191
102.4	n/a	0	1	51200
102.416	n/a	0	1	51208
102.432	n/a	0	1	51216
102.45	n/a	0	1	51225
102.466	n/a	0	1	51233
102.482	n/a	0	1	51241
102.5	n/a	0	1	51250
102.516	n/a	0	1	51258
102.532	n/a	0	1	51266
102.55	n/a	0	1	51275
102.566	n/a	0	1	51283
102.582	n/a	0	1	51291
104.066	n/a	0	1	52033
104.082	n/a	1	2	52041
104.1	n/a	1	2	52050
104.116	n/a	1	2	52058
104.132	n/a	1	2	52066
104.15	n/a	0	1	52075
104.166	n/a	0	1	52083
104.182	n/a	0	1	52091
104.2	n/a	0	1	52100
104.216	n/a	0	1	52108
104.232	n/a	0	1	52116
104.25	n/a	0	1	52125
104.266	n/a	0	1	52133
104.282	n/a	0	1	52141
104.3	n/a	0	1	52150
104.316	n/a	0	1	52158
104.332	n/a	0	1	52166
104.35	n/a	0	1	52175
104.366	n/a	0	1	52183
104.382	n/a	0	1	52191
104.4	n/a	0	1	52200
104.416	n/a	0	1	52208
104.432	n/a	0	1	52216
104.45	n/a	0	1	52225
104.466	n/a	0	1	52233
104.482	n/a	0	1	52241
104.5	n/a	0	1	52250
104.516	n/a	0	1	52258
104.532	n/a	0	1	52266
104.55	n/a	0	1	52275
104.566	n/a	1	2	52283
104.582	n/a	1	2	52291
104.6	n/a	1	2	52300
104.616	n/a	1	2	52308
104.632	n/a	0	1	52316
104.65	n/a	0	1	52325
104.666	n/a	0	1	52333
104.682	n/a	0	1	52341
104.7	n/a	0	1	52350
104.716	n/a	0	1	52358
104.732	n/a	0	1	52366
104.75	n/a	0	1	52375
104.766	n/a	0	1	52383
104.782	n/a	0	1	52391
104.8	n/a	0	1	52400
104.816	n/a	0	1	52408
104.832	n/a	0	1	52416
104.85	n/a	0	1	52425
104.866	n/a	0	1	52433
104.882	n/a	0	1	52441
104.9	n/a	0	1	52450
104.916	n/a	0	1	52458
104.932	n/a	0	1	52466
104.95	n/a	0	1	52475
104.966	n/a	0	1	52483
104.982	n/a	0	1	52491
105.0	n/a	0	1	52500
105.016	n/a	0	1	52508
105.032	n/a	1	2	52516
105.05	n/a	1	2	52525
105.066	n/a	1	2	52533
105.082	n/a	1	2	52541
105.1	n/a	0	1	52550
105.116	n/a	0	1	52558
105.132	n/a	0	1	52566
105.15	n/a	0	1	52575
105.166	n/a	0	1	52583
105.182	n/a	0	1	52591
105.2	n/a	0	1	52600
105.216	n/a	0	1	52608
105.232	n/a	0	1	52616
105.25	n/a	0	1	52625
105.266	n/a	0	1	52633
105.282	n/a	0	1	52641
105.3	n/a	0	1	52650
105.316	n/a	0	1	52658
105.332	n/a	0	1	52666
105.35	n/a	0	1	52675
105.366	n/a	0	1	52683
105.382	n/a	0	1	52691
105.4	n/a	0	1	52700
105.416	n/a	0	1	52708
105.432	n/a	0	1	52716
105.45	n/a	1	2	52725
105.466	n/a	1	2	52733
105.482	n/a	1	2	52741
105.5	n/a	1	2	52750
105.516	n/a	0	1	52758
105.532	n/a	0	1	52766
105.55	n/a	0	1	52775
105.566	n/a	0	1	52783
105.582	n/a	0	1	52791
105.6	n/a	0	1	52800
105.616	n/a	0	1	52808
105.632	n/a	0	1	52816
105.65	n/a	0	1	52825
105.666	n/a	0	1	52833
105.682	n/a	0	1	52841
105.7	n/a	0	1	52850
105.716	n/a	0	1	52858
105.732	n/a	0	1	52866
105.75	n/a	0	1	52875
105.766	n/a	0	1	52883
105.782	n/a	0	1	52891
105.8	n/a	0	1	52900
105.816	n/a	0	1	52908
105.832	n/a	0	1	52916
105.85	n/a	0	1	52925
105.866	n/a	0	1	52933
105.882	n/a	1	2	52941
105.9	n/a	1	2	52950
105.916	n/a	1	2	52958
105.932	n/a	1	2	52966
105.95	n/a	0	1	52975
105.966	n/a	0	1	52983
105.982	n/a	0	1	52991
106.0	n/a	0	1	53000
107.482	n/a	0	1	53741
107.5	n/a	0	1	53750
107.516	n/a	0	1	53758
107.532	n/a	0	1	53766
107.55	n/a	0	1	53775
107.566	n/a	0	1	53783
107.582	n/a	0	1	53791
107.6	n/a	0	1	53800
107.616	n/a	0	1	53808
107.632	n/a	0	1	53816
107.65	n/a	0	1	53825
107.666	n/a	0	1	53833
107.682	n/a	0	1	53841
107.7	n/a	0	1	53850
107.716	n/a	0	1	53858
107.732	n/a	1	2	53866
107.75	n/a	1	2	53875
107.766	n/a	1	2	53883
107.782	n/a	1	2	53891
107.8	n/a	0	1	53900
107.816	n/a	0	1	53908
107.832	n/a	0	1	53916
107.85	n/a	0	1	53925
107.866	n/a	0	1	53933
107.882	n/a	0	1	53941
107.9	n/a	0	1	53950
107.916	n/a	0	1	53958
107.932	n/a	0	1	53966
107.95	n/a	0	1	53975
107.966	n/a	0	1	53983
107.982	n/a	0	1	53991
108.0	n/a	0	1	54000
108.016	n/a	0	1	54008
108.032	n/a	0	1	54016
108.05	n/a	0	1	54025
108.066	n/a	0	1	54033
108.082	n/a	0	1	54041
108.1	n/a	0	1	54050
108.116	n/a	0	1	54058
108.132	n/a	0	1	54066
108.15	n/a	0	1	54075
108.166	n/a	1	2	54083
108.182	n/a	1	2	54091
108.2	n/a	1	2	54100
108.216	n/a	1	2	54108
108.232	n/a	0	1	54116
108.25	n/a	0	1	54125
108.266	n/a	0	1	54133
108.282	n/a	0	1	54141
108.3	n/a	0	1	54150
108.316	n/a	0	1	54158
108.332	n/a	0	1	54166
108.35	n/a	0	1	54175
108.366	n/a	0	1	54183
108.382	n/a	0	1	54191
108.4	n/a	0	1	54200
108.416	n/a	0	1	54208
108.432	n/a	0	1	54216
108.45	n/a	0	1	54225
108.466	n/a	0	1	54233
108.482	n/a	0	1	54241
108.5	n/a	0	1	54250
108.516	n/a	0	1	54258
108.532	n/a	0	1	54266
108.55	n/a	0	1	54275
108.566	n/a	0	1	54283
108.582	n/a	0	1	54291
108.6	n/a	0	1	54300
108.616	n/a	0	1	54308
108.632	n/a	1	2	54316
108.65	n/a	1	2	54325
108.666	n/a	1	2	54333
108.682	n/a	1	2	54341
108.7	n/a	0	1	54350
108.716	n/a	0	1	54358
108.732	n/a	0	1	54366
108.75	n/a	0	1	54375
108.766	n/a	0	1	54383
108.782	n/a	0	1	54391
108.8	n/a	0	1	54400
108.816	n/a	0	1	54408
108.832	n/a	0	1	54416
108.85	n/a	0	1	54425
108.866	n/a	0	1	54433
108.882	n/a	0	1	54441
108.9	n/a	0	1	54450
108.916	n/a	0	1	54458
108.932	n/a	1	2	54466
108.95	n/a	1	2	54475
108.966	n/a	1	2	54483
108.982	n/a	1	2	54491
109.0	n/a	0	1	54500
109.016	n/a	0	1	54508
109.032	n/a	0	1	54516
109.05	n/a	0	1	54525
109.066	n/a	0	1	54533
109.082	n/a	0	1	54541
109.1	n/a	0	1	54550
109.116	n/a	0	1	54558
109.132	n/a	0	1	54566
109.15	n/a	0	1	54575
109.166	n/a	0	1	54583
109.182	n/a	0	1	54591
109.2	n/a	0	1	54600
109.216	n/a	0	1	54608
109.232	n/a	0	1	54616
109.25	n/a	0	1	54625
109.266	n/a	0	1	54633
109.282	n/a	0	1	54641
109.3	n/a	0	1	54650
109.316	n/a	0	1	54658
109.332	n/a	0	1	54666
109.35	n/a	0	1	54675
109.366	n/a	1	2	54683
109.382	n/a	1	2	54691
109.4	n/a	1	2	54700
109.416	n/a	1	2	54708
111.916	n/a	0	1	55958
111.932	n/a	0	1	55966
111.95	n/a	0	1	55975
111.966	n/a	0	1	55983
111.982	n/a	0	1	55991
112.0	n/a	0	1	56000
112.016	n/a	0	1	56008
112.032	n/a	0	1	56016
112.05	n/a	0	1	56025
112.066	n/a	0	1	56033
112.082	n/a	0	1	56041
112.1	n/a	0	1	56050
112.116	n/a	0	1	56058
112.132	n/a	0	1	56066
112.15	n/a	0	1	56075
112.166	n/a	1	2	56083
112.182	n/a	1	2	56091
112.2	n/a	1	2	56100
112.216	n/a	1	2	56108
112.232	n/a	0	1	56116
112.25	n/a	0	1	56125
112.266	n/a	0	1	56133
112.282	n/a	0	1	56141
112.3	n/a	0	1	56150
112.316	n/a	0	1	56158
112.332	n/a	0	1	56166
112.35	n/a	0	1	56175
112.366	n/a	0	1	56183
112.382	n/a	0	1	56191
112.4	n/a	0	1	56200
112.416	n/a	0	1	56208
112.432	n/a	0	1	56216
112.45	n/a	0	1	56225
112.466	n/a	0	1	56233
112.482	n/a	0	1	56241
112.5	n/a	0	1	56250
112.516	n/a	0	1	56258
112.532	n/a	0	1	56266
112.55	n/a	0	1	56275
112.566	n/a	0	1	56283
112.582	n/a	0	1	56291
112.6	n/a	1	2	56300
112.616	n/a	1	2	56308
112.632	n/a	1	2	56316
112.65	n/a	1	2	56325
112.666	n/a	0	1	56333
112.682	n/a	0	1	56341
112.7	n/a	0	1	56350
112.716	n/a	0	1	56358
112.732	n/a	0	1	56366
112.75	n/a	0	1	56375
112.766	n/a	0	1	56383
112.782	n/a	0	1	56391
112.8	n/a	0	1	56400
112.816	n/a	0	1	56408
112.832	n/a	0	1	56416
112.85	n/a	0	1	56425
112.866	n/a	0	1	56433
112.882	n/a	0	1	56441
112.9	n/a	0	1	56450
112.916	n/a	0	1	56458
112.932	n/a	0	1	56466
112.95	n/a	0	1	56475
112.966	n/a	0	1	56483
112.982	n/a	0	1	56491
113.0	n/a	0	1	56500
113.016	n/a	0	1	56508
113.032	n/a	0	1	56516
113.05	n/a	0	1	56525
113.066	n/a	1	2	56533
113.082	n/a	1	2	56541
113.1	n/a	1	2	56550
113.116	n/a	1	2	56558
113.132	n/a	0	1	56566
113.15	n/a	0	1	56575
113.166	n/a	0	1	56583
113.182	n/a	0	1	56591
113.2	n/a	0	1	56600
113.216	n/a	0	1	56608
113.232	n/a	0	1	56616
113.25	n/a	0	1	56625
113.266	n/a	0	1	56633
113.282	n/a	0	1	56641
113.3	n/a	0	1	56650
113.316	n/a	0	1	56658
113.332	n/a	0	1	56666
113.35	n/a	0	1	56675
113.366	n/a	1	2	56683
113.382	n/a	1	2	56691
113.4	n/a	1	2	56700
113.416	n/a	1	2	56708
113.432	n/a	0	1	56716
113.45	n/a	0	1	56725
113.466	n/a	0	1	56733
113.482	n/a	0	1	56741
113.5	n/a	0	1	56750
113.516	n/a	0	1	56758
113.532	n/a	0	1	56766
113.55	n/a	0	1	56775
113.566	n/a	0	1	56783
113.582	n/a	0	1	56791
113.6	n/a	0	1	56800
113.616	n/a	0	1	56808
113.632	n/a	0	1	56816
113.65	n/a	0	1	56825
113.666	n/a	0	1	56833
113.682	n/a	0	1	56841
113.7	n/a	0	1	56850
113.716	n/a	0	1	56858
113.732	n/a	0	1	56866
113.75	n/a	0	1	56875
113.766	n/a	0	1	56883
113.782	n/a	0	1	56891
113.8	n/a	1	2	56900
113.816	n/a	1	2	56908
113.832	n/a	1	2	56916
113.85	n/a	1	2	56925
115.332	n/a	0	1	57666
115.35	n/a	0	1	57675
115.366	n/a	0	1	57683
115.382	n/a	0	1	57691
115.4	n/a	0	1	57700
115.416	n/a	0	1	57708
115.432	n/a	0	1	57716
115.45	n/a	0	1	57725
115.466	n/a	0	1	57733
115.482	n/a	0	1	57741
115.5	n/a	0	1	57750
115.516	n/a	0	1	57758
115.532	n/a	0	1	57766
115.55	n/a	0	1	57775
115.566	n/a	0	1	57783
115.582	n/a	0	1	57791
115.6	n/a	0	1	57800
115.616	n/a	0	1	57808
115.632	n/a	1	2	57816
115.65	n/a	1	2	57825
115.666	n/a	1	2	57833
115.682	n/a	1	2	57841
115.7	n/a	0	1	57850
115.716	n/a	0	1	57858
115.732	n/a	0	1	57866
115.75	n/a	0	1	57875
115.766	n/a	0	1	57883
115.782	n/a	0	1	57891
115.8	n/a	0	1	57900
115.816	n/a	0	1	57908
115.832	n/a	0	1	57916
115.85	n/a	0	1	57925
115.866	n/a	0	1	57933
115.882	n/a	0	1	57941
115.9	n/a	0	1	57950
115.916	n/a	0	1	57958
115.932	n/a	0	1	57966
115.95	n/a	0	1	57975
115.966	n/a	0	1	57983
115.982	n/a	0	1	57991
116.0	n/a	0	1	58000
116.016	n/a	0	1	58008
116.032	n/a	1	2	58016
116.05	n/a	1	2	58025
116.066	n/a	1	2	58033
116.082	n/a	1	2	58041
116.1	n/a	0	1	58050
116.116	n/a	0	1	58058
116.132	n/a	0	1	58066
116.15	n/a	0	1	58075
116.166	n/a	0	1	58083
116.182	n/a	0	1	58091
116.2	n/a	0	1	58100
116.216	n/a	0	1	58108
116.232	n/a	0	1	58116
116.25	n/a	0	1	58125
116.266	n/a	0	1	58133
116.282	n/a	0	1	58141
116.3	n/a	0	1	58150
116.316	n/a	1	2	58158
116.332	n/a	1	2	58166
116.35	n/a	1	2	58175
116.366	n/a	1	2	58183
116.382	n/a	0	1	58191
116.4	n/a	0	1	58200
116.416	n/a	0	1	58208
116.432	n/a	0	1	58216
116.45	n/a	0	1	58225
116.466	n/a	0	1	58233
116.482	n/a	0	1	58241
116.5	n/a	0	1	58250
116.516	n/a	0	1	58258
116.532	n/a	0	1	58266
116.55	n/a	0	1	58275
116.566	n/a	0	1	58283
116.582	n/a	0	1	58291
116.6	n/a	0	1	58300
116.616	n/a	0	1	58308
116.632	n/a	0	1	58316
116.65	n/a	0	1	58325
116.666	n/a	0	1	58333
116.682	n/a	1	2	58341
116.7	n/a	1	2	58350
116.716	n/a	1	2	58358
116.732	n/a	1	2	58366
116.75	n/a	0	1	58375
116.766	n/a	0	1	58383
116.782	n/a	0	1	58391
116.8	n/a	0	1	58400
116.816	n/a	0	1	58408
116.832	n/a	0	1	58416
116.85	n/a	0	1	58425
116.866	n/a	0	1	58433
116.882	n/a	0	1	58441
116.9	n/a	0	1	58450
116.916	n/a	0	1	58458
116.932	n/a	0	1	58466
116.95	n/a	0	1	58475
116.966	n/a	0	1	58483
116.982	n/a	0	1	58491
117.0	n/a	0	1	58500
117.016	n/a	0	1	58508
117.032	n/a	0	1	58516
117.05	n/a	0	1	58525
117.066	n/a	0	1	58533
117.082	n/a	0	1	58541
117.1	n/a	0	1	58550
117.116	n/a	0	1	58558
117.132	n/a	0	1	58566
117.15	n/a	1	2	58575
117.166	n/a	1	2	58583
117.182	n/a	1	2	58591
117.2	n/a	1	2	58600
117.216	n/a	0	1	58608
117.232	n/a	0	1	58616
117.25	n/a	0	1	58625
117.266	n/a	0	1	58633
118.75	n/a	0	1	59375
118.766	n/a	1	2	59383
118.782	n/a	1	2	59391
118.8	n/a	1	2	59400
118.816	n/a	1	2	59408
118.832	n/a	0	1	59416
118.85	n/a	0	1	59425
118.866	n/a	0	1	59433
118.882	n/a	0	1	59441
118.9	n/a	0	1	59450
118.916	n/a	0	1	59458
118.932	n/a	0	1	59466
118.95	n/a	0	1	59475
118.966	n/a	0	1	59483
118.982	n/a	0	1	59491
119.0	n/a	0	1	59500
119.016	n/a	0	1	59508
119.032	n/a	0	1	59516
119.05	n/a	0	1	59525
119.066	n/a	0	1	59533
119.082	n/a	0	1	59541
119.1	n/a	0	1	59550
119.116	n/a	0	1	59558
119.132	n/a	0	1	59566
119.15	n/a	0	1	59575
119.166	n/a	0	1	59583
119.182	n/a	0	1	59591
119.2	n/a	0	1	59600
119.216	n/a	0	1	59608
119.232	n/a	0	1	59616
119.25	n/a	1	2	59625
119.266	n/a	1	2	59633
119.282	n/a	1	2	59641
119.3	n/a	1	2	59650
119.316	n/a	0	1	59658
119.332	n/a	0	1	59666
119.35	n/a	0	1	59675
119.366	n/a	0	1	59683
119.382	n/a	0	1	59691
119.4	n/a	0	1	59700
119.416	n/a	0	1	59708
119.432	n/a	0	1	59716
119.45	n/a	0	1	59725
119.466	n/a	0	1	59733
119.482	n/a	0	1	59741
119.5	n/a	0	1	59750
119.516	n/a	0	1	59758
119.532	n/a	0	1	59766
119.55	n/a	0	1	59775
119.566	n/a	0	1	59783
119.582	n/a	0	1	59791
119.6	n/a	0	1	59800
119.616	n/a	0	1	59808
119.632	n/a	0	1	59816
119.65	n/a	0	1	59825
119.666	n/a	0	1	59833
119.682	n/a	0	1	59841
119.7	n/a	0	1	59850
119.716	n/a	1	2	59858
119.732	n/a	1	2	59866
119.75	n/a	1	2	59875
119.766	n/a	1	2	59883
119.782	n/a	0	1	59891
119.8	n/a	0	1	59900
119.816	n/a	0	1	59908
119.832	n/a	0	1	59916
119.85	n/a	0	1	59925
119.866	n/a	0	1	59933
119.882	n/a	0	1	59941
119.9	n/a	0	1	59950
119.916	n/a	0	1	59958
119.932	n/a	0	1	59966
119.95	n/a	0	1	59975
119.966	n/a	0	1	59983
119.982	n/a	0	1	59991
120.0	n/a	0	1	60000
120.016	n/a	0	1	60008
120.032	n/a	0	1	60016
120.05	n/a	0	1	60025
120.066	n/a	0	1	60033
120.082	n/a	0	1	60041
120.1	n/a	0	1	60050
120.116	n/a	0	1	60058
120.132	n/a	1	2	60066
120.15	n/a	1	2	60075
120.166	n/a	1	2	60083
120.182	n/a	1	2	60091
120.2	n/a	0	1	60100
120.216	n/a	0	1	60108
120.232	n/a	0	1	60116
120.25	n/a	0	1	60125
120.266	n/a	0	1	60133
120.282	n/a	0	1	60141
120.3	n/a	0	1	60150
120.316	n/a	0	1	60158
120.332	n/a	0	1	60166
120.35	n/a	0	1	60175
120.366	n/a	0	1	60183
120.382	n/a	0	1	60191
120.4	n/a	0	1	60200
120.416	n/a	0	1	60208
120.432	n/a	0	1	60216
120.45	n/a	0	1	60225
120.466	n/a	0	1	60233
120.482	n/a	0	1	60241
120.5	n/a	0	1	60250
120.516	n/a	0	1	60258
120.532	n/a	0	1	60266
120.55	n/a	0	1	60275
120.566	n/a	1	2	60283
120.582	n/a	1	2	60291
120.6	n/a	1	2	60300
120.616	n/a	1	2	60308
120.632	n/a	0	1	60316
120.65	n/a	0	1	60325
120.666	n/a	0	1	60333
120.682	n/a	0	1	60341
122.166	n/a	0	1	61083
122.182	n/a	0	1	61091
122.2	n/a	0	1	61100
122.216	n/a	0	1	61108
122.232	n/a	0	1	61116
122.25	n/a	0	1	61125
122.266	n/a	0	1	61133
122.282	n/a	0	1	61141
122.3	n/a	0	1	61150
122.316	n/a	0	1	61158
122.332	n/a	0	1	61166
122.35	n/a	0	1	61175
122.366	n/a	0	1	61183
122.382	n/a	0	1	61191
122.4	n/a	0	1	61200
122.416	n/a	0	1	61208
122.432	n/a	0	1	61216
122.45	n/a	0	1	61225
122.466	n/a	0	1	61233
122.482	n/a	0	1	61241
122.5	n/a	0	1	61250
122.516	n/a	0	1	61258
122.532	n/a	0	1	61266
122.55	n/a	1	2	61275
122.566	n/a	1	2	61283
122.582	n/a	1	2	61291
122.6	n/a	1	2	61300
122.616	n/a	0	1	61308
122.632	n/a	0	1	61316
122.65	n/a	0	1	61325
122.666	n/a	0	1	61333
122.682	n/a	0	1	61341
122.7	n/a	0	1	61350
122.716	n/a	0	1	61358
122.732	n/a	0	1	61366
122.75	n/a	0	1	61375
122.766	n/a	0	1	61383
122.782	n/a	0	1	61391
122.8	n/a	0	1	61400
122.816	n/a	0	1	61408
122.832	n/a	0	1	61416
122.85	n/a	0	1	61425
122.866	n/a	0	1	61433
122.882	n/a	0	1	61441
122.9	n/a	0	1	61450
122.916	n/a	0	1	61458
122.932	n/a	1	2	61466
122.95	n/a	1	2	61475
122.966	n/a	1	2	61483
122.982	n/a	1	2	61491
123.0	n/a	0	1	61500
123.016	n/a	0	1	61508
123.032	n/a	0	1	61516
123.05	n/a	0	1	61525
123.066	n/a	0	1	61533
123.082	n/a	0	1	61541
123.1	n/a	0	1	61550
123.116	n/a	0	1	61558
123.132	n/a	0	1	61566
123.15	n/a	0	1	61575
123.166	n/a	0	1	61583
123.182	n/a	0	1	61591
123.2	n/a	0	1	61600
123.216	n/a	0	1	61608
123.232	n/a	1	2	61616
123.25	n/a	1	2	61625
123.266	n/a	1	2	61633
123.282	n/a	1	2	61641
123.3	n/a	0	1	61650
123.316	n/a	0	1	61658
123.332	n/a	0	1	61666
123.35	n/a	0	1	61675
123.366	n/a	0	1	61683
123.382	n/a	0	1	61691
123.4	n/a	0	1	61700
123.416	n/a	0	1	61708
123.432	n/a	0	1	61716
123.45	n/a	0	1	61725
123.466	n/a	0	1	61733
123.482	n/a	0	1	61741
123.5	n/a	0	1	61750
123.516	n/a	1	2	61758
123.532	n/a	1	2	61766
123.55	n/a	1	2	61775
123.566	n/a	1	2	61783
123.582	n/a	0	1	61791
123.6	n/a	0	1	61800
123.616	n/a	0	1	61808
123.632	n/a	0	1	61816
123.65	n/a	0	1	61825
123.666	n/a	0	1	61833
123.682	n/a	0	1	61841
123.7	n/a	0	1	61850
123.716	n/a	0	1	61858
123.732	n/a	0	1	61866
123.75	n/a	0	1	61875
123.766	n/a	0	1	61883
123.782	n/a	0	1	61891
123.8	n/a	0	1	61900
123.816	n/a	0	1	61908
123.832	n/a	0	1	61916
123.85	n/a	1	2	61925
123.866	n/a	1	2	61933
123.882	n/a	1	2	61941
123.9	n/a	1	2	61950
123.916	n/a	0	1	61958
123.932	n/a	0	1	61966
123.95	n/a	0	1	61975
123.966	n/a	0	1	61983
123.982	n/a	0	1	61991
124.0	n/a	0	1	62000
124.016	n/a	0	1	62008
124.032	n/a	0	1	62016
124.05	n/a	0	1	62025
124.066	n/a	0	1	62033
124.082	n/a	0	1	62041
124.1	n/a	0	1	62050
126.516	n/a	0	1	63258
126.532	n/a	0	1	63266
126.55	n/a	0	1	63275
126.566	n/a	0	1	63283
126.582	n/a	0	1	63291
126.6	n/a	0	1	63300
126.616	n/a	0	1	63308
126.632	n/a	0	1	63316
126.65	n/a	0	1	63325
126.666	n/a	0	1	63333
126.682	n/a	0	1	63341
126.7	n/a	0	1	63350
126.716	n/a	0	1	63358
126.732	n/a	0	1	63366
126.75	n/a	0	1	63375
126.766	n/a	0	1	63383
126.782	n/a	0	1	63391
126.8	n/a	0	1	63400
126.816	n/a	0	1	63408
126.832	n/a	0	1	63416
126.85	n/a	0	1	63425
126.866	n/a	0	1	63433
126.882	n/a	0	1	63441
126.9	n/a	1	2	63450
126.916	n/a	1	2	63458
126.932	n/a	1	2	63466
126.95	n/a	1	2	63475
126.966	n/a	0	1	63483
126.982	n/a	0	1	63491
127.0	n/a	0	1	63500
127.016	n/a	0	1	63508
127.032	n/a	0	1	63516
127.05	n/a	0	1	63525
127.066	n/a	0	1	63533
127.082	n/a	0	1	63541
127.1	n/a	0	1	63550
127.116	n/a	0	1	63558
127.132	n/a	0	1	63566
127.15	n/a	0	1	63575
127.166	n/a	0	1	63583
127.182	n/a	0	1	63591
127.2	n/a	0	1	63600
127.216	n/a	0	1	63608
127.232	n/a	0	1	63616
127.25	n/a	0	1	63625
127.266	n/a	0	1	63633
127.282	n/a	1	2	63641
127.3	n/a	1	2	63650
127.316	n/a	1	2	63658
127.332	n/a	1	2	63666
127.35	n/a	0	1	63675
127.366	n/a	0	1	63683
127.382	n/a	0	1	63691
127.4	n/a	0	1	63700
127.416	n/a	0	1	63708
127.432	n/a	0	1	63716
127.45	n/a	0	1	63725
127.466	n/a	0	1	63733
127.482	n/a	0	1	63741
127.5	n/a	0	1	63750
127.516	n/a	0	1	63758
127.532	n/a	0	1	63766
127.55	n/a	0	1	63775
127.566	n/a	0	1	63783
127.582	n/a	1	2	63791
127.6	n/a	1	2	63800
127.616	n/a	1	2	63808
127.632	n/a	1	2	63816
127.65	n/a	0	1	63825
127.666	n/a	0	1	63833
127.682	n/a	0	1	63841
127.7	n/a	0	1	63850
127.716	n/a	0	1	63858
127.732	n/a	0	1	63866
127.75	n/a	0	1	63875
127.766	n/a	0	1	63883
127.782	n/a	0	1	63891
127.8	n/a	0	1	63900
127.816	n/a	0	1	63908
127.832	n/a	0	1	63916
127.85	n/a	0	1	63925
127.866	n/a	1	2	63933
127.882	n/a	1	2	63941
127.9	n/a	1	2	63950
127.916	n/a	1	2	63958
127.932	n/a	0	1	63966
127.95	n/a	0	1	63975
127.966	n/a	0	1	63983
127.982	n/a	0	1	63991
128.0	n/a	0	1	64000
128.016	n/a	0	1	64008
128.032	n/a	0	1	64016
128.05	n/a	0	1	64025
128.066	n/a	0	1	64033
128.082	n/a	0	1	64041
128.1	n/a	0	1	64050
128.116	n/a	0	1	64058
128.132	n/a	0	1	64066
128.15	n/a	0	1	64075
128.166	n/a	0	1	64083
128.182	n/a	0	1	64091
128.198	n/a	1	2	64099
128.216	n/a	1	2	64108
128.232	n/a	1	2	64116
128.25	n/a	1	2	64125
128.266	n/a	0	1	64133
128.282	n/a	0	1	64141
128.3	n/a	0	1	64150
128.316	n/a	0	1	64158
128.332	n/a	0	1	64166
128.35	n/a	0	1	64175
128.366	n/a	0	1	64183
128.382	n/a	0	1	64191
128.4	n/a	0	1	64200
128.416	n/a	0	1	64208
128.432	n/a	0	1	64216
128.448	n/a	0	1	64224
129.932	n/a	0	1	64966
129.948	n/a	0	1	64974
129.966	n/a	0	1	64983
129.982	n/a	0	1	64991
130.0	n/a	0	1	65000
130.016	n/a	0	1	65008
130.032	n/a	0	1	65016
130.05	n/a	0	1	65025
130.066	n/a	0	1	65033
130.082	n/a	0	1	65041
130.1	n/a	0	1	65050
130.116	n/a	0	1	65058
130.132	n/a	0	1	65066
130.15	n/a	0	1	65075
130.166	n/a	0	1	65083
130.182	n/a	1	2	65091
130.198	n/a	1	2	65099
130.216	n/a	1	2	65108
130.232	n/a	1	2	65116
130.25	n/a	0	1	65125
130.266	n/a	0	1	65133
130.282	n/a	0	1	65141
130.3	n/a	0	1	65150
130.316	n/a	0	1	65158
130.332	n/a	0	1	65166
130.35	n/a	0	1	65175
130.366	n/a	0	1	65183
130.382	n/a	0	1	65191
130.4	n/a	0	1	65200
130.416	n/a	0	1	65208
130.432	n/a	0	1	65216
130.448	n/a	0	1	65224
130.466	n/a	0	1	65233
130.482	n/a	0	1	65241
130.5	n/a	0	1	65250
130.516	n/a	0	1	65258
130.532	n/a	0	1	65266
130.55	n/a	0	1	65275
130.566	n/a	0	1	65283
130.582	n/a	0	1	65291
130.6	n/a	0	1	65300
130.616	n/a	1	2	65308
130.632	n/a	1	2	65316
130.65	n/a	1	2	65325
130.666	n/a	1	2	65333
130.682	n/a	0	1	65341
130.698	n/a	0	1	65349
130.716	n/a	0	1	65358
130.732	n/a	0	1	65366
130.75	n/a	0	1	65375
130.766	n/a	0	1	65383
130.782	n/a	0	1	65391
130.8	n/a	0	1	65400
130.816	n/a	0	1	65408
130.832	n/a	0	1	65416
130.85	n/a	0	1	65425
130.866	n/a	0	1	65433
130.882	n/a	0	1	65441
130.9	n/a	0	1	65450
130.916	n/a	0	1	65458
130.932	n/a	0	1	65466
130.948	n/a	0	1	65474
130.966	n/a	0	1	65483
130.982	n/a	0	1	65491
131.0	n/a	0	1	65500
131.016	n/a	0	1	65508
131.032	n/a	0	1	65516
131.05	n/a	0	1	65525
131.066	n/a	0	1	65533
131.082	n/a	1	2	65541
131.1	n/a	1	2	65550
131.116	n/a	1	2	65558
131.132	n/a	1	2	65566
131.15	n/a	0	1	65575
131.166	n/a	0	1	65583
131.182	n/a	0	1	65591
131.2	n/a	0	1	65600
131.216	n/a	0	1	65608
131.232	n/a	0	1	65616
131.25	n/a	0	1	65625
131.266	n/a	0	1	65633
131.282	n/a	0	1	65641
131.3	n/a	0	1	65650
131.316	n/a	0	1	65658
131.332	n/a	0	1	65666
131.35	n/a	0	1	65675
131.366	n/a	0	1	65683
131.382	n/a	1	2	65691
131.4	n/a	1	2	65700
131.416	n/a	1	2	65708
131.432	n/a	1	2	65716
131.45	n/a	0	1	65725
131.466	n/a	0	1	65733
131.482	n/a	0	1	65741
131.5	n/a	0	1	65750
131.516	n/a	0	1	65758
131.532	n/a	0	1	65766
131.55	n/a	0	1	65775
131.566	n/a	0	1	65783
131.582	n/a	0	1	65791
131.6	n/a	0	1	65800
131.616	n/a	0	1	65808
131.632	n/a	0	1	65816
131.65	n/a	0	1	65825
131.666	n/a	0	1	65833
131.682	n/a	0	1	65841
131.7	n/a	0	1	65850
131.716	n/a	0	1	65858
131.732	n/a	0	1	65866
131.75	n/a	0	1	65875
131.766	n/a	0	1	65883
131.782	n/a	0	1	65891
131.8	n/a	0	1	65900
131.816	n/a	1	2	65908
131.832	n/a	1	2	65916
131.85	n/a	1	2	65925
131.866	n/a	1	2	65933
133.35	n/a	0	1	66675
133.366	n/a	1	2	66683
133.382	n/a	1	2	66691
133.4	n/a	1	2	66700
133.416	n/a	1	2	66708
133.432	n/a	0	1	66716
133.45	n/a	0	1	66725
133.466	n/a	0	1	66733
133.482	n/a	0	1	66741
133.5	n/a	0	1	66750
133.516	n/a	0	1	66758
133.532	n/a	0	1	66766
133.55	n/a	0	1	66775
133.566	n/a	0	1	66783
133.582	n/a	0	1	66791
133.6	n/a	0	1	66800
133.616	n/a	0	1	66808
133.632	n/a	0	1	66816
133.65	n/a	0	1	66825
133.666	n/a	0	1	66833
133.682	n/a	0	1	66841
133.7	n/a	0	1	66850
133.716	n/a	0	1	66858
133.732	n/a	0	1	66866
133.75	n/a	0	1	66875
133.766	n/a	0	1	66883
133.782	n/a	0	1	66891
133.8	n/a	0	1	66900
133.816	n/a	0	1	66908
133.832	n/a	0	1	66916
133.85	n/a	1	2	66925
133.866	n/a	1	2	66933
133.882	n/a	1	2	66941
133.9	n/a	1	2	66950
133.916	n/a	0	1	66958
133.932	n/a	0	1	66966
133.95	n/a	0	1	66975
133.966	n/a	0	1	66983
133.982	n/a	0	1	66991
134.0	n/a	0	1	67000
134.016	n/a	0	1	67008
134.032	n/a	0	1	67016
134.05	n/a	0	1	67025
134.066	n/a	0	1	67033
134.082	n/a	0	1	67041
134.1	n/a	0	1	67050
134.116	n/a	0	1	67058
134.132	n/a	0	1	67066
134.15	n/a	0	1	67075
134.166	n/a	0	1	67083
134.182	n/a	0	1	67091
134.2	n/a	0	1	67100
134.216	n/a	0	1	67108
134.232	n/a	0	1	67116
134.25	n/a	0	1	67125
134.266	n/a	0	1	67133
134.282	n/a	0	1	67141
134.3	n/a	0	1	67150
134.316	n/a	1	2	67158
134.332	n/a	1	2	67166
134.35	n/a	1	2	67175
134.366	n/a	1	2	67183
134.382	n/a	0	1	67191
134.4	n/a	0	1	67200
134.416	n/a	0	1	67208
134.432	n/a	0	1	67216
134.45	n/a	0	1	67225
134.466	n/a	0	1	67233
134.482	n/a	0	1	67241
134.5	n/a	0	1	67250
134.516	n/a	0	1	67258
134.532	n/a	0	1	67266
134.55	n/a	0	1	67275
134.566	n/a	0	1	67283
134.582	n/a	0	1	67291
134.6	n/a	0	1	67300
134.616	n/a	0	1	67308
134.632	n/a	0	1	67316
134.65	n/a	0	1	67325
134.666	n/a	0	1	67333
134.682	n/a	0	1	67341
134.7	n/a	0	1	67350
134.716	n/a	0	1	67358
134.732	n/a	1	2	67366
134.75	n/a	1	2	67375
134.766	n/a	1	2	67383
134.782	n/a	1	2	67391
134.8	n/a	0	1	67400
134.816	n/a	0	1	67408
134.832	n/a	0	1	67416
134.85	n/a	0	1	67425
134.866	n/a	0	1	67433
134.882	n/a	0	1	67441
134.9	n/a	0	1	67450
134.916	n/a	0	1	67458
134.932	n/a	0	1	67466
134.95	n/a	0	1	67475
134.966	n/a	0	1	67483
134.982	n/a	0	1	67491
135.0	n/a	0	1	67500
135.016	n/a	0	1	67508
135.032	n/a	0	1	67516
135.05	n/a	0	1	67525
135.066	n/a	0	1	67533
135.082	n/a	0	1	67541
135.1	n/a	0	1	67550
135.116	n/a	0	1	67558
135.132	n/a	0	1	67566
135.15	n/a	0	1	67575
135.166	n/a	1	2	67583
135.182	n/a	1	2	67591
135.2	n/a	1	2	67600
135.216	n/a	1	2	67608
135.232	n/a	0	1	67616
135.25	n/a	0	1	67625
135.266	n/a	0	1	67633
135.282	n/a	0	1	67641
136.766	n/a	0	1	68383
136.782	n/a	0	1	68391
136.8	n/a	0	1	68400
136.816	n/a	0	1	68408
136.832	n/a	0	1	68416
136.85	n/a	0	1	68425
136.866	n/a	0	1	68433
136.882	n/a	0	1	68441
136.9	n/a	0	1	68450
136.916	n/a	0	1	68458
136.932	n/a	0	1	68466
136.95	n/a	0	1	68475
136.966	n/a	0	1	68483
136.982	n/a	0	1	68491
137.0	n/a	0	1	68500
137.016	n/a	0	1	68508
137.032	n/a	0	1	68516
137.05	n/a	0	1	68525
137.066	n/a	1	2	68533
137.082	n/a	1	2	68541
137.1	n/a	1	2	68550
137.116	n/a	1	2	68558
137.132	n/a	0	1	68566
137.15	n/a	0	1	68575
137.166	n/a	0	1	68583
137.182	n/a	0	1	68591
137.2	n/a	0	1	68600
137.216	n/a	0	1	68608
137.232	n/a	0	1	68616
137.25	n/a	0	1	68625
137.266	n/a	0	1	68633
137.282	n/a	0	1	68641
137.3	n/a	0	1	68650
137.316	n/a	0	1	68658
137.332	n/a	0	1	68666
137.35	n/a	0	1	68675
137.366	n/a	0	1	68683
137.382	n/a	0	1	68691
137.4	n/a	0	1	68700
137.416	n/a	0	1	68708
137.432	n/a	0	1	68716
137.45	n/a	0	1	68725
137.466	n/a	1	2	68733
137.482	n/a	1	2	68741
137.5	n/a	1	2	68750
137.516	n/a	1	2	68758
137.532	n/a	0	1	68766
137.55	n/a	0	1	68775
137.566	n/a	0	1	68783
137.582	n/a	0	1	68791
137.6	n/a	0	1	68800
137.616	n/a	0	1	68808
137.632	n/a	0	1	68816
137.65	n/a	0	1	68825
137.666	n/a	0	1	68833
137.682	n/a	0	1	68841
137.7	n/a	0	1	68850
137.716	n/a	0	1	68858
137.732	n/a	0	1	68866
137.75	n/a	1	2	68875
137.766	n/a	1	2	68883
137.782	n/a	1	2	68891
137.8	n/a	1	2	68900
137.816	n/a	0	1	68908
137.832	n/a	0	1	68916
137.85	n/a	0	1	68925
137.866	n/a	0	1	68933
137.882	n/a	0	1	68941
137.9	n/a	0	1	68950
137.916	n/a	0	1	68958
137.932	n/a	0	1	68966
137.95	n/a	0	1	68975
137.966	n/a	0	1	68983
137.982	n/a	0	1	68991
138.0	n/a	0	1	69000
138.016	n/a	0	1	69008
138.032	n/a	0	1	69016
138.05	n/a	0	1	69025
138.066	n/a	0	1	69033
138.082	n/a	0	1	69041
138.1	n/a	0	1	69050
138.116	n/a	1	2	69058
138.132	n/a	1	2	69066
138.15	n/a	1	2	69075
138.166	n/a	1	2	69083
138.182	n/a	0	1	69091
138.2	n/a	0	1	69100
138.216	n/a	0	1	69108
138.232	n/a	0	1	69116
138.25	n/a	0	1	69125
138.266	n/a	0	1	69133
138.282	n/a	0	1	69141
138.3	n/a	0	1	69150
138.316	n/a	0	1	69158
138.332	n/a	0	1	69166
138.35	n/a	0	1	69175
138.366	n/a	0	1	69183
138.382	n/a	0	1	69191
138.4	n/a	0	1	69200
138.416	n/a	0	1	69208
138.432	n/a	0	1	69216
138.45	n/a	0	1	69225
138.466	n/a	0	1	69233
138.482	n/a	0	1	69241
138.5	n/a	0	1	69250
138.516	n/a	0	1	69258
138.532	n/a	0	1	69266
138.55	n/a	0	1	69275
138.566	n/a	0	1	69283
138.582	n/a	1	2	69291
138.6	n/a	1	2	69300
138.616	n/a	1	2	69308
138.632	n/a	1	2	69316
138.65	n/a	0	1	69325
138.666	n/a	0	1	69333
138.682	n/a	0	1	69341
138.7	n/a	0	1	69350
141.4	n/a	0	1	70700
141.416	n/a	1	2	70708
141.432	n/a	1	2	70716
141.45	n/a	1	2	70725
141.466	n/a	1	2	70733
141.482	n/a	0	1	70741
141.5	n/a	0	1	70750
141.516	n/a	0	1	70758
141.532	n/a	0	1	70766
141.55	n/a	0	1	70775
141.566	n/a	0	1	70783
141.582	n/a	0	1	70791
141.6	n/a	0	1	70800
141.616	n/a	0	1	70808
141.632	n/a	0	1	70816
141.65	n/a	0	1	70825
141.666	n/a	0	1	70833
141.682	n/a	0	1	70841
141.7	n/a	0	1	70850
141.716	n/a	0	1	70858
141.732	n/a	0	1	70866
141.75	n/a	0	1	70875
141.766	n/a	0	1	70883
141.782	n/a	0	1	70891
141.8	n/a	0	1	70900
141.816	n/a	0	1	70908
141.832	n/a	0	1	70916
141.85	n/a	0	1	70925
141.866	n/a	0	1	70933
141.882	n/a	0	1	70941
141.9	n/a	1	2	70950
141.916	n/a	1	2	70958
141.932	n/a	1	2	70966
141.95	n/a	1	2	70975
141.966	n/a	0	1	70983
141.982	n/a	0	1	70991
142.0	n/a	0	1	71000
142.016	n/a	0	1	71008
142.032	n/a	0	1	71016
142.05	n/a	0	1	71025
142.066	n/a	0	1	71033
142.082	n/a	0	1	71041
142.1	n/a	0	1	71050
142.116	n/a	0	1	71058
142.132	n/a	0	1	71066
142.15	n/a	0	1	71075
142.166	n/a	0	1	71083
142.182	n/a	0	1	71091
142.2	n/a	0	1	71100
142.216	n/a	0	1	71108
142.232	n/a	0	1	71116
142.25	n/a	0	1	71125
142.266	n/a	0	1	71133
142.282	n/a	0	1	71141
142.3	n/a	0	1	71150
142.316	n/a	0	1	71158
142.332	n/a	0	1	71166
142.35	n/a	0	1	71175
142.366	n/a	1	2	71183
142.382	n/a	1	2	71191
142.4	n/a	1	2	71200
142.416	n/a	1	2	71208
142.432	n/a	0	1	71216
142.45	n/a	0	1	71225
142.466	n/a	0	1	71233
142.482	n/a	0	1	71241
142.5	n/a	0	1	71250
142.516	n/a	0	1	71258
142.532	n/a	0	1	71266
142.55	n/a	0	1	71275
142.566	n/a	0	1	71283
142.582	n/a	0	1	71291
142.6	n/a	0	1	71300
142.616	n/a	0	1	71308
142.632	n/a	0	1	71316
142.65	n/a	0	1	71325
142.666	n/a	0	1	71333
142.682	n/a	0	1	71341
142.7	n/a	0	1	71350
142.716	n/a	0	1	71358
142.732	n/a	0	1	71366
142.75	n/a	0	1	71375
142.766	n/a	0	1	71383
142.782	n/a	1	2	71391
142.8	n/a	1	2	71400
142.816	n/a	1	2	71408
142.832	n/a	1	2	71416
142.85	n/a	0	1	71425
142.866	n/a	0	1	71433
142.882	n/a	0	1	71441
142.9	n/a	0	1	71450
142.916	n/a	0	1	71458
142.932	n/a	0	1	71466
142.95	n/a	0	1	71475
142.966	n/a	0	1	71483
142.982	n/a	0	1	71491
143.0	n/a	0	1	71500
143.016	n/a	0	1	71508
143.032	n/a	0	1	71516
143.05	n/a	0	1	71525
143.066	n/a	0	1	71533
143.082	n/a	0	1	71541
143.1	n/a	0	1	71550
143.116	n/a	0	1	71558
143.132	n/a	0	1	71566
143.15	n/a	0	1	71575
143.166	n/a	0	1	71583
143.182	n/a	0	1	71591
143.2	n/a	0	1	71600
143.216	n/a	1	2	71608
143.232	n/a	1	2	71616
143.25	n/a	1	2	71625
143.266	n/a	1	2	71633
143.282	n/a	0	1	71641
143.3	n/a	0	1	71650
143.316	n/a	0	1	71658
143.332	n/a	0	1	71666
144.816	n/a	0	1	72408
144.832	n/a	0	1	72416
144.85	n/a	0	1	72425
144.866	n/a	0	1	72433
144.882	n/a	0	1	72441
144.9	n/a	0	1	72450
144.916	n/a	0	1	72458
144.932	n/a	0	1	72466
144.95	n/a	0	1	72475
144.966	n/a	0	1	72483
144.982	n/a	0	1	72491
145.0	n/a	0	1	72500
145.016	n/a	0	1	72508
145.032	n/a	0	1	72516
145.05	n/a	0	1	72525
145.066	n/a	0	1	72533
145.082	n/a	0	1	72541
145.1	n/a	0	1	72550
145.116	n/a	0	1	72558
145.132	n/a	0	1	72566
145.15	n/a	0	1	72575
145.166	n/a	0	1	72583
145.182	n/a	0	1	72591
145.2	n/a	1	2	72600
145.216	n/a	1	2	72608
145.232	n/a	1	2	72616
145.25	n/a	1	2	72625
145.266	n/a	0	1	72633
145.282	n/a	0	1	72641
145.3	n/a	0	1	72650
145.316	n/a	0	1	72658
145.332	n/a	0	1	72666
145.35	n/a	0	1	72675
145.366	n/a	0	1	72683
145.382	n/a	0	1	72691
145.4	n/a	0	1	72700
145.416	n/a	0	1	72708
145.432	n/a	0	1	72716
145.45	n/a	0	1	72725
145.466	n/a	0	1	72733
145.482	n/a	0	1	72741
145.5	n/a	0	1	72750
145.516	n/a	0	1	72758
145.532	n/a	0	1	72766
145.55	n/a	0	1	72775
145.566	n/a	0	1	72783
145.582	n/a	1	2	72791
145.6	n/a	1	2	72800
145.616	n/a	1	2	72808
145.632	n/a	1	2	72816
145.65	n/a	0	1	72825
145.666	n/a	0	1	72833
145.682	n/a	0	1	72841
145.7	n/a	0	1	72850
145.716	n/a	0	1	72858
145.732	n/a	0	1	72866
145.75	n/a	0	1	72875
145.766	n/a	0	1	72883
145.782	n/a	0	1	72891
145.8	n/a	0	1	72900
145.816	n/a	0	1	72908
145.832	n/a	0	1	72916
145.85	n/a	0	1	72925
145.866	n/a	0	1	72933
145.882	n/a	1	2	72941
145.9	n/a	1	2	72950
145.916	n/a	1	2	72958
145.932	n/a	1	2	72966
145.95	n/a	0	1	72975
145.966	n/a	0	1	72983
145.982	n/a	0	1	72991
146.0	n/a	0	1	73000
146.016	n/a	0	1	73008
146.032	n/a	0	1	73016
146.05	n/a	0	1	73025
146.066	n/a	0	1	73033
146.082	n/a	0	1	73041
146.1	n/a	0	1	73050
146.116	n/a	0	1	73058
146.132	n/a	0	1	73066
146.15	n/a	0	1	73075
146.166	n/a	1	2	73083
146.182	n/a	1	2	73091
146.2	n/a	1	2	73100
146.216	n/a	1	2	73108
146.232	n/a	0	1	73116
146.25	n/a	0	1	73125
146.266	n/a	0	1	73133
146.282	n/a	0	1	73141
146.3	n/a	0	1	73150
146.316	n/a	0	1	73158
146.332	n/a	0	1	73166
146.35	n/a	0	1	73175
146.366	n/a	0	1	73183
146.382	n/a	0	1	73191
146.4	n/a	0	1	73200
146.416	n/a	0	1	73208
146.432	n/a	0	1	73216
146.45	n/a	0	1	73225
146.466	n/a	0	1	73233
146.482	n/a	0	1	73241
146.5	n/a	1	2	73250
146.516	n/a	1	2	73258
146.532	n/a	1	2	73266
146.55	n/a	1	2	73275
146.566	n/a	0	1	73283
146.582	n/a	0	1	73291
146.6	n/a	0	1	73300
146.616	n/a	0	1	73308
146.632	n/a	0	1	73316
146.65	n/a	0	1	73325
146.666	n/a	0	1	73333
146.682	n/a	0	1	73341
146.7	n/a	0	1	73350
146.716	n/a	0	1	73358
146.732	n/a	0	1	73366
146.75	n/a	0	1	73375
148.232	n/a	0	1	74116
148.25	n/a	0	1	74125
148.266	n/a	0	1	74133
148.282	n/a	0	1	74141
148.3	n/a	0	1	74150
148.316	n/a	0	1	74158
148.332	n/a	0	1	74166
148.35	n/a	0	1	74175
148.366	n/a	0	1	74183
148.382	n/a	0	1	74191
148.4	n/a	0	1	74200
148.416	n/a	0	1	74208
148.432	n/a	0	1	74216
148.45	n/a	0	1	74225
148.466	n/a	0	1	74233
148.482	n/a	0	1	74241
148.5	n/a	0	1	74250
148.516	n/a	0	1	74258
148.532	n/a	1	2	74266
148.55	n/a	1	2	74275
148.566	n/a	1	2	74283
148.582	n/a	1	2	74291
148.6	n/a	0	1	74300
148.616	n/a	0	1	74308
148.632	n/a	0	1	74316
148.65	n/a	0	1	74325
148.666	n/a	0	1	74333
148.682	n/a	0	1	74341
148.7	n/a	0	1	74350
148.716	n/a	0	1	74358
148.732	n/a	0	1	74366
148.75	n/a	0	1	74375
148.766	n/a	0	1	74383
148.782	n/a	0	1	74391
148.8	n/a	0	1	74400
148.816	n/a	0	1	74408
148.832	n/a	0	1	74416
148.85	n/a	0	1	74425
148.866	n/a	0	1	74433
148.882	n/a	0	1	74441
148.9	n/a	0	1	74450
148.916	n/a	0	1	74458
148.932	n/a	1	2	74466
148.95	n/a	1	2	74475
148.966	n/a	1	2	74483
148.982	n/a	1	2	74491
149.0	n/a	0	1	74500
149.016	n/a	0	1	74508
149.032	n/a	0	1	74516
149.05	n/a	0	1	74525
149.066	n/a	0	1	74533
149.082	n/a	0	1	74541
149.1	n/a	0	1	74550
149.116	n/a	0	1	74558
149.132	n/a	0	1	74566
149.15	n/a	0	1	74575
149.166	n/a	0	1	74583
149.182	n/a	0	1	74591
149.2	n/a	0	1	74600
149.216	n/a	1	2	74608
149.232	n/a	1	2	74616
149.25	n/a	1	2	74625
149.266	n/a	1	2	74633
149.282	n/a	0	1	74641
149.3	n/a	0	1	74650
149.316	n/a	0	1	74658
149.332	n/a	0	1	74666
149.35	n/a	0	1	74675
149.366	n/a	0	1	74683
149.382	n/a	0	1	74691
149.4	n/a	0	1	74700
149.416	n/a	0	1	74708
149.432	n/a	0	1	74716
149.45	n/a	0	1	74725
149.466	n/a	0	1	74733
149.482	n/a	0	1	74741
149.5	n/a	0	1	74750
149.516	n/a	0	1	74758
149.532	n/a	0	1	74766
149.55	n/a	0	1	74775
149.566	n/a	0	1	74783
149.582	n/a	1	2	74791
149.6	n/a	1	2	74800
149.616	n/a	1	2	74808
149.632	n/a	1	2	74816
149.65	n/a	0	1	74825
149.666	n/a	0	1	74833
149.682	n/a	0	1	74841
149.7	n/a	0	1	74850
149.716	n/a	0	1	74858
149.732	n/a	0	1	74866
149.75	n/a	0	1	74875
149.766	n/a	0	1	74883
149.782	n/a	0	1	74891
149.8	n/a	0	1	74900
149.816	n/a	0	1	74908
149.832	n/a	0	1	74916
149.85	n/a	0	1	74925
149.866	n/a	0	1	74933
149.882	n/a	0	1	74941
149.9	n/a	0	1	74950
149.916	n/a	0	1	74958
149.932	n/a	0	1	74966
149.95	n/a	0	1	74975
149.966	n/a	0	1	74983
149.982	n/a	0	1	74991
150.0	n/a	0	1	75000
150.016	n/a	0	1	75008
150.032	n/a	0	1	75016
150.05	n/a	1	2	75025
150.066	n/a	1	2	75033
150.082	n/a	1	2	75041
150.1	n/a	1	2	75050
150.116	n/a	0	1	75058
150.132	n/a	0	1	75066
150.15	n/a	0	1	75075
150.166	n/a	0	1	75083
151.65	n/a	0	1	75825
151.666	n/a	0	1	75833
151.682	n/a	0	1	75841
151.7	n/a	0	1	75850
151.716	n/a	0	1	75858
151.732	n/a	0	1	75866
151.75	n/a	0	1	75875
151.766	n/a	0	1	75883
151.782	n/a	0	1	75891
151.8	n/a	0	1	75900
151.816	n/a	0	1	75908
151.832	n/a	0	1	75916
151.85	n/a	0	1	75925
151.866	n/a	0	1	75933
151.882	n/a	0	1	75941
151.9	n/a	1	2	75950
151.916	n/a	1	2	75958
151.932	n/a	1	2	75966
151.95	n/a	1	2	75975
151.966	n/a	0	1	75983
151.982	n/a	0	1	75991
152.0	n/a	0	1	76000
152.016	n/a	0	1	76008
152.032	n/a	0	1	76016
152.05	n/a	0	1	76025
152.066	n/a	0	1	76033
152.082	n/a	0	1	76041
152.1	n/a	0	1	76050
152.116	n/a	0	1	76058
152.132	n/a	0	1	76066
152.15	n/a	0	1	76075
152.166	n/a	0	1	76083
152.182	n/a	0	1	76091
152.2	n/a	0	1	76100
152.216	n/a	0	1	76108
152.232	n/a	0	1	76116
152.25	n/a	0	1	76125
152.266	n/a	0	1	76133
152.282	n/a	0	1	76141
152.3	n/a	0	1	76150
152.316	n/a	0	1	76158
152.332	n/a	1	2	76166
152.35	n/a	1	2	76175
152.366	n/a	1	2	76183
152.382	n/a	1	2	76191
152.4	n/a	0	1	76200
152.416	n/a	0	1	76208
152.432	n/a	0	1	76216
152.45	n/a	0	1	76225
152.466	n/a	0	1	76233
152.482	n/a	0	1	76241
152.5	n/a	0	1	76250
152.516	n/a	0	1	76258
152.532	n/a	0	1	76266
152.55	n/a	0	1	76275
152.566	n/a	0	1	76283
152.582	n/a	0	1	76291
152.6	n/a	0	1	76300
152.616	n/a	0	1	76308
152.632	n/a	0	1	76316
152.65	n/a	0	1	76325
152.666	n/a	0	1	76333
152.682	n/a	0	1	76341
152.7	n/a	0	1	76350
152.716	n/a	0	1	76358
152.732	n/a	0	1	76366
152.75	n/a	0	1	76375
152.766	n/a	0	1	76383
152.782	n/a	0	1	76391
152.8	n/a	1	2	76400
152.816	n/a	1	2	76408
152.832	n/a	1	2	76416
152.85	n/a	1	2	76425
152.866	n/a	0	1	76433
152.882	n/a	0	1	76441
152.9	n/a	0	1	76450
152.916	n/a	0	1	76458
152.932	n/a	0	1	76466
152.95	n/a	0	1	76475
152.966	n/a	0	1	76483
152.982	n/a	0	1	76491
153.0	n/a	0	1	76500
153.016	n/a	0	1	76508
153.032	n/a	0	1	76516
153.05	n/a	0	1	76525
153.066	n/a	0	1	76533
153.082	n/a	0	1	76541
153.1	n/a	1	2	76550
153.116	n/a	1	2	76558
153.132	n/a	1	2	76566
153.15	n/a	1	2	76575
153.166	n/a	0	1	76583
153.182	n/a	0	1	76591
153.2	n/a	0	1	76600
153.216	n/a	0	1	76608
153.232	n/a	0	1	76616
153.25	n/a	0	1	76625
153.266	n/a	0	1	76633
153.282	n/a	0	1	76641
153.3	n/a	0	1	76650
153.316	n/a	0	1	76658
153.332	n/a	0	1	76666
153.35	n/a	0	1	76675
153.366	n/a	0	1	76683
153.382	n/a	0	1	76691
153.4	n/a	0	1	76700
153.416	n/a	0	1	76708
153.432	n/a	0	1	76716
153.45	n/a	0	1	76725
153.466	n/a	0	1	76733
153.482	n/a	0	1	76741
153.5	n/a	0	1	76750
153.516	n/a	0	1	76758
153.532	n/a	1	2	76766
153.55	n/a	1	2	76775
153.566	n/a	1	2	76783
153.582	n/a	1	2	76791
156.316	n/a	0	1	78158
156.332	n/a	0	1	78166
156.35	n/a	0	1	78175
156.366	n/a	0	1	78183
156.382	n/a	0	1	78191
156.4	n/a	0	1	78200
156.416	n/a	0	1	78208
156.432	n/a	0	1	78216
156.45	n/a	0	1	78225
156.466	n/a	0	1	78233
156.482	n/a	0	1	78241
156.5	n/a	0	1	78250
156.516	n/a	0	1	78258
156.532	n/a	0	1	78266
156.55	n/a	0	1	78275
156.566	n/a	0	1	78283
156.582	n/a	0	1	78291
156.6	n/a	0	1	78300
156.616	n/a	0	1	78308
156.632	n/a	0	1	78316
156.65	n/a	0	1	78325
156.666	n/a	0	1	78333
156.682	n/a	0	1	78341
156.7	n/a	1	2	78350
156.716	n/a	1	2	78358
156.732	n/a	1	2	78366
156.75	n/a	1	2	78375
156.766	n/a	0	1	78383
156.782	n/a	0	1	78391
156.8	n/a	0	1	78400
156.816	n/a	0	1	78408
156.832	n/a	0	1	78416
156.85	n/a	0	1	78425
156.866	n/a	0	1	78433
156.882	n/a	0	1	78441
156.9	n/a	0	1	78450
156.916	n/a	0	1	78458
156.932	n/a	0	1	78466
156.95	n/a	0	1	78475
156.966	n/a	0	1	78483
156.982	n/a	0	1	78491
157.0	n/a	0	1	78500
157.016	n/a	0	1	78508
157.032	n/a	0	1	78516
157.05	n/a	0	1	78525
157.066	n/a	0	1	78533
157.082	n/a	1	2	78541
157.1	n/a	1	2	78550
157.116	n/a	1	2	78558
157.132	n/a	1	2	78566
157.15	n/a	0	1	78575
157.166	n/a	0	1	78583
157.182	n/a	0	1	78591
157.2	n/a	0	1	78600
157.216	n/a	0	1	78608
157.232	n/a	0	1	78616
157.25	n/a	0	1	78625
157.266	n/a	0	1	78633
157.282	n/a	0	1	78641
157.3	n/a	0	1	78650
157.316	n/a	0	1	78658
157.332	n/a	0	1	78666
157.35	n/a	0	1	78675
157.366	n/a	0	1	78683
157.382	n/a	1	2	78691
157.4	n/a	1	2	78700
157.416	n/a	1	2	78708
157.432	n/a	1	2	78716
157.45	n/a	0	1	78725
157.466	n/a	0	1	78733
157.482	n/a	0	1	78741
157.5	n/a	0	1	78750
157.516	n/a	0	1	78758
157.532	n/a	0	1	78766
157.55	n/a	0	1	78775
157.566	n/a	0	1	78783
157.582	n/a	0	1	78791
157.6	n/a	0	1	78800
157.616	n/a	0	1	78808
157.632	n/a	0	1	78816
157.65	n/a	0	1	78825
157.666	n/a	1	2	78833
157.682	n/a	1	2	78841
157.7	n/a	1	2	78850
157.716	n/a	1	2	78858
157.732	n/a	0	1	78866
157.75	n/a	0	1	78875
157.766	n/a	0	1	78883
157.782	n/a	0	1	78891
157.8	n/a	0	1	78900
157.816	n/a	0	1	78908
157.832	n/a	0	1	78916
157.85	n/a	0	1	78925
157.866	n/a	0	1	78933
157.882	n/a	0	1	78941
157.9	n/a	0	1	78950
157.916	n/a	0	1	78958
157.932	n/a	0	1	78966
157.95	n/a	0	1	78975
157.966	n/a	0	1	78983
157.982	n/a	0	1	78991
158.0	n/a	1	2	79000
158.016	n/a	1	2	79008
158.032	n/a	1	2	79016
158.05	n/a	1	2	79025
158.066	n/a	0	1	79033
158.082	n/a	0	1	79041
158.1	n/a	0	1	79050
158.116	n/a	0	1	79058
158.132	n/a	0	1	79066
158.15	n/a	0	1	79075
158.166	n/a	0	1	79083
158.182	n/a	0	1	79091
158.2	n/a	0	1	79100
158.216	n/a	0	1	79108
158.232	n/a	0	1	79116
158.25	n/a	0	1	79125
159.732	n/a	0	1	79866
159.75	n/a	0	1	79875
159.766	n/a	0	1	79883
159.782	n/a	0	1	79891
159.8	n/a	0	1	79900
159.816	n/a	0	1	79908
159.832	n/a	0	1	79916
159.85	n/a	0	1	79925
159.866	n/a	0	1	79933
159.882	n/a	0	1	79941
159.9	n/a	0	1	79950
159.916	n/a	0	1	79958
159.932	n/a	0	1	79966
159.95	n/a	0	1	79975
159.966	n/a	0	1	79983
159.982	n/a	0	1	79991
160.0	n/a	0	1	80000
160.016	n/a	0	1	80008
160.032	n/a	1	2	80016
160.05	n/a	1	2	80025
160.066	n/a	1	2	80033
160.082	n/a	1	2	80041
160.1	n/a	0	1	80050
160.116	n/a	0	1	80058
160.132	n/a	0	1	80066
160.15	n/a	0	1	80075
160.166	n/a	0	1	80083
160.182	n/a	0	1	80091
160.2	n/a	0	1	80100
160.216	n/a	0	1	80108
160.232	n/a	0	1	80116
160.25	n/a	0	1	80125
160.266	n/a	0	1	80133
160.282	n/a	0	1	80141
160.3	n/a	0	1	80150
160.316	n/a	0	1	80158
160.332	n/a	0	1	80166
160.35	n/a	0	1	80175
160.366	n/a	0	1	80183
160.382	n/a	0	1	80191
160.4	n/a	0	1	80200
160.416	n/a	0	1	80208
160.432	n/a	1	2	80216
160.45	n/a	1	2	80225
160.466	n/a	1	2	80233
160.482	n/a	1	2	80241
160.5	n/a	0	1	80250
160.516	n/a	0	1	80258
160.532	n/a	0	1	80266
160.55	n/a	0	1	80275
160.566	n/a	0	1	80283
160.582	n/a	0	1	80291
160.6	n/a	0	1	80300
160.616	n/a	0	1	80308
160.632	n/a	0	1	80316
160.65	n/a	0	1	80325
160.666	n/a	0	1	80333
160.682	n/a	0	1	80341
160.7	n/a	0	1	80350
160.716	n/a	1	2	80358
160.732	n/a	1	2	80366
160.75	n/a	1	2	80375
160.766	n/a	1	2	80383
160.782	n/a	0	1	80391
160.8	n/a	0	1	80400
160.816	n/a	0	1	80408
160.832	n/a	0	1	80416
160.85	n/a	0	1	80425
160.866	n/a	0	1	80433
160.882	n/a	0	1	80441
160.9	n/a	0	1	80450
160.916	n/a	0	1	80458
160.932	n/a	0	1	80466
160.95	n/a	0	1	80475
160.966	n/a	0	1	80483
160.982	n/a	0	1	80491
161.0	n/a	0	1	80500
161.016	n/a	0	1	80508
161.032	n/a	0	1	80516
161.05	n/a	0	1	80525
161.066	n/a	0	1	80533
161.082	n/a	1	2	80541
161.1	n/a	1	2	80550
161.116	n/a	1	2	80558
161.132	n/a	1	2	80566
161.15	n/a	0	1	80575
161.166	n/a	0	1	80583
161.182	n/a	0	1	80591
161.2	n/a	0	1	80600
161.216	n/a	0	1	80608
161.232	n/a	0	1	80616
161.25	n/a	0	1	80625
161.266	n/a	0	1	80633
161.282	n/a	0	1	80641
161.3	n/a	0	1	80650
161.316	n/a	0	1	80658
161.332	n/a	0	1	80666
161.35	n/a	0	1	80675
161.366	n/a	0	1	80683
161.382	n/a	0	1	80691
161.4	n/a	0	1	80700
161.416	n/a	0	1	80708
161.432	n/a	0	1	80716
161.45	n/a	0	1	80725
161.466	n/a	0	1	80733
161.482	n/a	0	1	80741
161.5	n/a	0	1	80750
161.516	n/a	0	1	80758
161.532	n/a	0	1	80766
161.55	n/a	1	2	80775
161.566	n/a	1	2	80783
161.582	n/a	1	2	80791
161.6	n/a	1	2	80800
161.616	n/a	0	1	80808
161.632	n/a	0	1	80816
161.65	n/a	0	1	80825
161.666	n/a	0	1	80833
163.15	n/a	0	1	81575
163.166	n/a	1	2	81583
163.182	n/a	1	2	81591
163.2	n/a	1	2	81600
163.216	n/a	1	2	81608
163.232	n/a	0	1	81616
163.25	n/a	0	1	81625
163.266	n/a	0	1	81633
163.282	n/a	0	1	81641
163.3	n/a	0	1	81650
163.316	n/a	0	1	81658
163.332	n/a	0	1	81666
163.35	n/a	0	1	81675
163.366	n/a	0	1	81683
163.382	n/a	0	1	81691
163.4	n/a	0	1	81700
163.416	n/a	0	1	81708
163.432	n/a	0	1	81716
163.45	n/a	0	1	81725
163.466	n/a	0	1	81733
163.482	n/a	0	1	81741
163.5	n/a	0	1	81750
163.516	n/a	0	1	81758
163.532	n/a	0	1	81766
163.55	n/a	0	1	81775
163.566	n/a	0	1	81783
163.582	n/a	0	1	81791
163.6	n/a	0	1	81800
163.616	n/a	0	1	81808
163.632	n/a	0	1	81816
163.65	n/a	1	2	81825
163.666	n/a	1	2	81833
163.682	n/a	1	2	81841
163.7	n/a	1	2	81850
163.716	n/a	0	1	81858
163.732	n/a	0	1	81866
163.75	n/a	0	1	81875
163.766	n/a	0	1	81883
163.782	n/a	0	1	81891
163.8	n/a	0	1	81900
163.816	n/a	0	1	81908
163.832	n/a	0	1	81916
163.85	n/a	0	1	81925
163.866	n/a	0	1	81933
163.882	n/a	0	1	81941
163.9	n/a	0	1	81950
163.916	n/a	0	1	81958
163.932	n/a	0	1	81966
163.95	n/a	0	1	81975
163.966	n/a	0	1	81983
163.982	n/a	0	1	81991
164.0	n/a	0	1	82000
164.016	n/a	0	1	82008
164.032	n/a	0	1	82016
164.05	n/a	0	1	82025
164.066	n/a	0	1	82033
164.082	n/a	0	1	82041
164.1	n/a	0	1	82050
164.116	n/a	1	2	82058
164.132	n/a	1	2	82066
164.15	n/a	1	2	82075
164.166	n/a	1	2	82083
164.182	n/a	0	1	82091
164.2	n/a	0	1	82100
164.216	n/a	0	1	82108
164.232	n/a	0	1	82116
164.25	n/a	0	1	82125
164.266	n/a	0	1	82133
164.282	n/a	0	1	82141
164.3	n/a	0	1	82150
164.316	n/a	0	1	82158
164.332	n/a	0	1	82166
164.35	n/a	0	1	82175
164.366	n/a	0	1	82183
164.382	n/a	0	1	82191
164.4	n/a	0	1	82200
164.416	n/a	0	1	82208
164.432	n/a	0	1	82216
164.45	n/a	0	1	82225
164.466	n/a	0	1	82233
164.482	n/a	0	1	82241
164.5	n/a	0	1	82250
164.516	n/a	0	1	82258
164.532	n/a	1	2	82266
164.55	n/a	1	2	82275
164.566	n/a	1	2	82283
164.582	n/a	1	2	82291
164.6	n/a	0	1	82300
164.616	n/a	0	1	82308
164.632	n/a	0	1	82316
164.65	n/a	0	1	82325
164.666	n/a	0	1	82333
164.682	n/a	0	1	82341
164.7	n/a	0	1	82350
164.716	n/a	0	1	82358
164.732	n/a	0	1	82366
164.75	n/a	0	1	82375
164.766	n/a	0	1	82383
164.782	n/a	0	1	82391
164.8	n/a	0	1	82400
164.816	n/a	0	1	82408
164.832	n/a	0	1	82416
164.85	n/a	0	1	82425
164.866	n/a	0	1	82433
164.882	n/a	0	1	82441
164.9	n/a	0	1	82450
164.916	n/a	0	1	82458
164.932	n/a	0	1	82466
164.95	n/a	0	1	82475
164.966	n/a	1	2	82483
164.982	n/a	1	2	82491
165.0	n/a	1	2	82500
165.016	n/a	1	2	82508
165.032	n/a	0	1	82516
165.05	n/a	0	1	82525
165.066	n/a	0	1	82533
165.082	n/a	0	1	82541
166.566	n/a	0	1	83283
166.582	n/a	0	1	83291
166.6	n/a	0	1	83300
166.616	n/a	0	1	83308
166.632	n/a	0	1	83316
166.65	n/a	0	1	83325
166.666	n/a	0	1	83333
166.682	n/a	0	1	83341
166.7	n/a	0	1	83350
166.716	n/a	0	1	83358
166.732	n/a	0	1	83366
166.75	n/a	0	1	83375
166.766	n/a	0	1	83383
166.782	n/a	0	1	83391
166.8	n/a	0	1	83400
166.816	n/a	1	2	83408
166.832	n/a	1	2	83416
166.85	n/a	1	2	83425
166.866	n/a	1	2	83433
166.882	n/a	0	1	83441
166.9	n/a	0	1	83450
166.916	n/a	0	1	83458
166.932	n/a	0	1	83466
166.95	n/a	0	1	83475
166.966	n/a	0	1	83483
166.982	n/a	0	1	83491
167.0	n/a	0	1	83500
167.016	n/a	0	1	83508
167.032	n/a	0	1	83516
167.05	n/a	0	1	83525
167.066	n/a	0	1	83533
167.082	n/a	0	1	83541
167.1	n/a	0	1	83550
167.116	n/a	0	1	83558
167.132	n/a	0	1	83566
167.15	n/a	0	1	83575
167.166	n/a	0	1	83583
167.182	n/a	0	1	83591
167.2	n/a	0	1	83600
167.216	n/a	0	1	83608
167.232	n/a	0	1	83616
167.25	n/a	1	2	83625
167.266	n/a	1	2	83633
167.282	n/a	1	2	83641
167.3	n/a	1	2	83650
167.316	n/a	0	1	83658
167.332	n/a	0	1	83666
167.35	n/a	0	1	83675
167.366	n/a	0	1	83683
167.382	n/a	0	1	83691
167.4	n/a	0	1	83700
167.416	n/a	0	1	83708
167.432	n/a	0	1	83716
167.45	n/a	0	1	83725
167.466	n/a	0	1	83733
167.482	n/a	0	1	83741
167.5	n/a	0	1	83750
167.516	n/a	0	1	83758
167.532	n/a	0	1	83766
167.55	n/a	0	1	83775
167.566	n/a	0	1	83783
167.582	n/a	0	1	83791
167.6	n/a	0	1	83800
167.616	n/a	0	1	83808
167.632	n/a	0	1	83816
167.65	n/a	0	1	83825
167.666	n/a	0	1	83833
167.682	n/a	0	1	83841
167.7	n/a	0	1	83850
167.716	n/a	1	2	83858
167.732	n/a	1	2	83866
167.75	n/a	1	2	83875
167.766	n/a	1	2	83883
167.782	n/a	0	1	83891
167.8	n/a	0	1	83900
167.816	n/a	0	1	83908
167.832	n/a	0	1	83916
167.85	n/a	0	1	83925
167.866	n/a	0	1	83933
167.882	n/a	0	1	83941
167.9	n/a	0	1	83950
167.916	n/a	0	1	83958
167.932	n/a	0	1	83966
167.95	n/a	0	1	83975
167.966	n/a	0	1	83983
167.982	n/a	0	1	83991
168.0	n/a	0	1	84000
168.016	n/a	1	2	84008
168.032	n/a	1	2	84016
168.05	n/a	1	2	84025
168.066	n/a	1	2	84033
168.082	n/a	0	1	84041
168.1	n/a	0	1	84050
168.116	n/a	0	1	84058
168.132	n/a	0	1	84066
168.15	n/a	0	1	84075
168.166	n/a	0	1	84083
168.182	n/a	0	1	84091
168.2	n/a	0	1	84100
168.216	n/a	0	1	84108
168.232	n/a	0	1	84116
168.25	n/a	0	1	84125
168.266	n/a	0	1	84133
168.282	n/a	0	1	84141
168.3	n/a	0	1	84150
168.316	n/a	0	1	84158
168.332	n/a	0	1	84166
168.35	n/a	0	1	84175
168.366	n/a	0	1	84183
168.382	n/a	0	1	84191
168.4	n/a	0	1	84200
168.416	n/a	0	1	84208
168.432	n/a	0	1	84216
168.45	n/a	1	2	84225
168.466	n/a	1	2	84233
168.482	n/a	1	2	84241
168.5	n/a	1	2	84250
171.3	n/a	0	1	85650
171.316	n/a	0	1	85658
171.332	n/a	0	1	85666
171.35	n/a	0	1	85675
171.366	n/a	0	1	85683
171.382	n/a	0	1	85691
171.4	n/a	0	1	85700
171.416	n/a	0	1	85708
171.432	n/a	0	1	85716
171.45	n/a	0	1	85725
171.466	n/a	0	1	85733
171.482	n/a	0	1	85741
171.5	n/a	0	1	85750
171.516	n/a	0	1	85758
171.532	n/a	0	1	85766
171.55	n/a	0	1	85775
171.566	n/a	0	1	85783
171.582	n/a	0	1	85791
171.6	n/a	1	2	85800
171.616	n/a	1	2	85808
171.632	n/a	1	2	85816
171.65	n/a	1	2	85825
171.666	n/a	0	1	85833
171.682	n/a	0	1	85841
171.7	n/a	0	1	85850
171.716	n/a	0	1	85858
171.732	n/a	0	1	85866
171.75	n/a	0	1	85875
171.766	n/a	0	1	85883
171.782	n/a	0	1	85891
171.8	n/a	0	1	85900
171.816	n/a	0	1	85908
171.832	n/a	0	1	85916
171.85	n/a	0	1	85925
171.866	n/a	0	1	85933
171.882	n/a	0	1	85941
171.9	n/a	0	1	85950
171.916	n/a	0	1	85958
171.932	n/a	0	1	85966
171.95	n/a	0	1	85975
171.966	n/a	0	1	85983
171.982	n/a	0	1	85991
172.0	n/a	1	2	86000
172.016	n/a	1	2	86008
172.032	n/a	1	2	86016
172.05	n/a	1	2	86025
172.066	n/a	0	1	86033
172.082	n/a	0	1	86041
172.1	n/a	0	1	86050
172.116	n/a	0	1	86058
172.132	n/a	0	1	86066
172.15	n/a	0	1	86075
172.166	n/a	0	1	86083
172.182	n/a	0	1	86091
172.2	n/a	0	1	86100
172.216	n/a	0	1	86108
172.232	n/a	0	1	86116
172.25	n/a	0	1	86125
172.266	n/a	0	1	86133
172.282	n/a	1	2	86141
172.3	n/a	1	2	86150
172.316	n/a	1	2	86158
172.332	n/a	1	2	86166
172.35	n/a	0	1	86175
172.366	n/a	0	1	86183
172.382	n/a	0	1	86191
172.4	n/a	0	1	86200
172.416	n/a	0	1	86208
172.432	n/a	0	1	86216
172.45	n/a	0	1	86225
172.466	n/a	0	1	86233
172.482	n/a	0	1	86241
172.5	n/a	0	1	86250
172.516	n/a	0	1	86258
172.532	n/a	0	1	86266
172.55	n/a	0	1	86275
172.566	n/a	0	1	86283
172.582	n/a	0	1	86291
172.6	n/a	0	1	86300
172.616	n/a	0	1	86308
172.632	n/a	0	1	86316
172.65	n/a	1	2	86325
172.666	n/a	1	2	86333
172.682	n/a	1	2	86341
172.7	n/a	1	2	86350
172.716	n/a	0	1	86358
172.732	n/a	0	1	86366
172.75	n/a	0	1	86375
172.766	n/a	0	1	86383
172.782	n/a	0	1	86391
172.8	n/a	0	1	86400
172.816	n/a	0	1	86408
172.832	n/a	0	1	86416
172.85	n/a	0	1	86425
172.866	n/a	0	1	86433
172.882	n/a	0	1	86441
172.9	n/a	0	1	86450
172.916	n/a	0	1	86458
172.932	n/a	0	1	86466
172.95	n/a	0	1	86475
172.966	n/a	0	1	86483
172.982	n/a	0	1	86491
173.0	n/a	0	1	86500
173.016	n/a	0	1	86508
173.032	n/a	0	1	86516
173.05	n/a	0	1	86525
173.066	n/a	0	1	86533
173.082	n/a	0	1	86541
173.1	n/a	0	1	86550
173.116	n/a	1	2	86558
173.132	n/a	1	2	86566
173.15	n/a	1	2	86575
173.166	n/a	1	2	86583
173.182	n/a	0	1	86591
173.2	n/a	0	1	86600
173.216	n/a	0	1	86608
173.232	n/a	0	1	86616
174.716	n/a	0	1	87358
174.732	n/a	0	1	87366
174.75	n/a	0	1	87375
174.766	n/a	0	1	87383
174.782	n/a	0	1	87391
174.8	n/a	0	1	87400
174.816	n/a	0	1	87408
174.832	n/a	0	1	87416
174.85	n/a	0	1	87425
174.866	n/a	0	1	87433
174.882	n/a	0	1	87441
174.9	n/a	0	1	87450
174.916	n/a	0	1	87458
174.932	n/a	0	1	87466
174.95	n/a	0	1	87475
174.966	n/a	0	1	87483
174.982	n/a	0	1	87491
175.0	n/a	0	1	87500
175.016	n/a	0	1	87508
175.032	n/a	0	1	87516
175.05	n/a	0	1	87525
175.066	n/a	0	1	87533
175.082	n/a	0	1	87541
175.1	n/a	1	2	87550
175.116	n/a	1	2	87558
175.132	n/a	1	2	87566
175.15	n/a	1	2	87575
175.166	n/a	0	1	87583
175.182	n/a	0	1	87591
175.2	n/a	0	1	87600
175.216	n/a	0	1	87608
175.232	n/a	0	1	87616
175.25	n/a	0	1	87625
175.266	n/a	0	1	87633
175.282	n/a	0	1	87641
175.3	n/a	0	1	87650
175.316	n/a	0	1	87658
175.332	n/a	0	1	87666
175.35	n/a	0	1	87675
175.366	n/a	0	1	87683
175.382	n/a	0	1	87691
175.4	n/a	0	1	87700
175.416	n/a	0	1	87708
175.432	n/a	0	1	87716
175.45	n/a	0	1	87725
175.466	n/a	0	1	87733
175.482	n/a	1	2	87741
175.5	n/a	1	2	87750
175.516	n/a	1	2	87758
175.532	n/a	1	2	87766
175.55	n/a	0	1	87775
175.566	n/a	0	1	87783
175.582	n/a	0	1	87791
175.6	n/a	0	1	87800
175.616	n/a	0	1	87808
175.632	n/a	0	1	87816
175.65	n/a	0	1	87825
175.666	n/a	0	1	87833
175.682	n/a	0	1	87841
175.7	n/a	0	1	87850
175.716	n/a	0	1	87858
175.732	n/a	0	1	87866
175.75	n/a	0	1	87875
175.766	n/a	0	1	87883
175.782	n/a	1	2	87891
175.8	n/a	1	2	87900
175.816	n/a	1	2	87908
175.832	n/a	1	2	87916
175.85	n/a	0	1	87925
175.866	n/a	0	1	87933
175.882	n/a	0	1	87941
175.9	n/a	0	1	87950
175.916	n/a	0	1	87958
175.932	n/a	0	1	87966
175.95	n/a	0	1	87975
175.966	n/a	0	1	87983
175.982	n/a	0	1	87991
176.0	n/a	0	1	88000
176.016	n/a	0	1	88008
176.032	n/a	0	1	88016
176.05	n/a	0	1	88025
176.066	n/a	1	2	88033
176.082	n/a	1	2	88041
176.1	n/a	1	2	88050
176.116	n/a	1	2	88058
176.132	n/a	0	1	88066
176.15	n/a	0	1	88075
176.166	n/a	0	1	88083
176.182	n/a	0	1	88091
176.2	n/a	0	1	88100
176.216	n/a	0	1	88108
176.232	n/a	0	1	88116
176.25	n/a	0	1	88125
176.266	n/a	0	1	88133
176.282	n/a	0	1	88141
176.3	n/a	0	1	88150
176.316	n/a	0	1	88158
176.332	n/a	0	1	88166
176.35	n/a	0	1	88175
176.366	n/a	0	1	88183
176.382	n/a	0	1	88191
176.4	n/a	1	2	88200
176.416	n/a	1	2	88208
176.432	n/a	1	2	88216
176.45	n/a	1	2	88225
176.466	n/a	0	1	88233
176.482	n/a	0	1	88241
176.5	n/a	0	1	88250
176.516	n/a	0	1	88258
176.532	n/a	0	1	88266
176.55	n/a	0	1	88275
176.566	n/a	0	1	88283
176.582	n/a	0	1	88291
176.6	n/a	0	1	88300
176.616	n/a	0	1	88308
176.632	n/a	0	1	88316
176.65	n/a	0	1	88325
178.132	n/a	0	1	89066
178.15	n/a	0	1	89075
178.166	n/a	0	1	89083
178.182	n/a	0	1	89091
178.2	n/a	0	1	89100
178.216	n/a	0	1	89108
178.232	n/a	0	1	89116
178.25	n/a	0	1	89125
178.266	n/a	0	1	89133
178.282	n/a	0	1	89141
178.3	n/a	0	1	89150
178.316	n/a	0	1	89158
178.332	n/a	0	1	89166
178.35	n/a	0	1	89175
178.366	n/a	0	1	89183
178.382	n/a	1	2	89191
178.4	n/a	1	2	89200
178.416	n/a	1	2	89208
178.432	n/a	1	2	89216
178.45	n/a	0	1	89225
178.466	n/a	0	1	89233
178.482	n/a	0	1	89241
178.5	n/a	0	1	89250
178.516	n/a	0	1	89258
178.532	n/a	0	1	89266
178.55	n/a	0	1	89275
178.566	n/a	0	1	89283
178.582	n/a	0	1	89291
178.6	n/a	0	1	89300
178.616	n/a	0	1	89308
178.632	n/a	0	1	89316
178.65	n/a	0	1	89325
178.666	n/a	0	1	89333
178.682	n/a	0	1	89341
178.7	n/a	0	1	89350
178.716	n/a	0	1	89358
178.732	n/a	0	1	89366
178.75	n/a	0	1	89375
178.766	n/a	0	1	89383
178.782	n/a	0	1	89391
178.8	n/a	0	1	89400
178.816	n/a	1	2	89408
178.832	n/a	1	2	89416
178.85	n/a	1	2	89425
178.866	n/a	1	2	89433
178.882	n/a	0	1	89441
178.9	n/a	0	1	89450
178.916	n/a	0	1	89458
178.932	n/a	0	1	89466
178.95	n/a	0	1	89475
178.966	n/a	0	1	89483
178.982	n/a	0	1	89491
179.0	n/a	0	1	89500
179.016	n/a	0	1	89508
179.032	n/a	0	1	89516
179.05	n/a	0	1	89525
179.066	n/a	0	1	89533
179.082	n/a	0	1	89541
179.1	n/a	0	1	89550
179.116	n/a	0	1	89558
179.132	n/a	0	1	89566
179.15	n/a	0	1	89575
179.166	n/a	0	1	89583
179.182	n/a	0	1	89591
179.2	n/a	0	1	89600
179.216	n/a	0	1	89608
179.232	n/a	0	1	89616
179.25	n/a	0	1	89625
179.266	n/a	0	1	89633
179.282	n/a	1	2	89641
179.3	n/a	1	2	89650
179.316	n/a	1	2	89658
179.332	n/a	1	2	89666
179.35	n/a	0	1	89675
179.366	n/a	0	1	89683
179.382	n/a	0	1	89691
179.4	n/a	0	1	89700
179.416	n/a	0	1	89708
179.432	n/a	0	1	89716
179.45	n/a	0	1	89725
179.466	n/a	0	1	89733
179.482	n/a	0	1	89741
179.5	n/a	0	1	89750
179.516	n/a	0	1	89758
179.532	n/a	0	1	89766
179.55	n/a	0	1	89775
179.566	n/a	0	1	89783
179.582	n/a	1	2	89791
179.6	n/a	1	2	89800
179.616	n/a	1	2	89808
179.632	n/a	1	2	89816
179.65	n/a	0	1	89825
179.666	n/a	0	1	89833
179.682	n/a	0	1	89841
179.7	n/a	0	1	89850
179.716	n/a	0	1	89858
179.732	n/a	0	1	89866
179.75	n/a	0	1	89875
179.766	n/a	0	1	89883
179.782	n/a	0	1	89891
179.8	n/a	0	1	89900
179.816	n/a	0	1	89908
179.832	n/a	0	1	89916
179.85	n/a	0	1	89925
179.866	n/a	0	1	89933
179.882	n/a	0	1	89941
179.9	n/a	0	1	89950
179.916	n/a	0	1	89958
179.932	n/a	0	1	89966
179.95	n/a	0	1	89975
179.966	n/a	0	1	89983
179.982	n/a	0	1	89991
180.0	n/a	0	1	90000
180.016	n/a	1	2	90008
180.032	n/a	1	2	90016
180.05	n/a	1	2	90025
180.066	n/a	1	2	90033
181.55	n/a	0	1	90775
181.566	n/a	1	2	90783
181.582	n/a	1	2	90791
181.6	n/a	1	2	90800
181.616	n/a	1	2	90808
181.632	n/a	0	1	90816
181.65	n/a	0	1	90825
181.666	n/a	0	1	90833
181.682	n/a	0	1	90841
181.7	n/a	0	1	90850
181.716	n/a	0	1	90858
181.732	n/a	0	1	90866
181.75	n/a	0	1	90875
181.766	n/a	0	1	90883
181.782	n/a	0	1	90891
181.8	n/a	0	1	90900
181.816	n/a	0	1	90908
181.832	n/a	0	1	90916
181.85	n/a	0	1	90925
181.866	n/a	0	1	90933
181.882	n/a	0	1	90941
181.9	n/a	0	1	90950
181.916	n/a	0	1	90958
181.932	n/a	0	1	90966
181.95	n/a	0	1	90975
181.966	n/a	0	1	90983
181.982	n/a	0	1	90991
182.0	n/a	0	1	91000
182.016	n/a	0	1	91008
182.032	n/a	0	1	91016
182.05	n/a	1	2	91025
182.066	n/a	1	2	91033
182.082	n/a	1	2	91041
182.1	n/a	1	2	91050
182.116	n/a	0	1	91058
182.132	n/a	0	1	91066
182.15	n/a	0	1	91075
182.166	n/a	0	1	91083
182.182	n/a	0	1	91091
182.2	n/a	0	1	91100
182.216	n/a	0	1	91108
182.232	n/a	0	1	91116
182.25	n/a	0	1	91125
182.266	n/a	0	1	91133
182.282	n/a	0	1	91141
182.3	n/a	0	1	91150
182.316	n/a	0	1	91158
182.332	n/a	0	1	91166
182.35	n/a	0	1	91175
182.366	n/a	0	1	91183
182.382	n/a	0	1	91191
182.4	n/a	0	1	91200
182.416	n/a	0	1	91208
182.432	n/a	0	1	91216
182.45	n/a	0	1	91225
182.466	n/a	0	1	91233
182.482	n/a	0	1	91241
182.5	n/a	0	1	91250
182.516	n/a	1	2	91258
182.532	n/a	1	2	91266
182.55	n/a	1	2	91275
182.566	n/a	1	2	91283
182.582	n/a	0	1	91291
182.6	n/a	0	1	91300
182.616	n/a	0	1	91308
182.632	n/a	0	1	91316
182.65	n/a	0	1	91325
182.666	n/a	0	1	91333
182.682	n/a	0	1	91341
182.7	n/a	0	1	91350
182.716	n/a	0	1	91358
182.732	n/a	0	1	91366
182.75	n/a	0	1	91375
182.766	n/a	0	1	91383
182.782	n/a	0	1	91391
182.8	n/a	0	1	91400
182.816	n/a	0	1	91408
182.832	n/a	0	1	91416
182.85	n/a	0	1	91425
182.866	n/a	0	1	91433
182.882	n/a	0	1	91441
182.9	n/a	0	1	91450
182.916	n/a	0	1	91458
182.932	n/a	1	2	91466
182.95	n/a	1	2	91475
182.966	n/a	1	2	91483
182.982	n/a	1	2	91491
183.0	n/a	0	1	91500
183.016	n/a	0	1	91508
183.032	n/a	0	1	91516
183.05	n/a	0	1	91525
183.066	n/a	0	1	91533
183.082	n/a	0	1	91541
183.1	n/a	0	1	91550
183.116	n/a	0	1	91558
183.132	n/a	0	1	91566
183.15	n/a	0	1	91575
183.166	n/a	0	1	91583
183.182	n/a	0	1	91591
183.2	n/a	0	1	91600
183.216	n/a	0	1	91608
183.232	n/a	0	1	91616
183.25	n/a	0	1	91625
183.266	n/a	0	1	91633
183.282	n/a	0	1	91641
183.3	n/a	0	1	91650
183.316	n/a	0	1	91658
183.332	n/a	0	1	91666
183.35	n/a	0	1	91675
183.366	n/a	1	2	91683
183.382	n/a	1	2	91691
183.4	n/a	1	2	91700
183.416	n/a	1	2	91708
183.432	n/a	0	1	91716
183.45	n/a	0	1	91725
183.466	n/a	0	1	91733
183.482	n/a	0	1	91741
186.9	n/a	0	1	93450
186.916	n/a	0	1	93458
186.932	n/a	0	1	93466
186.95	n/a	0	1	93475
186.966	n/a	0	1	93483
186.982	n/a	0	1	93491
187.0	n/a	0	1	93500
187.016	n/a	0	1	93508
187.032	n/a	0	1	93516
187.05	n/a	0	1	93525
187.066	n/a	0	1	93533
187.082	n/a	0	1	93541
187.1	n/a	0	1	93550
187.116	n/a	0	1	93558
187.132	n/a	0	1	93566
187.15	n/a	1	2	93575
187.166	n/a	1	2	93583
187.182	n/a	1	2	93591
187.2	n/a	1	2	93600
187.216	n/a	0	1	93608
187.232	n/a	0	1	93616
187.25	n/a	0	1	93625
187.266	n/a	0	1	93633
187.282	n/a	0	1	93641
187.3	n/a	0	1	93650
187.316	n/a	0	1	93658
187.332	n/a	0	1	93666
187.35	n/a	0	1	93675
187.366	n/a	0	1	93683
187.382	n/a	0	1	93691
187.4	n/a	0	1	93700
187.416	n/a	0	1	93708
187.432	n/a	0	1	93716
187.45	n/a	0	1	93725
187.466	n/a	0	1	93733
187.482	n/a	0	1	93741
187.5	n/a	0	1	93750
187.516	n/a	0	1	93758
187.532	n/a	0	1	93766
187.55	n/a	0	1	93775
187.566	n/a	0	1	93783
187.582	n/a	1	2	93791
187.6	n/a	1	2	93800
187.616	n/a	1	2	93808
187.632	n/a	1	2	93816
187.65	n/a	0	1	93825
187.666	n/a	0	1	93833
187.682	n/a	0	1	93841
187.7	n/a	0	1	93850
187.716	n/a	0	1	93858
187.732	n/a	0	1	93866
187.75	n/a	0	1	93875
187.766	n/a	0	1	93883
187.782	n/a	0	1	93891
187.8	n/a	0	1	93900
187.816	n/a	0	1	93908
187.832	n/a	0	1	93916
187.85	n/a	0	1	93925
187.866	n/a	0	1	93933
187.882	n/a	0	1	93941
187.9	n/a	0	1	93950
187.916	n/a	0	1	93958
187.932	n/a	0	1	93966
187.95	n/a	0	1	93975
187.966	n/a	0	1	93983
187.982	n/a	0	1	93991
188.0	n/a	0	1	94000
188.016	n/a	0	1	94008
188.032	n/a	0	1	94016
188.05	n/a	1	2	94025
188.066	n/a	1	2	94033
188.082	n/a	1	2	94041
188.1	n/a	1	2	94050
188.116	n/a	0	1	94058
188.132	n/a	0	1	94066
188.15	n/a	0	1	94075
188.166	n/a	0	1	94083
188.182	n/a	0	1	94091
188.2	n/a	0	1	94100
188.216	n/a	0	1	94108
188.232	n/a	0	1	94116
188.25	n/a	0	1	94125
188.266	n/a	0	1	94133
188.282	n/a	0	1	94141
188.3	n/a	0	1	94150
188.316	n/a	0	1	94158
188.332	n/a	0	1	94166
188.35	n/a	1	2	94175
188.366	n/a	1	2	94183
188.382	n/a	1	2	94191
188.4	n/a	1	2	94200
188.416	n/a	0	1	94208
188.432	n/a	0	1	94216
188.45	n/a	0	1	94225
188.466	n/a	0	1	94233
188.482	n/a	0	1	94241
188.5	n/a	0	1	94250
188.516	n/a	0	1	94258
188.532	n/a	0	1	94266
188.55	n/a	0	1	94275
188.566	n/a	0	1	94283
188.582	n/a	0	1	94291
188.6	n/a	0	1	94300
188.616	n/a	0	1	94308
188.632	n/a	0	1	94316
188.65	n/a	0	1	94325
188.666	n/a	0	1	94333
188.682	n/a	0	1	94341
188.7	n/a	0	1	94350
188.716	n/a	0	1	94358
188.732	n/a	0	1	94366
188.75	n/a	0	1	94375
188.766	n/a	0	1	94383
188.782	n/a	1	2	94391
188.8	n/a	1	2	94400
188.816	n/a	1	2	94408
188.832	n/a	1	2	94416
190.316	n/a	0	1	95158
190.332	n/a	0	1	95166
190.35	n/a	0	1	95175
190.366	n/a	0	1	95183
190.382	n/a	0	1	95191
190.4	n/a	0	1	95200
190.416	n/a	0	1	95208
190.432	n/a	0	1	95216
190.45	n/a	0	1	95225
190.466	n/a	0	1	95233
190.482	n/a	0	1	95241
190.5	n/a	0	1	95250
190.516	n/a	0	1	95258
190.532	n/a	0	1	95266
190.55	n/a	0	1	95275
190.566	n/a	0	1	95283
190.582	n/a	0	1	95291
190.6	n/a	0	1	95300
190.616	n/a	1	2	95308
190.632	n/a	1	2	95316
190.65	n/a	1	2	95325
190.666	n/a	1	2	95333
190.682	n/a	0	1	95341
190.7	n/a	0	1	95350
190.716	n/a	0	1	95358
190.732	n/a	0	1	95366
190.75	n/a	0	1	95375
190.766	n/a	0	1	95383
190.782	n/a	0	1	95391
190.8	n/a	0	1	95400
190.816	n/a	0	1	95408
190.832	n/a	0	1	95416
190.85	n/a	0	1	95425
190.866	n/a	0	1	95433
190.882	n/a	0	1	95441
190.9	n/a	0	1	95450
190.916	n/a	0	1	95458
190.932	n/a	0	1	95466
190.95	n/a	0	1	95475
190.966	n/a	0	1	95483
190.982	n/a	0	1	95491
191.0	n/a	0	1	95500
191.016	n/a	1	2	95508
191.032	n/a	1	2	95516
191.05	n/a	1	2	95525
191.066	n/a	1	2	95533
191.082	n/a	0	1	95541
191.1	n/a	0	1	95550
191.116	n/a	0	1	95558
191.132	n/a	0	1	95566
191.15	n/a	0	1	95575
191.166	n/a	0	1	95583
191.182	n/a	0	1	95591
191.2	n/a	0	1	95600
191.216	n/a	0	1	95608
191.232	n/a	0	1	95616
191.25	n/a	0	1	95625
191.266	n/a	0	1	95633
191.282	n/a	0	1	95641
191.3	n/a	1	2	95650
191.316	n/a	1	2	95658
191.332	n/a	1	2	95666
191.35	n/a	1	2	95675
191.366	n/a	0	1	95683
191.382	n/a	0	1	95691
191.4	n/a	0	1	95700
191.416	n/a	0	1	95708
191.432	n/a	0	1	95716
191.45	n/a	0	1	95725
191.466	n/a	0	1	95733
191.482	n/a	0	1	95741
191.5	n/a	0	1	95750
191.516	n/a	0	1	95758
191.532	n/a	0	1	95766
191.55	n/a	0	1	95775
191.566	n/a	0	1	95783
191.582	n/a	0	1	95791
191.6	n/a	0	1	95800
191.616	n/a	0	1	95808
191.632	n/a	0	1	95816
191.65	n/a	0	1	95825
191.666	n/a	1	2	95833
191.682	n/a	1	2	95841
191.7	n/a	1	2	95850
191.716	n/a	1	2	95858
191.732	n/a	0	1	95866
191.75	n/a	0	1	95875
191.766	n/a	0	1	95883
191.782	n/a	0	1	95891
191.8	n/a	0	1	95900
191.816	n/a	0	1	95908
191.832	n/a	0	1	95916
191.85	n/a	0	1	95925
191.866	n/a	0	1	95933
191.882	n/a	0	1	95941
191.9	n/a	0	1	95950
191.916	n/a	0	1	95958
191.932	n/a	0	1	95966
191.95	n/a	0	1	95975
191.966	n/a	0	1	95983
191.982	n/a	0	1	95991
192.0	n/a	0	1	96000
192.016	n/a	0	1	96008
192.032	n/a	0	1	96016
192.05	n/a	0	1	96025
192.066	n/a	0	1	96033
192.082	n/a	0	1	96041
192.1	n/a	0	1	96050
192.116	n/a	0	1	96058
192.132	n/a	1	2	96066
192.15	n/a	1	2	96075
192.166	n/a	1	2	96083
192.182	n/a	1	2	96091
192.2	n/a	0	1	96100
192.216	n/a	0	1	96108
192.232	n/a	0	1	96116
192.25	n/a	0	1	96125
193.732	n/a	0	1	96866
193.75	n/a	1	2	96875
193.766	n/a	1	2	96883
193.782	n/a	1	2	96891
193.8	n/a	1	2	96900
193.816	n/a	0	1	96908
193.832	n/a	0	1	96916
193.85	n/a	0	1	96925
193.866	n/a	0	1	96933
193.882	n/a	0	1	96941
193.9	n/a	0	1	96950
193.916	n/a	0	1	96958
193.932	n/a	0	1	96966
193.95	n/a	0	1	96975
193.966	n/a	0	1	96983
193.982	n/a	0	1	96991
194.0	n/a	0	1	97000
194.016	n/a	0	1	97008
194.032	n/a	0	1	97016
194.05	n/a	0	1	97025
194.066	n/a	0	1	97033
194.082	n/a	0	1	97041
194.1	n/a	0	1	97050
194.116	n/a	0	1	97058
194.132	n/a	0	1	97066
194.15	n/a	0	1	97075
194.166	n/a	0	1	97083
194.182	n/a	0	1	97091
194.2	n/a	0	1	97100
194.216	n/a	0	1	97108
194.232	n/a	1	2	97116
194.25	n/a	1	2	97125
194.266	n/a	1	2	97133
194.282	n/a	1	2	97141
194.3	n/a	0	1	97150
194.316	n/a	0	1	97158
194.332	n/a	0	1	97166
194.35	n/a	0	1	97175
194.366	n/a	0	1	97183
194.382	n/a	0	1	97191
194.4	n/a	0	1	97200
194.416	n/a	0	1	97208
194.432	n/a	0	1	97216
194.45	n/a	0	1	97225
194.466	n/a	0	1	97233
194.482	n/a	0	1	97241
194.5	n/a	0	1	97250
194.516	n/a	0	1	97258
194.532	n/a	0	1	97266
194.55	n/a	0	1	97275
194.566	n/a	0	1	97283
194.582	n/a	0	1	97291
194.6	n/a	0	1	97300
194.616	n/a	0	1	97308
194.632	n/a	0	1	97316
194.65	n/a	0	1	97325
194.666	n/a	0	1	97333
194.682	n/a	0	1	97341
194.7	n/a	1	2	97350
194.716	n/a	1	2	97358
194.732	n/a	1	2	97366
194.75	n/a	1	2	97375
194.766	n/a	0	1	97383
194.782	n/a	0	1	97391
194.8	n/a	0	1	97400
194.816	n/a	0	1	97408
194.832	n/a	0	1	97416
194.85	n/a	0	1	97425
194.866	n/a	0	1	97433
194.882	n/a	0	1	97441
194.9	n/a	0	1	97450
194.916	n/a	0	1	97458
194.932	n/a	0	1	97466
194.95	n/a	0	1	97475
194.966	n/a	0	1	97483
194.982	n/a	0	1	97491
195.0	n/a	0	1	97500
195.016	n/a	0	1	97508
195.032	n/a	0	1	97516
195.05	n/a	0	1	97525
195.066	n/a	0	1	97533
195.082	n/a	0	1	97541
195.1	n/a	0	1	97550
195.116	n/a	1	2	97558
195.132	n/a	1	2	97566
195.15	n/a	1	2	97575
195.166	n/a	1	2	97583
195.182	n/a	0	1	97591
195.2	n/a	0	1	97600
195.216	n/a	0	1	97608
195.232	n/a	0	1	97616
195.25	n/a	0	1	97625
195.266	n/a	0	1	97633
195.282	n/a	0	1	97641
195.3	n/a	0	1	97650
195.316	n/a	0	1	97658
195.332	n/a	0	1	97666
195.35	n/a	0	1	97675
195.366	n/a	0	1	97683
195.382	n/a	0	1	97691
195.4	n/a	0	1	97700
195.416	n/a	0	1	97708
195.432	n/a	0	1	97716
195.45	n/a	0	1	97725
195.466	n/a	0	1	97733
195.482	n/a	0	1	97741
195.5	n/a	0	1	97750
195.516	n/a	0	1	97758
195.532	n/a	0	1	97766
195.55	n/a	1	2	97775
195.566	n/a	1	2	97783
195.582	n/a	1	2	97791
195.6	n/a	1	2	97800
195.616	n/a	0	1	97808
195.632	n/a	0	1	97816
195.65	n/a	0	1	97825
195.666	n/a	0	1	97833
197.15	n/a	0	1	98575
197.166	n/a	0	1	98583
197.182	n/a	0	1	98591
197.2	n/a	0	1	98600
197.216	n/a	0	1	98608
197.232	n/a	0	1	98616
197.25	n/a	0	1	98625
197.266	n/a	0	1	98633
197.282	n/a	0	1	98641
197.3	n/a	0	1	98650
197.316	n/a	0	1	98658
197.332	n/a	0	1	98666
197.35	n/a	0	1	98675
197.366	n/a	0	1	98683
197.382	n/a	0	1	98691
197.4	n/a	0	1	98700
197.416	n/a	0	1	98708
197.432	n/a	0	1	98716
197.45	n/a	0	1	98725
197.466	n/a	0	1	98733
197.482	n/a	0	1	98741
197.5	n/a	0	1	98750
197.516	n/a	0	1	98758
197.532	n/a	1	2	98766
197.55	n/a	1	2	98775
197.566	n/a	1	2	98783
197.582	n/a	1	2	98791
197.6	n/a	0	1	98800
197.616	n/a	0	1	98808
197.632	n/a	0	1	98816
197.65	n/a	0	1	98825
197.666	n/a	0	1	98833
197.682	n/a	0	1	98841
197.7	n/a	0	1	98850
197.716	n/a	0	1	98858
197.732	n/a	0	1	98866
197.75	n/a	0	1	98875
197.766	n/a	0	1	98883
197.782	n/a	0	1	98891
197.8	n/a	0	1	98900
197.816	n/a	0	1	98908
197.832	n/a	0	1	98916
197.85	n/a	0	1	98925
197.866	n/a	0	1	98933
197.882	n/a	0	1	98941
197.9	n/a	0	1	98950
197.916	n/a	1	2	98958
197.932	n/a	1	2	98966
197.95	n/a	1	2	98975
197.966	n/a	1	2	98983
197.982	n/a	0	1	98991
198.0	n/a	0	1	99000
198.016	n/a	0	1	99008
198.032	n/a	0	1	99016
198.05	n/a	0	1	99025
198.066	n/a	0	1	99033
198.082	n/a	0	1	99041
198.1	n/a	0	1	99050
198.116	n/a	0	1	99058
198.132	n/a	0	1	99066
198.15	n/a	0	1	99075
198.166	n/a	0	1	99083
198.182	n/a	0	1	99091
198.2	n/a	0	1	99100
198.216	n/a	1	2	99108
198.232	n/a	1	2	99116
198.25	n/a	1	2	99125
198.266	n/a	1	2	99133
198.282	n/a	0	1	99141
198.3	n/a	0	1	99150
198.316	n/a	0	1	99158
198.332	n/a	0	1	99166
198.35	n/a	0	1	99175
198.366	n/a	0	1	99183
198.382	n/a	0	1	99191
198.4	n/a	0	1	99200
198.416	n/a	0	1	99208
198.432	n/a	0	1	99216
198.45	n/a	0	1	99225
198.466	n/a	0	1	99233
198.482	n/a	0	1	99241
198.5	n/a	1	2	99250
198.516	n/a	1	2	99258
198.532	n/a	1	2	99266
198.55	n/a	1	2	99275
198.566	n/a	0	1	99283
198.582	n/a	0	1	99291
198.6	n/a	0	1	99300
198.616	n/a	0	1	99308
198.632	n/a	0	1	99316
198.65	n/a	0	1	99325
198.666	n/a	0	1	99333
198.682	n/a	0	1	99341
198.7	n/a	0	1	99350
198.716	n/a	0	1	99358
198.732	n/a	0	1	99366
198.75	n/a	0	1	99375
198.766	n/a	0	1	99383
198.782	n/a	0	1	99391
198.8	n/a	0	1	99400
198.816	n/a	0	1	99408
198.832	n/a	1	2	99416
198.85	n/a	1	2	99425
198.866	n/a	1	2	99433
198.882	n/a	1	2	99441
198.9	n/a	0	1	99450
198.916	n/a	0	1	99458
198.932	n/a	0	1	99466
198.95	n/a	0	1	99475
198.966	n/a	0	1	99483
198.982	n/a	0	1	99491
199.0	n/a	0	1	99500
199.016	n/a	0	1	99508
199.032	n/a	0	1	99516
199.05	n/a	0	1	99525
199.066	n/a	0	1	99533
199.082	n/a	0	1	99541
201.95	n/a	0	1	100975
201.966	n/a	0	1	100983
201.982	n/a	0	1	100991
202.0	n/a	0	1	101000
202.016	n/a	0	1	101008
202.032	n/a	0	1	101016
202.05	n/a	0	1	101025
202.066	n/a	0	1	101033
202.082	n/a	0	1	101041
202.1	n/a	0	1	101050
202.116	n/a	0	1	101058
202.132	n/a	0	1	101066
202.15	n/a	0	1	101075
202.166	n/a	0	1	101083
202.182	n/a	0	1	101091
202.2	n/a	1	2	101100
202.216	n/a	1	2	101108
202.232	n/a	1	2	101116
202.25	n/a	1	2	101125
202.266	n/a	0	1	101133
202.282	n/a	0	1	101141
202.3	n/a	0	1	101150
202.316	n/a	0	1	101158
202.332	n/a	0	1	101166
202.35	n/a	0	1	101175
202.366	n/a	0	1	101183
202.382	n/a	0	1	101191
202.4	n/a	0	1	101200
202.416	n/a	0	1	101208
202.432	n/a	0	1	101216
202.45	n/a	0	1	101225
202.466	n/a	0	1	101233
202.482	n/a	0	1	101241
202.5	n/a	0	1	101250
202.516	n/a	0	1	101258
202.532	n/a	0	1	101266
202.55	n/a	0	1	101275
202.566	n/a	0	1	101283
202.582	n/a	0	1	101291
202.6	n/a	0	1	101300
202.616	n/a	0	1	101308
202.632	n/a	1	2	101316
202.65	n/a	1	2	101325
202.666	n/a	1	2	101333
202.682	n/a	1	2	101341
202.7	n/a	0	1	101350
202.716	n/a	0	1	101358
202.732	n/a	0	1	101366
202.75	n/a	0	1	101375
202.766	n/a	0	1	101383
202.782	n/a	0	1	101391
202.8	n/a	0	1	101400
202.816	n/a	0	1	101408
202.832	n/a	0	1	101416
202.85	n/a	0	1	101425
202.866	n/a	0	1	101433
202.882	n/a	0	1	101441
202.9	n/a	0	1	101450
202.916	n/a	0	1	101458
202.932	n/a	0	1	101466
202.95	n/a	0	1	101475
202.966	n/a	0	1	101483
202.982	n/a	0	1	101491
203.0	n/a	0	1	101500
203.016	n/a	0	1	101508
203.032	n/a	0	1	101516
203.05	n/a	0	1	101525
203.066	n/a	0	1	101533
203.082	n/a	0	1	101541
203.1	n/a	1	2	101550
203.116	n/a	1	2	101558
203.132	n/a	1	2	101566
203.15	n/a	1	2	101575
203.166	n/a	0	1	101583
203.182	n/a	0	1	101591
203.2	n/a	0	1	101600
203.216	n/a	0	1	101608
203.232	n/a	0	1	101616
203.25	n/a	0	1	101625
203.266	n/a	0	1	101633
203.282	n/a	0	1	101641
203.3	n/a	0	1	101650
203.316	n/a	0	1	101658
203.332	n/a	0	1	101666
203.35	n/a	0	1	101675
203.366	n/a	0	1	101683
203.382	n/a	0	1	101691
203.4	n/a	1	2	101700
203.416	n/a	1	2	101708
203.432	n/a	1	2	101716
203.45	n/a	1	2	101725
203.466	n/a	0	1	101733
203.482	n/a	0	1	101741
203.5	n/a	0	1	101750
203.516	n/a	0	1	101758
203.532	n/a	0	1	101766
203.55	n/a	0	1	101775
203.566	n/a	0	1	101783
203.582	n/a	0	1	101791
203.6	n/a	0	1	101800
203.616	n/a	0	1	101808
203.632	n/a	0	1	101816
203.65	n/a	0	1	101825
203.666	n/a	0	1	101833
203.682	n/a	0	1	101841
203.7	n/a	0	1	101850
203.716	n/a	0	1	101858
203.732	n/a	0	1	101866
203.75	n/a	0	1	101875
203.766	n/a	0	1	101883
203.782	n/a	0	1	101891
203.8	n/a	0	1	101900
203.816	n/a	0	1	101908
203.832	n/a	1	2	101916
203.85	n/a	1	2	101925
203.866	n/a	1	2	101933
203.882	n/a	1	2	101941
205.366	n/a	0	1	102683
205.382	n/a	1	2	102691
205.4	n/a	1	2	102700
205.416	n/a	1	2	102708
205.432	n/a	1	2	102716
205.45	n/a	0	1	102725
205.466	n/a	0	1	102733
205.482	n/a	0	1	102741
205.5	n/a	0	1	102750
205.516	n/a	0	1	102758
205.532	n/a	0	1	102766
205.55	n/a	0	1	102775
205.566	n/a	0	1	102783
205.582	n/a	0	1	102791
205.6	n/a	0	1	102800
205.616	n/a	0	1	102808
205.632	n/a	0	1	102816
205.65	n/a	0	1	102825
205.666	n/a	0	1	102833
205.682	n/a	0	1	102841
205.7	n/a	0	1	102850
205.716	n/a	0	1	102858
205.732	n/a	0	1	102866
205.75	n/a	0	1	102875
205.766	n/a	0	1	102883
205.782	n/a	0	1	102891
205.8	n/a	0	1	102900
205.816	n/a	0	1	102908
205.832	n/a	0	1	102916
205.85	n/a	0	1	102925
205.866	n/a	1	2	102933
205.882	n/a	1	2	102941
205.9	n/a	1	2	102950
205.916	n/a	1	2	102958
205.932	n/a	0	1	102966
205.95	n/a	0	1	102975
205.966	n/a	0	1	102983
205.982	n/a	0	1	102991
206.0	n/a	0	1	103000
206.016	n/a	0	1	103008
206.032	n/a	0	1	103016
206.05	n/a	0	1	103025
206.066	n/a	0	1	103033
206.082	n/a	0	1	103041
206.1	n/a	0	1	103050
206.116	n/a	0	1	103058
206.132	n/a	0	1	103066
206.15	n/a	0	1	103075
206.166	n/a	0	1	103083
206.182	n/a	0	1	103091
206.2	n/a	0	1	103100
206.216	n/a	0	1	103108
206.232	n/a	0	1	103116
206.25	n/a	0	1	103125
206.266	n/a	0	1	103133
206.282	n/a	0	1	103141
206.3	n/a	0	1	103150
206.316	n/a	0	1	103158
206.332	n/a	1	2	103166
206.35	n/a	1	2	103175
206.366	n/a	1	2	103183
206.382	n/a	1	2	103191
206.4	n/a	0	1	103200
206.416	n/a	0	1	103208
206.432	n/a	0	1	103216
206.45	n/a	0	1	103225
206.466	n/a	0	1	103233
206.482	n/a	0	1	103241
206.5	n/a	0	1	103250
206.516	n/a	0	1	103258
206.532	n/a	0	1	103266
206.55	n/a	0	1	103275
206.566	n/a	0	1	103283
206.582	n/a	0	1	103291
206.6	n/a	0	1	103300
206.616	n/a	0	1	103308
206.632	n/a	0	1	103316
206.65	n/a	0	1	103325
206.666	n/a	0	1	103333
206.682	n/a	0	1	103341
206.7	n/a	0	1	103350
206.716	n/a	0	1	103358
206.732	n/a	0	1	103366
206.75	n/a	1	2	103375
206.766	n/a	1	2	103383
206.782	n/a	1	2	103391
206.8	n/a	1	2	103400
206.816	n/a	0	1	103408
206.832	n/a	0	1	103416
206.85	n/a	0	1	103425
206.866	n/a	0	1	103433
206.882	n/a	0	1	103441
206.9	n/a	0	1	103450
206.916	n/a	0	1	103458
206.932	n/a	0	1	103466
206.95	n/a	0	1	103475
206.966	n/a	0	1	103483
206.982	n/a	0	1	103491
207.0	n/a	0	1	103500
207.016	n/a	0	1	103508
207.032	n/a	0	1	103516
207.05	n/a	0	1	103525
207.066	n/a	0	1	103533
207.082	n/a	0	1	103541
207.1	n/a	0	1	103550
207.116	n/a	0	1	103558
207.132	n/a	0	1	103566
207.15	n/a	0	1	103575
207.166	n/a	0	1	103583
207.182	n/a	1	2	103591
207.2	n/a	1	2	103600
207.216	n/a	1	2	103608
207.232	n/a	1	2	103616
207.25	n/a	0	1	103625
207.266	n/a	0	1	103633
207.282	n/a	0	1	103641
207.3	n/a	0	1	103650
208.782	n/a	0	1	104391
208.8	n/a	0	1	104400
208.816	n/a	0	1	104408
208.832	n/a	0	1	104416
208.85	n/a	0	1	104425
208.866	n/a	0	1	104433
208.882	n/a	0	1	104441
208.9	n/a	0	1	104450
208.916	n/a	0	1	104458
208.932	n/a	0	1	104466
208.95	n/a	0	1	104475
208.966	n/a	0	1	104483
208.982	n/a	0	1	104491
209.0	n/a	0	1	104500
209.016	n/a	0	1	104508
209.032	n/a	0	1	104516
209.05	n/a	0	1	104525
209.066	n/a	0	1	104533
209.082	n/a	0	1	104541
209.1	n/a	0	1	104550
209.116	n/a	0	1	104558
209.132	n/a	0	1	104566
209.15	n/a	0	1	104575
209.166	n/a	1	2	104583
209.182	n/a	1	2	104591
209.2	n/a	1	2	104600
209.216	n/a	1	2	104608
209.232	n/a	0	1	104616
209.25	n/a	0	1	104625
209.266	n/a	0	1	104633
209.282	n/a	0	1	104641
209.3	n/a	0	1	104650
209.316	n/a	0	1	104658
209.332	n/a	0	1	104666
209.35	n/a	0	1	104675
209.366	n/a	0	1	104683
209.382	n/a	0	1	104691
209.4	n/a	0	1	104700
209.416	n/a	0	1	104708
209.432	n/a	0	1	104716
209.45	n/a	0	1	104725
209.466	n/a	0	1	104733
209.482	n/a	0	1	104741
209.5	n/a	0	1	104750
209.516	n/a	0	1	104758
209.532	n/a	0	1	104766
209.55	n/a	1	2	104775
209.566	n/a	1	2	104783
209.582	n/a	1	2	104791
209.6	n/a	1	2	104800
209.616	n/a	0	1	104808
209.632	n/a	0	1	104816
209.65	n/a	0	1	104825
209.666	n/a	0	1	104833
209.682	n/a	0	1	104841
209.7	n/a	0	1	104850
209.716	n/a	0	1	104858
209.732	n/a	0	1	104866
209.75	n/a	0	1	104875
209.766	n/a	0	1	104883
209.782	n/a	0	1	104891
209.8	n/a	0	1	104900
209.816	n/a	0	1	104908
209.832	n/a	0	1	104916
209.85	n/a	1	2	104925
209.866	n/a	1	2	104933
209.882	n/a	1	2	104941
209.9	n/a	1	2	104950
209.916	n/a	0	1	104958
209.932	n/a	0	1	104966
209.95	n/a	0	1	104975
209.966	n/a	0	1	104983
209.982	n/a	0	1	104991
210.0	n/a	0	1	105000
210.016	n/a	0	1	105008
210.032	n/a	0	1	105016
210.05	n/a	0	1	105025
210.066	n/a	0	1	105033
210.082	n/a	0	1	105041
210.1	n/a	0	1	105050
210.116	n/a	0	1	105058
210.132	n/a	1	2	105066
210.15	n/a	1	2	105075
210.166	n/a	1	2	105083
210.182	n/a	1	2	105091
210.2	n/a	0	1	105100
210.216	n/a	0	1	105108
210.232	n/a	0	1	105116
210.25	n/a	0	1	105125
210.266	n/a	0	1	105133
210.282	n/a	0	1	105141
210.3	n/a	0	1	105150
210.316	n/a	0	1	105158
210.332	n/a	0	1	105166
210.35	n/a	0	1	105175
210.366	n/a	0	1	105183
210.382	n/a	0	1	105191
210.4	n/a	0	1	105200
210.416	n/a	0	1	105208
210.432	n/a	0	1	105216
210.45	n/a	0	1	105225
210.466	n/a	1	2	105233
210.482	n/a	1	2	105241
210.5	n/a	1	2	105250
210.516	n/a	1	2	105258
210.532	n/a	0	1	105266
210.55	n/a	0	1	105275
210.566	n/a	0	1	105283
210.582	n/a	0	1	105291
210.6	n/a	0	1	105300
210.616	n/a	0	1	105308
210.632	n/a	0	1	105316
210.65	n/a	0	1	105325
210.666	n/a	0	1	105333
210.682	n/a	0	1	105341
210.7	n/a	0	1	105350
210.716	n/a	0	1	105358
212.2	n/a	0	1	106100
212.216	n/a	0	1	106108
212.232	n/a	0	1	106116
212.25	n/a	0	1	106125
212.266	n/a	0	1	106133
212.282	n/a	0	1	106141
212.3	n/a	0	1	106150
212.316	n/a	0	1	106158
212.332	n/a	0	1	106166
212.35	n/a	0	1	106175
212.366	n/a	0	1	106183
212.382	n/a	0	1	106191
212.4	n/a	0	1	106200
212.416	n/a	0	1	106208
212.432	n/a	0	1	106216
212.45	n/a	0	1	106225
212.466	n/a	0	1	106233
212.482	n/a	0	1	106241
212.5	n/a	1	2	106250
212.516	n/a	1	2	106258
212.532	n/a	1	2	106266
212.55	n/a	1	2	106275
212.566	n/a	0	1	106283
212.582	n/a	0	1	106291
212.6	n/a	0	1	106300
212.616	n/a	0	1	106308
212.632	n/a	0	1	106316
212.65	n/a	0	1	106325
212.666	n/a	0	1	106333
212.682	n/a	0	1	106341
212.7	n/a	0	1	106350
212.716	n/a	0	1	106358
212.732	n/a	0	1	106366
212.75	n/a	0	1	106375
212.766	n/a	0	1	106383
212.782	n/a	0	1	106391
212.8	n/a	0	1	106400
212.816	n/a	0	1	106408
212.832	n/a	0	1	106416
212.85	n/a	0	1	106425
212.866	n/a	0	1	106433
212.882	n/a	0	1	106441
212.9	n/a	1	2	106450
212.916	n/a	1	2	106458
212.932	n/a	1	2	106466
212.95	n/a	1	2	106475
212.966	n/a	0	1	106483
212.982	n/a	0	1	106491
213.0	n/a	0	1	106500
213.016	n/a	0	1	106508
213.032	n/a	0	1	106516
213.05	n/a	0	1	106525
213.066	n/a	0	1	106533
213.082	n/a	0	1	106541
213.1	n/a	0	1	106550
213.116	n/a	0	1	106558
213.132	n/a	0	1	106566
213.15	n/a	0	1	106575
213.166	n/a	0	1	106583
213.182	n/a	1	2	106591
213.2	n/a	1	2	106600
213.216	n/a	1	2	106608
213.232	n/a	1	2	106616
213.25	n/a	0	1	106625
213.266	n/a	0	1	106633
213.282	n/a	0	1	106641
213.3	n/a	0	1	106650
213.316	n/a	0	1	106658
213.332	n/a	0	1	106666
213.35	n/a	0	1	106675
213.366	n/a	0	1	106683
213.382	n/a	0	1	106691
213.4	n/a	0	1	106700
213.416	n/a	0	1	106708
213.432	n/a	0	1	106716
213.45	n/a	0	1	106725
213.466	n/a	0	1	106733
213.482	n/a	0	1	106741
213.5	n/a	0	1	106750
213.516	n/a	0	1	106758
213.532	n/a	0	1	106766
213.55	n/a	1	2	106775
213.566	n/a	1	2	106783
213.582	n/a	1	2	106791
213.6	n/a	1	2	106800
213.616	n/a	0	1	106808
213.632	n/a	0	1	106816
213.65	n/a	0	1	106825
213.666	n/a	0	1	106833
213.682	n/a	0	1	106841
213.7	n/a	0	1	106850
213.716	n/a	0	1	106858
213.732	n/a	0	1	106866
213.75	n/a	0	1	106875
213.766	n/a	0	1	106883
213.782	n/a	0	1	106891
213.8	n/a	0	1	106900
213.816	n/a	0	1	106908
213.832	n/a	0	1	106916
213.85	n/a	0	1	106925
213.866	n/a	0	1	106933
213.882	n/a	0	1	106941
213.9	n/a	0	1	106950
213.916	n/a	0	1	106958
213.932	n/a	0	1	106966
213.95	n/a	0	1	106975
213.966	n/a	0	1	106983
213.982	n/a	0	1	106991
214.0	n/a	0	1	107000
214.016	n/a	1	2	107008
214.032	n/a	1	2	107016
214.05	n/a	1	2	107025
214.066	n/a	1	2	107033
214.082	n/a	0	1	107041
214.1	n/a	0	1	107050
214.116	n/a	0	1	107058
214.132	n/a	0	1	107066
217.082	n/a	0	1	108541
217.1	n/a	0	1	108550
217.116	n/a	0	1	108558
217.132	n/a	0	1	108566
217.15	n/a	0	1	108575
217.166	n/a	0	1	108583
217.182	n/a	0	1	108591
217.2	n/a	0	1	108600
217.216	n/a	0	1	108608
217.232	n/a	0	1	108616
217.25	n/a	0	1	108625
217.266	n/a	0	1	108633
217.282	n/a	0	1	108641
217.3	n/a	0	1	108650
217.316	n/a	0	1	108658
217.332	n/a	1	2	108666
217.35	n/a	1	2	108675
217.366	n/a	1	2	108683
217.382	n/a	1	2	108691
217.4	n/a	0	1	108700
217.416	n/a	0	1	108708
217.432	n/a	0	1	108716
217.45	n/a	0	1	108725
217.466	n/a	0	1	108733
217.482	n/a	0	1	108741
217.5	n/a	0	1	108750
217.516	n/a	0	1	108758
217.532	n/a	0	1	108766
217.55	n/a	0	1	108775
217.566	n/a	0	1	108783
217.582	n/a	0	1	108791
217.6	n/a	0	1	108800
217.616	n/a	0	1	108808
217.632	n/a	0	1	108816
217.65	n/a	0	1	108825
217.666	n/a	0	1	108833
217.682	n/a	0	1	108841
217.7	n/a	0	1	108850
217.716	n/a	0	1	108858
217.732	n/a	0	1	108866
217.75	n/a	0	1	108875
217.766	n/a	1	2	108883
217.782	n/a	1	2	108891
217.8	n/a	1	2	108900
217.816	n/a	1	2	108908
217.832	n/a	0	1	108916
217.85	n/a	0	1	108925
217.866	n/a	0	1	108933
217.882	n/a	0	1	108941
217.9	n/a	0	1	108950
217.916	n/a	0	1	108958
217.932	n/a	0	1	108966
217.95	n/a	0	1	108975
217.966	n/a	0	1	108983
217.982	n/a	0	1	108991
218.0	n/a	0	1	109000
218.016	n/a	0	1	109008
218.032	n/a	0	1	109016
218.05	n/a	0	1	109025
218.066	n/a	0	1	109033
218.082	n/a	0	1	109041
218.1	n/a	0	1	109050
218.116	n/a	0	1	109058
218.132	n/a	0	1	109066
218.15	n/a	0	1	109075
218.166	n/a	0	1	109083
218.182	n/a	0	1	109091
218.2	n/a	0	1	109100
218.216	n/a	0	1	109108
218.232	n/a	1	2	109116
218.25	n/a	1	2	109125
218.266	n/a	1	2	109133
218.282	n/a	1	2	109141
218.3	n/a	0	1	109150
218.316	n/a	0	1	109158
218.332	n/a	0	1	109166
218.35	n/a	0	1	109175
218.366	n/a	0	1	109183
218.382	n/a	0	1	109191
218.4	n/a	0	1	109200
218.416	n/a	0	1	109208
218.432	n/a	0	1	109216
218.45	n/a	0	1	109225
218.466	n/a	0	1	109233
218.482	n/a	0	1	109241
218.5	n/a	0	1	109250
218.516	n/a	0	1	109258
218.532	n/a	1	2	109266
218.55	n/a	1	2	109275
218.566	n/a	1	2	109283
218.582	n/a	1	2	109291
218.6	n/a	0	1	109300
218.616	n/a	0	1	109308
218.632	n/a	0	1	109316
218.65	n/a	0	1	109325
218.666	n/a	0	1	109333
218.682	n/a	0	1	109341
218.7	n/a	0	1	109350
218.716	n/a	0	1	109358
218.732	n/a	0	1	109366
218.75	n/a	0	1	109375
218.766	n/a	0	1	109383
218.782	n/a	0	1	109391
218.8	n/a	0	1	109400
218.816	n/a	0	1	109408
218.832	n/a	0	1	109416
218.85	n/a	0	1	109425
218.866	n/a	0	1	109433
218.882	n/a	0	1	109441
218.9	n/a	0	1	109450
218.916	n/a	0	1	109458
218.932	n/a	0	1	109466
218.95	n/a	0	1	109475
218.966	n/a	1	2	109483
218.982	n/a	1	2	109491
219.0	n/a	1	2	109500
219.016	n/a	1	2	109508
220.5	n/a	0	1	110250
220.516	n/a	0	1	110258
220.532	n/a	0	1	110266
220.55	n/a	0	1	110275
220.566	n/a	0	1	110283
220.582	n/a	0	1	110291
220.6	n/a	0	1	110300
220.616	n/a	0	1	110308
220.632	n/a	0	1	110316
220.65	n/a	0	1	110325
220.666	n/a	0	1	110333
220.682	n/a	0	1	110341
220.7	n/a	0	1	110350
220.716	n/a	0	1	110358
220.732	n/a	0	1	110366
220.75	n/a	0	1	110375
220.766	n/a	0	1	110383
220.782	n/a	0	1	110391
220.8	n/a	1	2	110400
220.816	n/a	1	2	110408
220.832	n/a	1	2	110416
220.85	n/a	1	2	110425
220.866	n/a	0	1	110433
220.882	n/a	0	1	110441
220.9	n/a	0	1	110450
220.916	n/a	0	1	110458
220.932	n/a	0	1	110466
220.95	n/a	0	1	110475
220.966	n/a	0	1	110483
220.982	n/a	0	1	110491
221.0	n/a	0	1	110500
221.016	n/a	0	1	110508
221.032	n/a	0	1	110516
221.05	n/a	0	1	110525
221.066	n/a	0	1	110533
221.082	n/a	0	1	110541
221.1	n/a	0	1	110550
221.116	n/a	0	1	110558
221.132	n/a	0	1	110566
221.15	n/a	0	1	110575
221.166	n/a	0	1	110583
221.182	n/a	0	1	110591
221.2	n/a	1	2	110600
221.216	n/a	1	2	110608
221.232	n/a	1	2	110616
221.25	n/a	1	2	110625
221.266	n/a	0	1	110633
221.282	n/a	0	1	110641
221.3	n/a	0	1	110650
221.316	n/a	0	1	110658
221.332	n/a	0	1	110666
221.35	n/a	0	1	110675
221.366	n/a	0	1	110683
221.382	n/a	0	1	110691
221.4	n/a	0	1	110700
221.416	n/a	0	1	110708
221.432	n/a	0	1	110716
221.45	n/a	0	1	110725
221.466	n/a	0	1	110733
221.482	n/a	1	2	110741
221.5	n/a	1	2	110750
221.516	n/a	1	2	110758
221.532	n/a	1	2	110766
221.55	n/a	0	1	110775
221.566	n/a	0	1	110783
221.582	n/a	0	1	110791
221.6	n/a	0	1	110800
221.616	n/a	0	1	110808
221.632	n/a	0	1	110816
221.65	n/a	0	1	110825
221.666	n/a	0	1	110833
221.682	n/a	0	1	110841
221.7	n/a	0	1	110850
221.716	n/a	0	1	110858
221.732	n/a	0	1	110866
221.75	n/a	0	1	110875
221.766	n/a	0	1	110883
221.782	n/a	0	1	110891
221.8	n/a	0	1	110900
221.816	n/a	0	1	110908
221.832	n/a	0	1	110916
221.85	n/a	1	2	110925
221.866	n/a	1	2	110933
221.882	n/a	1	2	110941
221.9	n/a	1	2	110950
221.916	n/a	0	1	110958
221.932	n/a	0	1	110966
221.95	n/a	0	1	110975
221.966	n/a	0	1	110983
221.982	n/a	0	1	110991
222.0	n/a	0	1	111000
222.016	n/a	0	1	111008
222.032	n/a	0	1	111016
222.05	n/a	0	1	111025
222.066	n/a	0	1	111033
222.082	n/a	0	1	111041
222.1	n/a	0	1	111050
222.116	n/a	0	1	111058
222.132	n/a	0	1	111066
222.15	n/a	0	1	111075
222.166	n/a	0	1	111083
222.182	n/a	0	1	111091
222.2	n/a	0	1	111100
222.216	n/a	0	1	111108
222.232	n/a	0	1	111116
222.25	n/a	0	1	111125
222.266	n/a	0	1	111133
222.282	n/a	0	1	111141
222.3	n/a	0	1	111150
222.316	n/a	1	2	111158
222.332	n/a	1	2	111166
222.35	n/a	1	2	111175
222.366	n/a	1	2	111183
222.382	n/a	0	1	111191
222.4	n/a	0	1	111200
222.416	n/a	0	1	111208
222.432	n/a	0	1	111216
223.916	n/a	0	1	111958
223.932	n/a	0	1	111966
223.95	n/a	0	1	111975
223.966	n/a	0	1	111983
223.982	n/a	0	1	111991
224.0	n/a	0	1	112000
224.016	n/a	0	1	112008
224.032	n/a	0	1	112016
224.05	n/a	0	1	112025
224.066	n/a	0	1	112033
224.082	n/a	0	1	112041
224.1	n/a	0	1	112050
224.116	n/a	0	1	112058
224.132	n/a	0	1	112066
224.15	n/a	0	1	112075
224.166	n/a	0	1	112083
224.182	n/a	0	1	112091
224.2	n/a	0	1	112100
224.216	n/a	0	1	112108
224.232	n/a	0	1	112116
224.25	n/a	0	1	112125
224.266	n/a	0	1	112133
224.282	n/a	0	1	112141
224.3	n/a	1	2	112150
224.316	n/a	1	2	112158
224.332	n/a	1	2	112166
224.35	n/a	1	2	112175
224.366	n/a	0	1	112183
224.382	n/a	0	1	112191
224.4	n/a	0	1	112200
224.416	n/a	0	1	112208
224.432	n/a	0	1	112216
224.45	n/a	0	1	112225
224.466	n/a	0	1	112233
224.482	n/a	0	1	112241
224.5	n/a	0	1	112250
224.516	n/a	0	1	112258
224.532	n/a	0	1	112266
224.55	n/a	0	1	112275
224.566	n/a	0	1	112283
224.582	n/a	0	1	112291
224.6	n/a	0	1	112300
224.616	n/a	0	1	112308
224.632	n/a	0	1	112316
224.65	n/a	0	1	112325
224.666	n/a	0	1	112333
224.682	n/a	1	2	112341
224.7	n/a	1	2	112350
224.716	n/a	1	2	112358
224.732	n/a	1	2	112366
224.75	n/a	0	1	112375
224.766	n/a	0	1	112383
224.782	n/a	0	1	112391
224.8	n/a	0	1	112400
224.816	n/a	0	1	112408
224.832	n/a	0	1	112416
224.85	n/a	0	1	112425
224.866	n/a	0	1	112433
224.882	n/a	0	1	112441
224.9	n/a	0	1	112450
224.916	n/a	0	1	112458
224.932	n/a	0	1	112466
224.95	n/a	0	1	112475
224.966	n/a	0	1	112483
224.982	n/a	1	2	112491
225.0	n/a	1	2	112500
225.016	n/a	1	2	112508
225.032	n/a	1	2	112516
225.05	n/a	0	1	112525
225.066	n/a	0	1	112533
225.082	n/a	0	1	112541
225.1	n/a	0	1	112550
225.116	n/a	0	1	112558
225.132	n/a	0	1	112566
225.15	n/a	0	1	112575
225.166	n/a	0	1	112583
225.182	n/a	0	1	112591
225.2	n/a	0	1	112600
225.216	n/a	0	1	112608
225.232	n/a	0	1	112616
225.25	n/a	0	1	112625
225.266	n/a	1	2	112633
225.282	n/a	1	2	112641
225.3	n/a	1	2	112650
225.316	n/a	1	2	112658
225.332	n/a	0	1	112666
225.35	n/a	0	1	112675
225.366	n/a	0	1	112683
225.382	n/a	0	1	112691
225.4	n/a	0	1	112700
225.416	n/a	0	1	112708
225.432	n/a	0	1	112716
225.45	n/a	0	1	112725
225.466	n/a	0	1	112733
225.482	n/a	0	1	112741
225.5	n/a	0	1	112750
225.516	n/a	0	1	112758
225.532	n/a	0	1	112766
225.55	n/a	0	1	112775
225.566	n/a	0	1	112783
225.582	n/a	0	1	112791
225.6	n/a	1	2	112800
225.616	n/a	1	2	112808
225.632	n/a	1	2	112816
225.65	n/a	1	2	112825
225.666	n/a	0	1	112833
225.682	n/a	0	1	112841
225.7	n/a	0	1	112850
225.716	n/a	0	1	112858
225.732	n/a	0	1	112866
225.75	n/a	0	1	112875
225.766	n/a	0	1	112883
225.782	n/a	0	1	112891
225.8	n/a	0	1	112900
225.816	n/a	0	1	112908
225.832	n/a	0	1	112916
225.85	n/a	0	1	112925
227.332	n/a	0	1	113666
227.35	n/a	1	2	113675
227.366	n/a	1	2	113683
227.382	n/a	1	2	113691
227.4	n/a	1	2	113700
227.416	n/a	0	1	113708
227.432	n/a	0	1	113716
227.45	n/a	0	1	113725
227.466	n/a	0	1	113733
227.482	n/a	0	1	113741
227.5	n/a	0	1	113750
227.516	n/a	0	1	113758
227.532	n/a	0	1	113766
227.55	n/a	0	1	113775
227.566	n/a	0	1	113783
227.582	n/a	0	1	113791
227.6	n/a	0	1	113800
227.616	n/a	0	1	113808
227.632	n/a	0	1	113816
227.65	n/a	0	1	113825
227.666	n/a	0	1	113833
227.682	n/a	0	1	113841
227.7	n/a	0	1	113850
227.716	n/a	0	1	113858
227.732	n/a	0	1	113866
227.75	n/a	0	1	113875
227.766	n/a	0	1	113883
227.782	n/a	0	1	113891
227.8	n/a	0	1	113900
227.816	n/a	0	1	113908
227.832	n/a	1	2	113916
227.85	n/a	1	2	113925
227.866	n/a	1	2	113933
227.882	n/a	1	2	113941
227.9	n/a	0	1	113950
227.916	n/a	0	1	113958
227.932	n/a	0	1	113966
227.95	n/a	0	1	113975
227.966	n/a	0	1	113983
227.982	n/a	0	1	113991
228.0	n/a	0	1	114000
228.016	n/a	0	1	114008
228.032	n/a	0	1	114016
228.05	n/a	0	1	114025
228.066	n/a	0	1	114033
228.082	n/a	0	1	114041
228.1	n/a	0	1	114050
228.116	n/a	0	1	114058
228.132	n/a	0	1	114066
228.15	n/a	0	1	114075
228.166	n/a	0	1	114083
228.182	n/a	0	1	114091
228.2	n/a	0	1	114100
228.216	n/a	0	1	114108
228.232	n/a	0	1	114116
228.25	n/a	0	1	114125
228.266	n/a	0	1	114133
228.282	n/a	0	1	114141
228.3	n/a	1	2	114150
228.316	n/a	1	2	114158
228.332	n/a	1	2	114166
228.35	n/a	1	2	114175
228.366	n/a	0	1	114183
228.382	n/a	0	1	114191
228.4	n/a	0	1	114200
228.416	n/a	0	1	114208
228.432	n/a	0	1	114216
228.45	n/a	0	1	114225
228.466	n/a	0	1	114233
228.482	n/a	0	1	114241
228.5	n/a	0	1	114250
228.516	n/a	0	1	114258
228.532	n/a	0	1	114266
228.55	n/a	0	1	114275
228.566	n/a	0	1	114283
228.582	n/a	0	1	114291
228.6	n/a	0	1	114300
228.616	n/a	0	1	114308
228.632	n/a	0	1	114316
228.65	n/a	0	1	114325
228.666	n/a	0	1	114333
228.682	n/a	0	1	114341
228.7	n/a	0	1	114350
228.716	n/a	1	2	114358
228.732	n/a	1	2	114366
228.75	n/a	1	2	114375
228.766	n/a	1	2	114383
228.782	n/a	0	1	114391
228.8	n/a	0	1	114400
228.816	n/a	0	1	114408
228.832	n/a	0	1	114416
228.85	n/a	0	1	114425
228.866	n/a	0	1	114433
228.882	n/a	0	1	114441
228.9	n/a	0	1	114450
228.916	n/a	0	1	114458
228.932	n/a	0	1	114466
228.95	n/a	0	1	114475
228.966	n/a	0	1	114483
228.982	n/a	0	1	114491
229.0	n/a	0	1	114500
229.016	n/a	0	1	114508
229.032	n/a	0	1	114516
229.05	n/a	0	1	114525
229.066	n/a	0	1	114533
229.082	n/a	0	1	114541
229.1	n/a	0	1	114550
229.116	n/a	0	1	114558
229.132	n/a	0	1	114566
229.15	n/a	1	2	114575
229.166	n/a	1	2	114583
229.182	n/a	1	2	114591
229.2	n/a	1	2	114600
229.216	n/a	0	1	114608
229.232	n/a	0	1	114616
229.25	n/a	0	1	114625
229.266	n/a	0	1	114633
