onset	duration	trial_type	value	sample
16.816	n/a	0	1	8408
16.832	n/a	0	1	8416
16.85	n/a	0	1	8425
16.866	n/a	0	1	8433
16.882	n/a	0	1	8441
16.9	n/a	0	1	8450
16.916	n/a	0	1	8458
16.932	n/a	0	1	8466
16.95	n/a	0	1	8475
16.966	n/a	0	1	8483
16.982	n/a	0	1	8491
17.0	n/a	0	1	8500
17.016	n/a	0	1	8508
17.032	n/a	0	1	8516
17.05	n/a	0	1	8525
17.066	n/a	0	1	8533
17.082	n/a	0	1	8541
17.1	n/a	0	1	8550
17.116	n/a	1	2	8558
17.132	n/a	1	2	8566
17.15	n/a	1	2	8575
17.166	n/a	1	2	8583
17.182	n/a	0	1	8591
17.2	n/a	0	1	8600
17.216	n/a	0	1	8608
17.232	n/a	0	1	8616
17.25	n/a	0	1	8625
17.266	n/a	0	1	8633
17.282	n/a	0	1	8641
17.3	n/a	0	1	8650
17.316	n/a	0	1	8658
17.332	n/a	0	1	8666
17.35	n/a	0	1	8675
17.366	n/a	0	1	8683
17.382	n/a	0	1	8691
17.4	n/a	0	1	8700
17.416	n/a	0	1	8708
17.432	n/a	0	1	8716
17.45	n/a	0	1	8725
17.466	n/a	0	1	8733
17.482	n/a	0	1	8741
17.5	n/a	0	1	8750
17.516	n/a	1	2	8758
17.532	n/a	1	2	8766
17.55	n/a	1	2	8775
17.566	n/a	1	2	8783
17.582	n/a	0	1	8791
17.6	n/a	0	1	8800
17.616	n/a	0	1	8808
17.632	n/a	0	1	8816
17.65	n/a	0	1	8825
17.666	n/a	0	1	8833
17.682	n/a	0	1	8841
17.7	n/a	0	1	8850
17.716	n/a	0	1	8858
17.732	n/a	0	1	8866
17.75	n/a	0	1	8875
17.766	n/a	0	1	8883
17.782	n/a	0	1	8891
17.8	n/a	1	2	8900
17.816	n/a	1	2	8908
17.832	n/a	1	2	8916
17.85	n/a	1	2	8925
17.866	n/a	0	1	8933
17.882	n/a	0	1	8941
17.9	n/a	0	1	8950
17.916	n/a	0	1	8958
17.932	n/a	0	1	8966
17.95	n/a	0	1	8975
17.966	n/a	0	1	8983
17.982	n/a	0	1	8991
18.0	n/a	0	1	9000
18.016	n/a	0	1	9008
18.032	n/a	0	1	9016
18.05	n/a	0	1	9025
18.066	n/a	0	1	9033
18.082	n/a	0	1	9041
18.1	n/a	0	1	9050
18.116	n/a	0	1	9058
18.132	n/a	0	1	9066
18.15	n/a	0	1	9075
18.166	n/a	1	2	9083
18.182	n/a	1	2	9091
18.2	n/a	1	2	9100
18.216	n/a	1	2	9108
18.232	n/a	0	1	9116
18.25	n/a	0	1	9125
18.266	n/a	0	1	9133
18.282	n/a	0	1	9141
18.3	n/a	0	1	9150
18.316	n/a	0	1	9158
18.332	n/a	0	1	9166
18.35	n/a	0	1	9175
18.366	n/a	0	1	9183
18.382	n/a	0	1	9191
18.4	n/a	0	1	9200
18.416	n/a	0	1	9208
18.432	n/a	0	1	9216
18.45	n/a	0	1	9225
18.466	n/a	0	1	9233
18.482	n/a	0	1	9241
18.5	n/a	0	1	9250
18.516	n/a	0	1	9258
18.532	n/a	0	1	9266
18.55	n/a	0	1	9275
18.566	n/a	0	1	9283
18.582	n/a	0	1	9291
18.6	n/a	0	1	9300
18.616	n/a	0	1	9308
18.632	n/a	1	2	9316
18.65	n/a	1	2	9325
18.666	n/a	1	2	9333
18.682	n/a	1	2	9341
18.7	n/a	0	1	9350
18.716	n/a	0	1	9358
18.732	n/a	0	1	9366
18.75	n/a	0	1	9375
20.232	n/a	0	1	10116
20.25	n/a	0	1	10125
20.266	n/a	0	1	10133
20.282	n/a	0	1	10141
20.3	n/a	0	1	10150
20.316	n/a	0	1	10158
20.332	n/a	0	1	10166
20.35	n/a	0	1	10175
20.366	n/a	0	1	10183
20.382	n/a	0	1	10191
20.4	n/a	0	1	10200
20.416	n/a	0	1	10208
20.432	n/a	0	1	10216
20.45	n/a	0	1	10225
20.466	n/a	0	1	10233
20.482	n/a	1	2	10241
20.5	n/a	1	2	10250
20.516	n/a	1	2	10258
20.532	n/a	1	2	10266
20.55	n/a	0	1	10275
20.566	n/a	0	1	10283
20.582	n/a	0	1	10291
20.6	n/a	0	1	10300
20.616	n/a	0	1	10308
20.632	n/a	0	1	10316
20.65	n/a	0	1	10325
20.666	n/a	0	1	10333
20.682	n/a	0	1	10341
20.7	n/a	0	1	10350
20.716	n/a	0	1	10358
20.732	n/a	0	1	10366
20.75	n/a	0	1	10375
20.766	n/a	0	1	10383
20.782	n/a	0	1	10391
20.8	n/a	0	1	10400
20.816	n/a	0	1	10408
20.832	n/a	0	1	10416
20.85	n/a	0	1	10425
20.866	n/a	0	1	10433
20.882	n/a	0	1	10441
20.9	n/a	0	1	10450
20.916	n/a	1	2	10458
20.932	n/a	1	2	10466
20.95	n/a	1	2	10475
20.966	n/a	1	2	10483
20.982	n/a	0	1	10491
21.0	n/a	0	1	10500
21.016	n/a	0	1	10508
21.032	n/a	0	1	10516
21.05	n/a	0	1	10525
21.066	n/a	0	1	10533
21.082	n/a	0	1	10541
21.1	n/a	0	1	10550
21.116	n/a	0	1	10558
21.132	n/a	0	1	10566
21.15	n/a	0	1	10575
21.166	n/a	0	1	10583
21.182	n/a	0	1	10591
21.2	n/a	0	1	10600
21.216	n/a	0	1	10608
21.232	n/a	0	1	10616
21.25	n/a	0	1	10625
21.266	n/a	0	1	10633
21.282	n/a	0	1	10641
21.3	n/a	0	1	10650
21.316	n/a	0	1	10658
21.332	n/a	0	1	10666
21.35	n/a	0	1	10675
21.366	n/a	0	1	10683
21.382	n/a	1	2	10691
21.4	n/a	1	2	10700
21.416	n/a	1	2	10708
21.432	n/a	1	2	10716
21.45	n/a	0	1	10725
21.466	n/a	0	1	10733
21.482	n/a	0	1	10741
21.5	n/a	0	1	10750
21.516	n/a	0	1	10758
21.532	n/a	0	1	10766
21.55	n/a	0	1	10775
21.566	n/a	0	1	10783
21.582	n/a	0	1	10791
21.6	n/a	0	1	10800
21.616	n/a	0	1	10808
21.632	n/a	0	1	10816
21.65	n/a	0	1	10825
21.666	n/a	0	1	10833
21.682	n/a	1	2	10841
21.7	n/a	1	2	10850
21.716	n/a	1	2	10858
21.732	n/a	1	2	10866
21.75	n/a	0	1	10875
21.766	n/a	0	1	10883
21.782	n/a	0	1	10891
21.8	n/a	0	1	10900
21.816	n/a	0	1	10908
21.832	n/a	0	1	10916
21.85	n/a	0	1	10925
21.866	n/a	0	1	10933
21.882	n/a	0	1	10941
21.9	n/a	0	1	10950
21.916	n/a	0	1	10958
21.932	n/a	0	1	10966
21.95	n/a	0	1	10975
21.966	n/a	0	1	10983
21.982	n/a	0	1	10991
22.0	n/a	0	1	11000
22.016	n/a	0	1	11008
22.032	n/a	0	1	11016
22.05	n/a	0	1	11025
22.066	n/a	0	1	11033
22.082	n/a	0	1	11041
22.1	n/a	0	1	11050
22.116	n/a	1	2	11058
22.132	n/a	1	2	11066
22.15	n/a	1	2	11075
22.166	n/a	1	2	11083
23.65	n/a	0	1	11825
23.666	n/a	0	1	11833
23.682	n/a	0	1	11841
23.7	n/a	0	1	11850
23.716	n/a	0	1	11858
23.732	n/a	0	1	11866
23.75	n/a	0	1	11875
23.766	n/a	0	1	11883
23.782	n/a	0	1	11891
23.8	n/a	0	1	11900
23.816	n/a	0	1	11908
23.832	n/a	0	1	11916
23.85	n/a	0	1	11925
23.866	n/a	0	1	11933
23.882	n/a	0	1	11941
23.9	n/a	0	1	11950
23.916	n/a	0	1	11958
23.932	n/a	0	1	11966
23.95	n/a	0	1	11975
23.966	n/a	0	1	11983
23.982	n/a	0	1	11991
24.0	n/a	0	1	12000
24.016	n/a	0	1	12008
24.032	n/a	1	2	12016
24.05	n/a	1	2	12025
24.066	n/a	1	2	12033
24.082	n/a	1	2	12041
24.1	n/a	0	1	12050
24.116	n/a	0	1	12058
24.132	n/a	0	1	12066
24.15	n/a	0	1	12075
24.166	n/a	0	1	12083
24.182	n/a	0	1	12091
24.2	n/a	0	1	12100
24.216	n/a	0	1	12108
24.232	n/a	0	1	12116
24.25	n/a	0	1	12125
24.266	n/a	0	1	12133
24.282	n/a	0	1	12141
24.3	n/a	0	1	12150
24.316	n/a	0	1	12158
24.332	n/a	0	1	12166
24.35	n/a	0	1	12175
24.366	n/a	0	1	12183
24.382	n/a	0	1	12191
24.4	n/a	0	1	12200
24.416	n/a	1	2	12208
24.432	n/a	1	2	12216
24.45	n/a	1	2	12225
24.466	n/a	1	2	12233
24.482	n/a	0	1	12241
24.5	n/a	0	1	12250
24.516	n/a	0	1	12258
24.532	n/a	0	1	12266
24.55	n/a	0	1	12275
24.566	n/a	0	1	12283
24.582	n/a	0	1	12291
24.6	n/a	0	1	12300
24.616	n/a	0	1	12308
24.632	n/a	0	1	12316
24.65	n/a	0	1	12325
24.666	n/a	0	1	12333
24.682	n/a	0	1	12341
24.7	n/a	0	1	12350
24.716	n/a	1	2	12358
24.732	n/a	1	2	12366
24.75	n/a	1	2	12375
24.766	n/a	1	2	12383
24.782	n/a	0	1	12391
24.8	n/a	0	1	12400
24.816	n/a	0	1	12408
24.832	n/a	0	1	12416
24.85	n/a	0	1	12425
24.866	n/a	0	1	12433
24.882	n/a	0	1	12441
24.9	n/a	0	1	12450
24.916	n/a	0	1	12458
24.932	n/a	0	1	12466
24.95	n/a	0	1	12475
24.966	n/a	0	1	12483
24.982	n/a	0	1	12491
25.0	n/a	1	2	12500
25.016	n/a	1	2	12508
25.032	n/a	1	2	12516
25.05	n/a	1	2	12525
25.066	n/a	0	1	12533
25.082	n/a	0	1	12541
25.1	n/a	0	1	12550
25.116	n/a	0	1	12558
25.132	n/a	0	1	12566
25.15	n/a	0	1	12575
25.166	n/a	0	1	12583
25.182	n/a	0	1	12591
25.2	n/a	0	1	12600
25.216	n/a	0	1	12608
25.232	n/a	0	1	12616
25.25	n/a	0	1	12625
25.266	n/a	0	1	12633
25.282	n/a	0	1	12641
25.3	n/a	0	1	12650
25.316	n/a	0	1	12658
25.332	n/a	1	2	12666
25.35	n/a	1	2	12675
25.366	n/a	1	2	12683
25.382	n/a	1	2	12691
25.4	n/a	0	1	12700
25.416	n/a	0	1	12708
25.432	n/a	0	1	12716
25.45	n/a	0	1	12725
25.466	n/a	0	1	12733
25.482	n/a	0	1	12741
25.5	n/a	0	1	12750
25.516	n/a	0	1	12758
25.532	n/a	0	1	12766
25.55	n/a	0	1	12775
25.566	n/a	0	1	12783
25.582	n/a	0	1	12791
27.066	n/a	0	1	13533
27.082	n/a	1	2	13541
27.1	n/a	1	2	13550
27.116	n/a	1	2	13558
27.132	n/a	1	2	13566
27.15	n/a	0	1	13575
27.166	n/a	0	1	13583
27.182	n/a	0	1	13591
27.2	n/a	0	1	13600
27.216	n/a	0	1	13608
27.232	n/a	0	1	13616
27.25	n/a	0	1	13625
27.266	n/a	0	1	13633
27.282	n/a	0	1	13641
27.3	n/a	0	1	13650
27.316	n/a	0	1	13658
27.332	n/a	0	1	13666
27.35	n/a	0	1	13675
27.366	n/a	0	1	13683
27.382	n/a	0	1	13691
27.4	n/a	0	1	13700
27.416	n/a	0	1	13708
27.432	n/a	0	1	13716
27.45	n/a	0	1	13725
27.466	n/a	0	1	13733
27.482	n/a	0	1	13741
27.5	n/a	0	1	13750
27.516	n/a	0	1	13758
27.532	n/a	0	1	13766
27.55	n/a	0	1	13775
27.566	n/a	1	2	13783
27.582	n/a	1	2	13791
27.6	n/a	1	2	13800
27.616	n/a	1	2	13808
27.632	n/a	0	1	13816
27.65	n/a	0	1	13825
27.666	n/a	0	1	13833
27.682	n/a	0	1	13841
27.7	n/a	0	1	13850
27.716	n/a	0	1	13858
27.732	n/a	0	1	13866
27.75	n/a	0	1	13875
27.766	n/a	0	1	13883
27.782	n/a	0	1	13891
27.8	n/a	0	1	13900
27.816	n/a	0	1	13908
27.832	n/a	0	1	13916
27.85	n/a	0	1	13925
27.866	n/a	0	1	13933
27.882	n/a	0	1	13941
27.9	n/a	0	1	13950
27.916	n/a	0	1	13958
27.932	n/a	0	1	13966
27.95	n/a	0	1	13975
27.966	n/a	0	1	13983
27.982	n/a	0	1	13991
28.0	n/a	0	1	14000
28.016	n/a	0	1	14008
28.032	n/a	1	2	14016
28.05	n/a	1	2	14025
28.066	n/a	1	2	14033
28.082	n/a	1	2	14041
28.1	n/a	0	1	14050
28.116	n/a	0	1	14058
28.132	n/a	0	1	14066
28.15	n/a	0	1	14075
28.166	n/a	0	1	14083
28.182	n/a	0	1	14091
28.2	n/a	0	1	14100
28.216	n/a	0	1	14108
28.232	n/a	0	1	14116
28.25	n/a	0	1	14125
28.266	n/a	0	1	14133
28.282	n/a	0	1	14141
28.3	n/a	0	1	14150
28.316	n/a	0	1	14158
28.332	n/a	0	1	14166
28.35	n/a	0	1	14175
28.366	n/a	0	1	14183
28.382	n/a	0	1	14191
28.4	n/a	0	1	14200
28.416	n/a	0	1	14208
28.432	n/a	0	1	14216
28.45	n/a	1	2	14225
28.466	n/a	1	2	14233
28.482	n/a	1	2	14241
28.5	n/a	1	2	14250
28.516	n/a	0	1	14258
28.532	n/a	0	1	14266
28.55	n/a	0	1	14275
28.566	n/a	0	1	14283
28.582	n/a	0	1	14291
28.6	n/a	0	1	14300
28.616	n/a	0	1	14308
28.632	n/a	0	1	14316
28.65	n/a	0	1	14325
28.666	n/a	0	1	14333
28.682	n/a	0	1	14341
28.7	n/a	0	1	14350
28.716	n/a	0	1	14358
28.732	n/a	0	1	14366
28.75	n/a	0	1	14375
28.766	n/a	0	1	14383
28.782	n/a	0	1	14391
28.8	n/a	0	1	14400
28.816	n/a	0	1	14408
28.832	n/a	0	1	14416
28.85	n/a	0	1	14425
28.866	n/a	0	1	14433
28.882	n/a	1	2	14441
28.9	n/a	1	2	14450
28.916	n/a	1	2	14458
28.932	n/a	1	2	14466
28.95	n/a	0	1	14475
28.966	n/a	0	1	14483
28.982	n/a	0	1	14491
29.0	n/a	0	1	14500
31.25	n/a	0	1	15625
31.266	n/a	1	2	15633
31.282	n/a	1	2	15641
31.3	n/a	1	2	15650
31.316	n/a	1	2	15658
31.332	n/a	0	1	15666
31.35	n/a	0	1	15675
31.366	n/a	0	1	15683
31.382	n/a	0	1	15691
31.4	n/a	0	1	15700
31.416	n/a	0	1	15708
31.432	n/a	0	1	15716
31.45	n/a	0	1	15725
31.466	n/a	0	1	15733
31.482	n/a	0	1	15741
31.5	n/a	0	1	15750
31.516	n/a	0	1	15758
31.532	n/a	0	1	15766
31.55	n/a	0	1	15775
31.566	n/a	0	1	15783
31.582	n/a	0	1	15791
31.6	n/a	0	1	15800
31.616	n/a	0	1	15808
31.632	n/a	0	1	15816
31.65	n/a	0	1	15825
31.666	n/a	0	1	15833
31.682	n/a	0	1	15841
31.7	n/a	0	1	15850
31.716	n/a	0	1	15858
31.732	n/a	0	1	15866
31.75	n/a	1	2	15875
31.766	n/a	1	2	15883
31.782	n/a	1	2	15891
31.8	n/a	1	2	15900
31.816	n/a	0	1	15908
31.832	n/a	0	1	15916
31.85	n/a	0	1	15925
31.866	n/a	0	1	15933
31.882	n/a	0	1	15941
31.9	n/a	0	1	15950
31.916	n/a	0	1	15958
31.932	n/a	0	1	15966
31.95	n/a	0	1	15975
31.966	n/a	0	1	15983
31.982	n/a	0	1	15991
32.0	n/a	0	1	16000
32.016	n/a	0	1	16008
32.032	n/a	0	1	16016
32.048	n/a	0	1	16024
32.066	n/a	0	1	16033
32.082	n/a	0	1	16041
32.1	n/a	0	1	16050
32.116	n/a	0	1	16058
32.132	n/a	0	1	16066
32.15	n/a	0	1	16075
32.166	n/a	0	1	16083
32.182	n/a	0	1	16091
32.2	n/a	0	1	16100
32.216	n/a	1	2	16108
32.232	n/a	1	2	16116
32.25	n/a	1	2	16125
32.266	n/a	1	2	16133
32.282	n/a	0	1	16141
32.298	n/a	0	1	16149
32.316	n/a	0	1	16158
32.332	n/a	0	1	16166
32.35	n/a	0	1	16175
32.366	n/a	0	1	16183
32.382	n/a	0	1	16191
32.4	n/a	0	1	16200
32.416	n/a	0	1	16208
32.432	n/a	0	1	16216
32.45	n/a	0	1	16225
32.466	n/a	0	1	16233
32.482	n/a	0	1	16241
32.5	n/a	0	1	16250
32.516	n/a	0	1	16258
32.532	n/a	0	1	16266
32.548	n/a	0	1	16274
32.566	n/a	0	1	16283
32.582	n/a	0	1	16291
32.6	n/a	0	1	16300
32.616	n/a	0	1	16308
32.632	n/a	1	2	16316
32.65	n/a	1	2	16325
32.666	n/a	1	2	16333
32.682	n/a	1	2	16341
32.7	n/a	0	1	16350
32.716	n/a	0	1	16358
32.732	n/a	0	1	16366
32.75	n/a	0	1	16375
32.766	n/a	0	1	16383
32.782	n/a	0	1	16391
32.8	n/a	0	1	16400
32.816	n/a	0	1	16408
32.832	n/a	0	1	16416
32.85	n/a	0	1	16425
32.866	n/a	0	1	16433
32.882	n/a	0	1	16441
32.9	n/a	0	1	16450
32.916	n/a	0	1	16458
32.932	n/a	0	1	16466
32.95	n/a	0	1	16475
32.966	n/a	0	1	16483
32.982	n/a	0	1	16491
33.0	n/a	0	1	16500
33.016	n/a	0	1	16508
33.032	n/a	0	1	16516
33.05	n/a	0	1	16525
33.066	n/a	1	2	16533
33.082	n/a	1	2	16541
33.1	n/a	1	2	16550
33.116	n/a	1	2	16558
33.132	n/a	0	1	16566
33.15	n/a	0	1	16575
33.166	n/a	0	1	16583
33.182	n/a	0	1	16591
34.666	n/a	0	1	17333
34.682	n/a	0	1	17341
34.7	n/a	0	1	17350
34.716	n/a	0	1	17358
34.732	n/a	0	1	17366
34.75	n/a	0	1	17375
34.766	n/a	0	1	17383
34.782	n/a	0	1	17391
34.8	n/a	0	1	17400
34.816	n/a	0	1	17408
34.832	n/a	0	1	17416
34.85	n/a	0	1	17425
34.866	n/a	0	1	17433
34.882	n/a	0	1	17441
34.9	n/a	0	1	17450
34.916	n/a	1	2	17458
34.932	n/a	1	2	17466
34.95	n/a	1	2	17475
34.966	n/a	1	2	17483
34.982	n/a	0	1	17491
35.0	n/a	0	1	17500
35.016	n/a	0	1	17508
35.032	n/a	0	1	17516
35.05	n/a	0	1	17525
35.066	n/a	0	1	17533
35.082	n/a	0	1	17541
35.1	n/a	0	1	17550
35.116	n/a	0	1	17558
35.132	n/a	0	1	17566
35.15	n/a	0	1	17575
35.166	n/a	0	1	17583
35.182	n/a	0	1	17591
35.2	n/a	0	1	17600
35.216	n/a	0	1	17608
35.232	n/a	0	1	17616
35.25	n/a	0	1	17625
35.266	n/a	0	1	17633
35.282	n/a	0	1	17641
35.3	n/a	0	1	17650
35.316	n/a	0	1	17658
35.332	n/a	0	1	17666
35.35	n/a	1	2	17675
35.366	n/a	1	2	17683
35.382	n/a	1	2	17691
35.4	n/a	1	2	17700
35.416	n/a	0	1	17708
35.432	n/a	0	1	17716
35.45	n/a	0	1	17725
35.466	n/a	0	1	17733
35.482	n/a	0	1	17741
35.5	n/a	0	1	17750
35.516	n/a	0	1	17758
35.532	n/a	0	1	17766
35.55	n/a	0	1	17775
35.566	n/a	0	1	17783
35.582	n/a	0	1	17791
35.6	n/a	0	1	17800
35.616	n/a	0	1	17808
35.632	n/a	0	1	17816
35.65	n/a	0	1	17825
35.666	n/a	0	1	17833
35.682	n/a	0	1	17841
35.7	n/a	0	1	17850
35.716	n/a	0	1	17858
35.732	n/a	0	1	17866
35.75	n/a	0	1	17875
35.766	n/a	0	1	17883
35.782	n/a	0	1	17891
35.8	n/a	0	1	17900
35.816	n/a	1	2	17908
35.832	n/a	1	2	17916
35.85	n/a	1	2	17925
35.866	n/a	1	2	17933
35.882	n/a	0	1	17941
35.9	n/a	0	1	17950
35.916	n/a	0	1	17958
35.932	n/a	0	1	17966
35.95	n/a	0	1	17975
35.966	n/a	0	1	17983
35.982	n/a	0	1	17991
36.0	n/a	0	1	18000
36.016	n/a	0	1	18008
36.032	n/a	0	1	18016
36.05	n/a	0	1	18025
36.066	n/a	0	1	18033
36.082	n/a	0	1	18041
36.1	n/a	0	1	18050
36.116	n/a	1	2	18058
36.132	n/a	1	2	18066
36.15	n/a	1	2	18075
36.166	n/a	1	2	18083
36.182	n/a	0	1	18091
36.2	n/a	0	1	18100
36.216	n/a	0	1	18108
36.232	n/a	0	1	18116
36.25	n/a	0	1	18125
36.266	n/a	0	1	18133
36.282	n/a	0	1	18141
36.3	n/a	0	1	18150
36.316	n/a	0	1	18158
36.332	n/a	0	1	18166
36.35	n/a	0	1	18175
36.366	n/a	0	1	18183
36.382	n/a	0	1	18191
36.4	n/a	0	1	18200
36.416	n/a	0	1	18208
36.432	n/a	0	1	18216
36.45	n/a	0	1	18225
36.466	n/a	0	1	18233
36.482	n/a	0	1	18241
36.5	n/a	0	1	18250
36.516	n/a	0	1	18258
36.532	n/a	0	1	18266
36.55	n/a	1	2	18275
36.566	n/a	1	2	18283
36.582	n/a	1	2	18291
36.6	n/a	1	2	18300
38.082	n/a	0	1	19041
38.1	n/a	0	1	19050
38.116	n/a	0	1	19058
38.132	n/a	0	1	19066
38.15	n/a	0	1	19075
38.166	n/a	0	1	19083
38.182	n/a	0	1	19091
38.2	n/a	0	1	19100
38.216	n/a	0	1	19108
38.232	n/a	0	1	19116
38.25	n/a	0	1	19125
38.266	n/a	0	1	19133
38.282	n/a	0	1	19141
38.3	n/a	0	1	19150
38.316	n/a	0	1	19158
38.332	n/a	0	1	19166
38.35	n/a	0	1	19175
38.366	n/a	0	1	19183
38.382	n/a	0	1	19191
38.4	n/a	0	1	19200
38.416	n/a	0	1	19208
38.432	n/a	0	1	19216
38.45	n/a	0	1	19225
38.466	n/a	1	2	19233
38.482	n/a	1	2	19241
38.5	n/a	1	2	19250
38.516	n/a	1	2	19258
38.532	n/a	0	1	19266
38.55	n/a	0	1	19275
38.566	n/a	0	1	19283
38.582	n/a	0	1	19291
38.6	n/a	0	1	19300
38.616	n/a	0	1	19308
38.632	n/a	0	1	19316
38.65	n/a	0	1	19325
38.666	n/a	0	1	19333
38.682	n/a	0	1	19341
38.7	n/a	0	1	19350
38.716	n/a	0	1	19358
38.732	n/a	0	1	19366
38.75	n/a	0	1	19375
38.766	n/a	0	1	19383
38.782	n/a	0	1	19391
38.8	n/a	0	1	19400
38.816	n/a	0	1	19408
38.832	n/a	0	1	19416
38.85	n/a	1	2	19425
38.866	n/a	1	2	19433
38.882	n/a	1	2	19441
38.9	n/a	1	2	19450
38.916	n/a	0	1	19458
38.932	n/a	0	1	19466
38.95	n/a	0	1	19475
38.966	n/a	0	1	19483
38.982	n/a	0	1	19491
39.0	n/a	0	1	19500
39.016	n/a	0	1	19508
39.032	n/a	0	1	19516
39.05	n/a	0	1	19525
39.066	n/a	0	1	19533
39.082	n/a	0	1	19541
39.1	n/a	0	1	19550
39.116	n/a	0	1	19558
39.132	n/a	0	1	19566
39.15	n/a	1	2	19575
39.166	n/a	1	2	19583
39.182	n/a	1	2	19591
39.2	n/a	1	2	19600
39.216	n/a	0	1	19608
39.232	n/a	0	1	19616
39.25	n/a	0	1	19625
39.266	n/a	0	1	19633
39.282	n/a	0	1	19641
39.3	n/a	0	1	19650
39.316	n/a	0	1	19658
39.332	n/a	0	1	19666
39.35	n/a	0	1	19675
39.366	n/a	0	1	19683
39.382	n/a	0	1	19691
39.4	n/a	0	1	19700
39.416	n/a	0	1	19708
39.432	n/a	1	2	19716
39.45	n/a	1	2	19725
39.466	n/a	1	2	19733
39.482	n/a	1	2	19741
39.5	n/a	0	1	19750
39.516	n/a	0	1	19758
39.532	n/a	0	1	19766
39.55	n/a	0	1	19775
39.566	n/a	0	1	19783
39.582	n/a	0	1	19791
39.6	n/a	0	1	19800
39.616	n/a	0	1	19808
39.632	n/a	0	1	19816
39.65	n/a	0	1	19825
39.666	n/a	0	1	19833
39.682	n/a	0	1	19841
39.7	n/a	0	1	19850
39.716	n/a	0	1	19858
39.732	n/a	0	1	19866
39.75	n/a	0	1	19875
39.766	n/a	1	2	19883
39.782	n/a	1	2	19891
39.8	n/a	1	2	19900
39.816	n/a	1	2	19908
39.832	n/a	0	1	19916
39.85	n/a	0	1	19925
39.866	n/a	0	1	19933
39.882	n/a	0	1	19941
39.9	n/a	0	1	19950
39.916	n/a	0	1	19958
39.932	n/a	0	1	19966
39.95	n/a	0	1	19975
39.966	n/a	0	1	19983
39.982	n/a	0	1	19991
40.0	n/a	0	1	20000
40.016	n/a	0	1	20008
41.5	n/a	0	1	20750
41.516	n/a	0	1	20758
41.532	n/a	0	1	20766
41.55	n/a	0	1	20775
41.566	n/a	0	1	20783
41.582	n/a	0	1	20791
41.6	n/a	0	1	20800
41.616	n/a	0	1	20808
41.632	n/a	0	1	20816
41.65	n/a	0	1	20825
41.666	n/a	0	1	20833
41.682	n/a	0	1	20841
41.7	n/a	0	1	20850
41.716	n/a	0	1	20858
41.732	n/a	0	1	20866
41.75	n/a	0	1	20875
41.766	n/a	0	1	20883
41.782	n/a	0	1	20891
41.8	n/a	1	2	20900
41.816	n/a	1	2	20908
41.832	n/a	1	2	20916
41.85	n/a	1	2	20925
41.866	n/a	0	1	20933
41.882	n/a	0	1	20941
41.9	n/a	0	1	20950
41.916	n/a	0	1	20958
41.932	n/a	0	1	20966
41.95	n/a	0	1	20975
41.966	n/a	0	1	20983
41.982	n/a	0	1	20991
42.0	n/a	0	1	21000
42.016	n/a	0	1	21008
42.032	n/a	0	1	21016
42.05	n/a	0	1	21025
42.066	n/a	0	1	21033
42.082	n/a	0	1	21041
42.1	n/a	0	1	21050
42.116	n/a	0	1	21058
42.132	n/a	0	1	21066
42.15	n/a	0	1	21075
42.166	n/a	0	1	21083
42.182	n/a	0	1	21091
42.2	n/a	1	2	21100
42.216	n/a	1	2	21108
42.232	n/a	1	2	21116
42.25	n/a	1	2	21125
42.266	n/a	0	1	21133
42.282	n/a	0	1	21141
42.3	n/a	0	1	21150
42.316	n/a	0	1	21158
42.332	n/a	0	1	21166
42.35	n/a	0	1	21175
42.366	n/a	0	1	21183
42.382	n/a	0	1	21191
42.4	n/a	0	1	21200
42.416	n/a	0	1	21208
42.432	n/a	0	1	21216
42.45	n/a	0	1	21225
42.466	n/a	0	1	21233
42.482	n/a	1	2	21241
42.5	n/a	1	2	21250
42.516	n/a	1	2	21258
42.532	n/a	1	2	21266
42.55	n/a	0	1	21275
42.566	n/a	0	1	21283
42.582	n/a	0	1	21291
42.6	n/a	0	1	21300
42.616	n/a	0	1	21308
42.632	n/a	0	1	21316
42.65	n/a	0	1	21325
42.666	n/a	0	1	21333
42.682	n/a	0	1	21341
42.7	n/a	0	1	21350
42.716	n/a	0	1	21358
42.732	n/a	0	1	21366
42.75	n/a	0	1	21375
42.766	n/a	0	1	21383
42.782	n/a	0	1	21391
42.8	n/a	0	1	21400
42.816	n/a	0	1	21408
42.832	n/a	0	1	21416
42.85	n/a	1	2	21425
42.866	n/a	1	2	21433
42.882	n/a	1	2	21441
42.9	n/a	1	2	21450
42.916	n/a	0	1	21458
42.932	n/a	0	1	21466
42.95	n/a	0	1	21475
42.966	n/a	0	1	21483
42.982	n/a	0	1	21491
43.0	n/a	0	1	21500
43.016	n/a	0	1	21508
43.032	n/a	0	1	21516
43.05	n/a	0	1	21525
43.066	n/a	0	1	21533
43.082	n/a	0	1	21541
43.1	n/a	0	1	21550
43.116	n/a	0	1	21558
43.132	n/a	0	1	21566
43.15	n/a	0	1	21575
43.166	n/a	0	1	21583
43.182	n/a	0	1	21591
43.2	n/a	0	1	21600
43.216	n/a	0	1	21608
43.232	n/a	0	1	21616
43.25	n/a	0	1	21625
43.266	n/a	0	1	21633
43.282	n/a	0	1	21641
43.3	n/a	0	1	21650
43.316	n/a	1	2	21658
43.332	n/a	1	2	21666
43.35	n/a	1	2	21675
43.366	n/a	1	2	21683
43.382	n/a	0	1	21691
43.4	n/a	0	1	21700
43.416	n/a	0	1	21708
43.432	n/a	0	1	21716
45.5	n/a	0	1	22750
45.516	n/a	0	1	22758
45.532	n/a	0	1	22766
45.55	n/a	0	1	22775
45.566	n/a	0	1	22783
45.582	n/a	0	1	22791
45.6	n/a	0	1	22800
45.616	n/a	0	1	22808
45.632	n/a	0	1	22816
45.65	n/a	0	1	22825
45.666	n/a	0	1	22833
45.682	n/a	0	1	22841
45.7	n/a	0	1	22850
45.716	n/a	0	1	22858
45.732	n/a	0	1	22866
45.75	n/a	0	1	22875
45.766	n/a	0	1	22883
45.782	n/a	0	1	22891
45.8	n/a	0	1	22900
45.816	n/a	0	1	22908
45.832	n/a	0	1	22916
45.85	n/a	0	1	22925
45.866	n/a	0	1	22933
45.882	n/a	1	2	22941
45.9	n/a	1	2	22950
45.916	n/a	1	2	22958
45.932	n/a	1	2	22966
45.95	n/a	0	1	22975
45.966	n/a	0	1	22983
45.982	n/a	0	1	22991
46.0	n/a	0	1	23000
46.016	n/a	0	1	23008
46.032	n/a	0	1	23016
46.05	n/a	0	1	23025
46.066	n/a	0	1	23033
46.082	n/a	0	1	23041
46.1	n/a	0	1	23050
46.116	n/a	0	1	23058
46.132	n/a	0	1	23066
46.15	n/a	0	1	23075
46.166	n/a	0	1	23083
46.182	n/a	0	1	23091
46.2	n/a	0	1	23100
46.216	n/a	0	1	23108
46.232	n/a	0	1	23116
46.25	n/a	0	1	23125
46.266	n/a	1	2	23133
46.282	n/a	1	2	23141
46.3	n/a	1	2	23150
46.316	n/a	1	2	23158
46.332	n/a	0	1	23166
46.35	n/a	0	1	23175
46.366	n/a	0	1	23183
46.382	n/a	0	1	23191
46.4	n/a	0	1	23200
46.416	n/a	0	1	23208
46.432	n/a	0	1	23216
46.45	n/a	0	1	23225
46.466	n/a	0	1	23233
46.482	n/a	0	1	23241
46.5	n/a	0	1	23250
46.516	n/a	0	1	23258
46.532	n/a	0	1	23266
46.55	n/a	0	1	23275
46.566	n/a	1	2	23283
46.582	n/a	1	2	23291
46.6	n/a	1	2	23300
46.616	n/a	1	2	23308
46.632	n/a	0	1	23316
46.65	n/a	0	1	23325
46.666	n/a	0	1	23333
46.682	n/a	0	1	23341
46.7	n/a	0	1	23350
46.716	n/a	0	1	23358
46.732	n/a	0	1	23366
46.75	n/a	0	1	23375
46.766	n/a	0	1	23383
46.782	n/a	0	1	23391
46.8	n/a	0	1	23400
46.816	n/a	0	1	23408
46.832	n/a	0	1	23416
46.85	n/a	1	2	23425
46.866	n/a	1	2	23433
46.882	n/a	1	2	23441
46.9	n/a	1	2	23450
46.916	n/a	0	1	23458
46.932	n/a	0	1	23466
46.95	n/a	0	1	23475
46.966	n/a	0	1	23483
46.982	n/a	0	1	23491
47.0	n/a	0	1	23500
47.016	n/a	0	1	23508
47.032	n/a	0	1	23516
47.05	n/a	0	1	23525
47.066	n/a	0	1	23533
47.082	n/a	0	1	23541
47.1	n/a	0	1	23550
47.116	n/a	0	1	23558
47.132	n/a	0	1	23566
47.15	n/a	0	1	23575
47.166	n/a	0	1	23583
47.182	n/a	1	2	23591
47.2	n/a	1	2	23600
47.216	n/a	1	2	23608
47.232	n/a	1	2	23616
47.25	n/a	0	1	23625
47.266	n/a	0	1	23633
47.282	n/a	0	1	23641
47.3	n/a	0	1	23650
47.316	n/a	0	1	23658
47.332	n/a	0	1	23666
47.35	n/a	0	1	23675
47.366	n/a	0	1	23683
47.382	n/a	0	1	23691
47.4	n/a	0	1	23700
47.416	n/a	0	1	23708
47.432	n/a	0	1	23716
48.916	n/a	0	1	24458
48.932	n/a	1	2	24466
48.95	n/a	1	2	24475
48.966	n/a	1	2	24483
48.982	n/a	1	2	24491
49.0	n/a	0	1	24500
49.016	n/a	0	1	24508
49.032	n/a	0	1	24516
49.05	n/a	0	1	24525
49.066	n/a	0	1	24533
49.082	n/a	0	1	24541
49.1	n/a	0	1	24550
49.116	n/a	0	1	24558
49.132	n/a	0	1	24566
49.15	n/a	0	1	24575
49.166	n/a	0	1	24583
49.182	n/a	0	1	24591
49.2	n/a	0	1	24600
49.216	n/a	0	1	24608
49.232	n/a	0	1	24616
49.25	n/a	0	1	24625
49.266	n/a	0	1	24633
49.282	n/a	0	1	24641
49.3	n/a	0	1	24650
49.316	n/a	0	1	24658
49.332	n/a	0	1	24666
49.35	n/a	0	1	24675
49.366	n/a	0	1	24683
49.382	n/a	0	1	24691
49.4	n/a	0	1	24700
49.416	n/a	1	2	24708
49.432	n/a	1	2	24716
49.45	n/a	1	2	24725
49.466	n/a	1	2	24733
49.482	n/a	0	1	24741
49.5	n/a	0	1	24750
49.516	n/a	0	1	24758
49.532	n/a	0	1	24766
49.55	n/a	0	1	24775
49.566	n/a	0	1	24783
49.582	n/a	0	1	24791
49.6	n/a	0	1	24800
49.616	n/a	0	1	24808
49.632	n/a	0	1	24816
49.65	n/a	0	1	24825
49.666	n/a	0	1	24833
49.682	n/a	0	1	24841
49.7	n/a	0	1	24850
49.716	n/a	0	1	24858
49.732	n/a	0	1	24866
49.75	n/a	0	1	24875
49.766	n/a	0	1	24883
49.782	n/a	0	1	24891
49.8	n/a	0	1	24900
49.816	n/a	0	1	24908
49.832	n/a	0	1	24916
49.85	n/a	0	1	24925
49.866	n/a	0	1	24933
49.882	n/a	1	2	24941
49.9	n/a	1	2	24950
49.916	n/a	1	2	24958
49.932	n/a	1	2	24966
49.95	n/a	0	1	24975
49.966	n/a	0	1	24983
49.982	n/a	0	1	24991
50.0	n/a	0	1	25000
50.016	n/a	0	1	25008
50.032	n/a	0	1	25016
50.05	n/a	0	1	25025
50.066	n/a	0	1	25033
50.082	n/a	0	1	25041
50.1	n/a	0	1	25050
50.116	n/a	0	1	25058
50.132	n/a	0	1	25066
50.15	n/a	0	1	25075
50.166	n/a	0	1	25083
50.182	n/a	0	1	25091
50.2	n/a	0	1	25100
50.216	n/a	0	1	25108
50.232	n/a	0	1	25116
50.25	n/a	0	1	25125
50.266	n/a	0	1	25133
50.282	n/a	0	1	25141
50.3	n/a	1	2	25150
50.316	n/a	1	2	25158
50.332	n/a	1	2	25166
50.35	n/a	1	2	25175
50.366	n/a	0	1	25183
50.382	n/a	0	1	25191
50.4	n/a	0	1	25200
50.416	n/a	0	1	25208
50.432	n/a	0	1	25216
50.45	n/a	0	1	25225
50.466	n/a	0	1	25233
50.482	n/a	0	1	25241
50.5	n/a	0	1	25250
50.516	n/a	0	1	25258
50.532	n/a	0	1	25266
50.55	n/a	0	1	25275
50.566	n/a	0	1	25283
50.582	n/a	0	1	25291
50.6	n/a	0	1	25300
50.616	n/a	0	1	25308
50.632	n/a	0	1	25316
50.65	n/a	0	1	25325
50.666	n/a	0	1	25333
50.682	n/a	0	1	25341
50.7	n/a	0	1	25350
50.716	n/a	0	1	25358
50.732	n/a	1	2	25366
50.75	n/a	1	2	25375
50.766	n/a	1	2	25383
50.782	n/a	1	2	25391
50.8	n/a	0	1	25400
50.816	n/a	0	1	25408
50.832	n/a	0	1	25416
50.85	n/a	0	1	25425
52.332	n/a	0	1	26166
52.35	n/a	0	1	26175
52.366	n/a	0	1	26183
52.382	n/a	0	1	26191
52.4	n/a	0	1	26200
52.416	n/a	0	1	26208
52.432	n/a	0	1	26216
52.45	n/a	0	1	26225
52.466	n/a	0	1	26233
52.482	n/a	0	1	26241
52.5	n/a	0	1	26250
52.516	n/a	0	1	26258
52.532	n/a	0	1	26266
52.55	n/a	0	1	26275
52.566	n/a	0	1	26283
52.582	n/a	1	2	26291
52.6	n/a	1	2	26300
52.616	n/a	1	2	26308
52.632	n/a	1	2	26316
52.65	n/a	0	1	26325
52.666	n/a	0	1	26333
52.682	n/a	0	1	26341
52.7	n/a	0	1	26350
52.716	n/a	0	1	26358
52.732	n/a	0	1	26366
52.75	n/a	0	1	26375
52.766	n/a	0	1	26383
52.782	n/a	0	1	26391
52.8	n/a	0	1	26400
52.816	n/a	0	1	26408
52.832	n/a	0	1	26416
52.85	n/a	0	1	26425
52.866	n/a	0	1	26433
52.882	n/a	0	1	26441
52.9	n/a	0	1	26450
52.916	n/a	0	1	26458
52.932	n/a	0	1	26466
52.95	n/a	0	1	26475
52.966	n/a	0	1	26483
52.982	n/a	0	1	26491
53.0	n/a	0	1	26500
53.016	n/a	1	2	26508
53.032	n/a	1	2	26516
53.05	n/a	1	2	26525
53.066	n/a	1	2	26533
53.082	n/a	0	1	26541
53.1	n/a	0	1	26550
53.116	n/a	0	1	26558
53.132	n/a	0	1	26566
53.15	n/a	0	1	26575
53.166	n/a	0	1	26583
53.182	n/a	0	1	26591
53.2	n/a	0	1	26600
53.216	n/a	0	1	26608
53.232	n/a	0	1	26616
53.25	n/a	0	1	26625
53.266	n/a	0	1	26633
53.282	n/a	0	1	26641
53.3	n/a	0	1	26650
53.316	n/a	0	1	26658
53.332	n/a	0	1	26666
53.35	n/a	0	1	26675
53.366	n/a	0	1	26683
53.382	n/a	0	1	26691
53.4	n/a	0	1	26700
53.416	n/a	0	1	26708
53.432	n/a	0	1	26716
53.45	n/a	0	1	26725
53.466	n/a	0	1	26733
53.482	n/a	1	2	26741
53.5	n/a	1	2	26750
53.516	n/a	1	2	26758
53.532	n/a	1	2	26766
53.55	n/a	0	1	26775
53.566	n/a	0	1	26783
53.582	n/a	0	1	26791
53.6	n/a	0	1	26800
53.616	n/a	0	1	26808
53.632	n/a	0	1	26816
53.65	n/a	0	1	26825
53.666	n/a	0	1	26833
53.682	n/a	0	1	26841
53.7	n/a	0	1	26850
53.716	n/a	0	1	26858
53.732	n/a	0	1	26866
53.75	n/a	0	1	26875
53.766	n/a	0	1	26883
53.782	n/a	1	2	26891
53.8	n/a	1	2	26900
53.816	n/a	1	2	26908
53.832	n/a	1	2	26916
53.85	n/a	0	1	26925
53.866	n/a	0	1	26933
53.882	n/a	0	1	26941
53.9	n/a	0	1	26950
53.916	n/a	0	1	26958
53.932	n/a	0	1	26966
53.95	n/a	0	1	26975
53.966	n/a	0	1	26983
53.982	n/a	0	1	26991
54.0	n/a	0	1	27000
54.016	n/a	0	1	27008
54.032	n/a	0	1	27016
54.05	n/a	0	1	27025
54.066	n/a	0	1	27033
54.082	n/a	0	1	27041
54.1	n/a	0	1	27050
54.116	n/a	0	1	27058
54.132	n/a	0	1	27066
54.15	n/a	0	1	27075
54.166	n/a	0	1	27083
54.182	n/a	0	1	27091
54.2	n/a	0	1	27100
54.216	n/a	1	2	27108
54.232	n/a	1	2	27116
54.25	n/a	1	2	27125
54.266	n/a	1	2	27133
55.75	n/a	0	1	27875
55.766	n/a	0	1	27883
55.782	n/a	0	1	27891
55.8	n/a	0	1	27900
55.816	n/a	0	1	27908
55.832	n/a	0	1	27916
55.85	n/a	0	1	27925
55.866	n/a	0	1	27933
55.882	n/a	0	1	27941
55.9	n/a	0	1	27950
55.916	n/a	0	1	27958
55.932	n/a	0	1	27966
55.95	n/a	0	1	27975
55.966	n/a	0	1	27983
55.982	n/a	0	1	27991
56.0	n/a	0	1	28000
56.016	n/a	0	1	28008
56.032	n/a	0	1	28016
56.05	n/a	1	2	28025
56.066	n/a	1	2	28033
56.082	n/a	1	2	28041
56.1	n/a	1	2	28050
56.116	n/a	0	1	28058
56.132	n/a	0	1	28066
56.15	n/a	0	1	28075
56.166	n/a	0	1	28083
56.182	n/a	0	1	28091
56.2	n/a	0	1	28100
56.216	n/a	0	1	28108
56.232	n/a	0	1	28116
56.25	n/a	0	1	28125
56.266	n/a	0	1	28133
56.282	n/a	0	1	28141
56.3	n/a	0	1	28150
56.316	n/a	0	1	28158
56.332	n/a	0	1	28166
56.35	n/a	0	1	28175
56.366	n/a	0	1	28183
56.382	n/a	0	1	28191
56.4	n/a	0	1	28200
56.416	n/a	0	1	28208
56.432	n/a	0	1	28216
56.45	n/a	1	2	28225
56.466	n/a	1	2	28233
56.482	n/a	1	2	28241
56.5	n/a	1	2	28250
56.516	n/a	0	1	28258
56.532	n/a	0	1	28266
56.55	n/a	0	1	28275
56.566	n/a	0	1	28283
56.582	n/a	0	1	28291
56.6	n/a	0	1	28300
56.616	n/a	0	1	28308
56.632	n/a	0	1	28316
56.65	n/a	0	1	28325
56.666	n/a	0	1	28333
56.682	n/a	0	1	28341
56.7	n/a	0	1	28350
56.716	n/a	0	1	28358
56.732	n/a	1	2	28366
56.75	n/a	1	2	28375
56.766	n/a	1	2	28383
56.782	n/a	1	2	28391
56.8	n/a	0	1	28400
56.816	n/a	0	1	28408
56.832	n/a	0	1	28416
56.85	n/a	0	1	28425
56.866	n/a	0	1	28433
56.882	n/a	0	1	28441
56.9	n/a	0	1	28450
56.916	n/a	0	1	28458
56.932	n/a	0	1	28466
56.95	n/a	0	1	28475
56.966	n/a	0	1	28483
56.982	n/a	0	1	28491
57.0	n/a	0	1	28500
57.016	n/a	0	1	28508
57.032	n/a	0	1	28516
57.05	n/a	0	1	28525
57.066	n/a	0	1	28533
57.082	n/a	0	1	28541
57.1	n/a	1	2	28550
57.116	n/a	1	2	28558
57.132	n/a	1	2	28566
57.15	n/a	1	2	28575
57.166	n/a	0	1	28583
57.182	n/a	0	1	28591
57.2	n/a	0	1	28600
57.216	n/a	0	1	28608
57.232	n/a	0	1	28616
57.25	n/a	0	1	28625
57.266	n/a	0	1	28633
57.282	n/a	0	1	28641
57.3	n/a	0	1	28650
57.316	n/a	0	1	28658
57.332	n/a	0	1	28666
57.35	n/a	0	1	28675
57.366	n/a	0	1	28683
57.382	n/a	0	1	28691
57.4	n/a	0	1	28700
57.416	n/a	0	1	28708
57.432	n/a	0	1	28716
57.45	n/a	0	1	28725
57.466	n/a	0	1	28733
57.482	n/a	0	1	28741
57.5	n/a	0	1	28750
57.516	n/a	0	1	28758
57.532	n/a	0	1	28766
57.55	n/a	0	1	28775
57.566	n/a	1	2	28783
57.582	n/a	1	2	28791
57.6	n/a	1	2	28800
57.616	n/a	1	2	28808
57.632	n/a	0	1	28816
57.65	n/a	0	1	28825
57.666	n/a	0	1	28833
57.682	n/a	0	1	28841
59.7	n/a	0	1	29850
59.716	n/a	1	2	29858
59.732	n/a	1	2	29866
59.75	n/a	1	2	29875
59.766	n/a	1	2	29883
59.782	n/a	0	1	29891
59.8	n/a	0	1	29900
59.816	n/a	0	1	29908
59.832	n/a	0	1	29916
59.85	n/a	0	1	29925
59.866	n/a	0	1	29933
59.882	n/a	0	1	29941
59.9	n/a	0	1	29950
59.916	n/a	0	1	29958
59.932	n/a	0	1	29966
59.95	n/a	0	1	29975
59.966	n/a	0	1	29983
59.982	n/a	0	1	29991
60.0	n/a	0	1	30000
60.016	n/a	0	1	30008
60.032	n/a	0	1	30016
60.05	n/a	0	1	30025
60.066	n/a	0	1	30033
60.082	n/a	0	1	30041
60.1	n/a	0	1	30050
60.116	n/a	0	1	30058
60.132	n/a	0	1	30066
60.15	n/a	0	1	30075
60.166	n/a	0	1	30083
60.182	n/a	0	1	30091
60.2	n/a	1	2	30100
60.216	n/a	1	2	30108
60.232	n/a	1	2	30116
60.25	n/a	1	2	30125
60.266	n/a	0	1	30133
60.282	n/a	0	1	30141
60.3	n/a	0	1	30150
60.316	n/a	0	1	30158
60.332	n/a	0	1	30166
60.35	n/a	0	1	30175
60.366	n/a	0	1	30183
60.382	n/a	0	1	30191
60.4	n/a	0	1	30200
60.416	n/a	0	1	30208
60.432	n/a	0	1	30216
60.45	n/a	0	1	30225
60.466	n/a	0	1	30233
60.482	n/a	0	1	30241
60.5	n/a	0	1	30250
60.516	n/a	0	1	30258
60.532	n/a	0	1	30266
60.55	n/a	0	1	30275
60.566	n/a	0	1	30283
60.582	n/a	0	1	30291
60.6	n/a	0	1	30300
60.616	n/a	0	1	30308
60.632	n/a	0	1	30316
60.65	n/a	0	1	30325
60.666	n/a	1	2	30333
60.682	n/a	1	2	30341
60.7	n/a	1	2	30350
60.716	n/a	1	2	30358
60.732	n/a	0	1	30366
60.75	n/a	0	1	30375
60.766	n/a	0	1	30383
60.782	n/a	0	1	30391
60.8	n/a	0	1	30400
60.816	n/a	0	1	30408
60.832	n/a	0	1	30416
60.85	n/a	0	1	30425
60.866	n/a	0	1	30433
60.882	n/a	0	1	30441
60.9	n/a	0	1	30450
60.916	n/a	0	1	30458
60.932	n/a	0	1	30466
60.95	n/a	0	1	30475
60.966	n/a	0	1	30483
60.982	n/a	0	1	30491
61.0	n/a	0	1	30500
61.016	n/a	0	1	30508
61.032	n/a	0	1	30516
61.05	n/a	0	1	30525
61.066	n/a	0	1	30533
61.082	n/a	1	2	30541
61.1	n/a	1	2	30550
61.116	n/a	1	2	30558
61.132	n/a	1	2	30566
61.15	n/a	0	1	30575
61.166	n/a	0	1	30583
61.182	n/a	0	1	30591
61.2	n/a	0	1	30600
61.216	n/a	0	1	30608
61.232	n/a	0	1	30616
61.25	n/a	0	1	30625
61.266	n/a	0	1	30633
61.282	n/a	0	1	30641
61.3	n/a	0	1	30650
61.316	n/a	0	1	30658
61.332	n/a	0	1	30666
61.35	n/a	0	1	30675
61.366	n/a	0	1	30683
61.382	n/a	0	1	30691
61.4	n/a	0	1	30700
61.416	n/a	0	1	30708
61.432	n/a	0	1	30716
61.45	n/a	0	1	30725
61.466	n/a	0	1	30733
61.482	n/a	0	1	30741
61.5	n/a	0	1	30750
61.516	n/a	1	2	30758
61.532	n/a	1	2	30766
61.55	n/a	1	2	30775
61.566	n/a	1	2	30783
61.582	n/a	0	1	30791
61.6	n/a	0	1	30800
61.616	n/a	0	1	30808
61.632	n/a	0	1	30816
63.116	n/a	0	1	31558
63.132	n/a	0	1	31566
63.15	n/a	0	1	31575
63.166	n/a	0	1	31583
63.182	n/a	0	1	31591
63.2	n/a	0	1	31600
63.216	n/a	0	1	31608
63.232	n/a	0	1	31616
63.25	n/a	0	1	31625
63.266	n/a	0	1	31633
63.282	n/a	0	1	31641
63.3	n/a	0	1	31650
63.316	n/a	0	1	31658
63.332	n/a	0	1	31666
63.35	n/a	0	1	31675
63.366	n/a	1	2	31683
63.382	n/a	1	2	31691
63.4	n/a	1	2	31700
63.416	n/a	1	2	31708
63.432	n/a	0	1	31716
63.45	n/a	0	1	31725
63.466	n/a	0	1	31733
63.482	n/a	0	1	31741
63.5	n/a	0	1	31750
63.516	n/a	0	1	31758
63.532	n/a	0	1	31766
63.55	n/a	0	1	31775
63.566	n/a	0	1	31783
63.582	n/a	0	1	31791
63.6	n/a	0	1	31800
63.616	n/a	0	1	31808
63.632	n/a	0	1	31816
63.65	n/a	0	1	31825
63.666	n/a	0	1	31833
63.682	n/a	0	1	31841
63.7	n/a	0	1	31850
63.716	n/a	0	1	31858
63.732	n/a	0	1	31866
63.75	n/a	0	1	31875
63.766	n/a	0	1	31883
63.782	n/a	0	1	31891
63.8	n/a	1	2	31900
63.816	n/a	1	2	31908
63.832	n/a	1	2	31916
63.85	n/a	1	2	31925
63.866	n/a	0	1	31933
63.882	n/a	0	1	31941
63.9	n/a	0	1	31950
63.916	n/a	0	1	31958
63.932	n/a	0	1	31966
63.95	n/a	0	1	31975
63.966	n/a	0	1	31983
63.982	n/a	0	1	31991
64.0	n/a	0	1	32000
64.016	n/a	0	1	32008
64.032	n/a	0	1	32016
64.05	n/a	0	1	32025
64.066	n/a	0	1	32033
64.082	n/a	0	1	32041
64.098	n/a	0	1	32049
64.116	n/a	0	1	32058
64.132	n/a	0	1	32066
64.15	n/a	0	1	32075
64.166	n/a	0	1	32083
64.182	n/a	0	1	32091
64.2	n/a	0	1	32100
64.216	n/a	0	1	32108
64.232	n/a	0	1	32116
64.25	n/a	0	1	32125
64.266	n/a	1	2	32133
64.282	n/a	1	2	32141
64.3	n/a	1	2	32150
64.316	n/a	1	2	32158
64.332	n/a	0	1	32166
64.348	n/a	0	1	32174
64.366	n/a	0	1	32183
64.382	n/a	0	1	32191
64.4	n/a	0	1	32200
64.416	n/a	0	1	32208
64.432	n/a	0	1	32216
64.45	n/a	0	1	32225
64.466	n/a	0	1	32233
64.482	n/a	0	1	32241
64.5	n/a	0	1	32250
64.516	n/a	0	1	32258
64.532	n/a	0	1	32266
64.55	n/a	0	1	32275
64.566	n/a	1	2	32283
64.582	n/a	1	2	32291
64.598	n/a	1	2	32299
64.616	n/a	1	2	32308
64.632	n/a	0	1	32316
64.65	n/a	0	1	32325
64.666	n/a	0	1	32333
64.682	n/a	0	1	32341
64.7	n/a	0	1	32350
64.716	n/a	0	1	32358
64.732	n/a	0	1	32366
64.75	n/a	0	1	32375
64.766	n/a	0	1	32383
64.782	n/a	0	1	32391
64.8	n/a	0	1	32400
64.816	n/a	0	1	32408
64.832	n/a	0	1	32416
64.848	n/a	0	1	32424
64.866	n/a	0	1	32433
64.882	n/a	0	1	32441
64.9	n/a	0	1	32450
64.916	n/a	0	1	32458
64.932	n/a	0	1	32466
64.95	n/a	0	1	32475
64.966	n/a	0	1	32483
64.982	n/a	0	1	32491
65.0	n/a	1	2	32500
65.016	n/a	1	2	32508
65.032	n/a	1	2	32516
65.05	n/a	1	2	32525
66.532	n/a	0	1	33266
66.55	n/a	0	1	33275
66.566	n/a	0	1	33283
66.582	n/a	0	1	33291
66.6	n/a	0	1	33300
66.616	n/a	0	1	33308
66.632	n/a	0	1	33316
66.65	n/a	0	1	33325
66.666	n/a	0	1	33333
66.682	n/a	0	1	33341
66.7	n/a	0	1	33350
66.716	n/a	0	1	33358
66.732	n/a	0	1	33366
66.75	n/a	0	1	33375
66.766	n/a	0	1	33383
66.782	n/a	0	1	33391
66.8	n/a	0	1	33400
66.816	n/a	0	1	33408
66.832	n/a	0	1	33416
66.85	n/a	0	1	33425
66.866	n/a	0	1	33433
66.882	n/a	0	1	33441
66.9	n/a	0	1	33450
66.916	n/a	1	2	33458
66.932	n/a	1	2	33466
66.95	n/a	1	2	33475
66.966	n/a	1	2	33483
66.982	n/a	0	1	33491
67.0	n/a	0	1	33500
67.016	n/a	0	1	33508
67.032	n/a	0	1	33516
67.05	n/a	0	1	33525
67.066	n/a	0	1	33533
67.082	n/a	0	1	33541
67.1	n/a	0	1	33550
67.116	n/a	0	1	33558
67.132	n/a	0	1	33566
67.15	n/a	0	1	33575
67.166	n/a	0	1	33583
67.182	n/a	0	1	33591
67.2	n/a	0	1	33600
67.216	n/a	0	1	33608
67.232	n/a	0	1	33616
67.25	n/a	0	1	33625
67.266	n/a	0	1	33633
67.282	n/a	0	1	33641
67.3	n/a	1	2	33650
67.316	n/a	1	2	33658
67.332	n/a	1	2	33666
67.35	n/a	1	2	33675
67.366	n/a	0	1	33683
67.382	n/a	0	1	33691
67.4	n/a	0	1	33700
67.416	n/a	0	1	33708
67.432	n/a	0	1	33716
67.45	n/a	0	1	33725
67.466	n/a	0	1	33733
67.482	n/a	0	1	33741
67.5	n/a	0	1	33750
67.516	n/a	0	1	33758
67.532	n/a	0	1	33766
67.55	n/a	0	1	33775
67.566	n/a	0	1	33783
67.582	n/a	0	1	33791
67.6	n/a	1	2	33800
67.616	n/a	1	2	33808
67.632	n/a	1	2	33816
67.65	n/a	1	2	33825
67.666	n/a	0	1	33833
67.682	n/a	0	1	33841
67.7	n/a	0	1	33850
67.716	n/a	0	1	33858
67.732	n/a	0	1	33866
67.75	n/a	0	1	33875
67.766	n/a	0	1	33883
67.782	n/a	0	1	33891
67.8	n/a	0	1	33900
67.816	n/a	0	1	33908
67.832	n/a	0	1	33916
67.85	n/a	0	1	33925
67.866	n/a	0	1	33933
67.882	n/a	1	2	33941
67.9	n/a	1	2	33950
67.916	n/a	1	2	33958
67.932	n/a	1	2	33966
67.95	n/a	0	1	33975
67.966	n/a	0	1	33983
67.982	n/a	0	1	33991
68.0	n/a	0	1	34000
68.016	n/a	0	1	34008
68.032	n/a	0	1	34016
68.05	n/a	0	1	34025
68.066	n/a	0	1	34033
68.082	n/a	0	1	34041
68.1	n/a	0	1	34050
68.116	n/a	0	1	34058
68.132	n/a	0	1	34066
68.15	n/a	0	1	34075
68.166	n/a	0	1	34083
68.182	n/a	0	1	34091
68.2	n/a	0	1	34100
68.216	n/a	1	2	34108
68.232	n/a	1	2	34116
68.25	n/a	1	2	34125
68.266	n/a	1	2	34133
68.282	n/a	0	1	34141
68.3	n/a	0	1	34150
68.316	n/a	0	1	34158
68.332	n/a	0	1	34166
68.35	n/a	0	1	34175
68.366	n/a	0	1	34183
68.382	n/a	0	1	34191
68.4	n/a	0	1	34200
68.416	n/a	0	1	34208
68.432	n/a	0	1	34216
68.45	n/a	0	1	34225
68.466	n/a	0	1	34233
69.95	n/a	0	1	34975
69.966	n/a	0	1	34983
69.982	n/a	0	1	34991
70.0	n/a	0	1	35000
70.016	n/a	0	1	35008
70.032	n/a	0	1	35016
70.05	n/a	0	1	35025
70.066	n/a	0	1	35033
70.082	n/a	0	1	35041
70.1	n/a	0	1	35050
70.116	n/a	0	1	35058
70.132	n/a	0	1	35066
70.15	n/a	0	1	35075
70.166	n/a	0	1	35083
70.182	n/a	0	1	35091
70.2	n/a	0	1	35100
70.216	n/a	0	1	35108
70.232	n/a	0	1	35116
70.25	n/a	1	2	35125
70.266	n/a	1	2	35133
70.282	n/a	1	2	35141
70.3	n/a	1	2	35150
70.316	n/a	0	1	35158
70.332	n/a	0	1	35166
70.35	n/a	0	1	35175
70.366	n/a	0	1	35183
70.382	n/a	0	1	35191
70.4	n/a	0	1	35200
70.416	n/a	0	1	35208
70.432	n/a	0	1	35216
70.45	n/a	0	1	35225
70.466	n/a	0	1	35233
70.482	n/a	0	1	35241
70.5	n/a	0	1	35250
70.516	n/a	0	1	35258
70.532	n/a	0	1	35266
70.55	n/a	0	1	35275
70.566	n/a	0	1	35283
70.582	n/a	0	1	35291
70.6	n/a	0	1	35300
70.616	n/a	0	1	35308
70.632	n/a	0	1	35316
70.65	n/a	1	2	35325
70.666	n/a	1	2	35333
70.682	n/a	1	2	35341
70.7	n/a	1	2	35350
70.716	n/a	0	1	35358
70.732	n/a	0	1	35366
70.75	n/a	0	1	35375
70.766	n/a	0	1	35383
70.782	n/a	0	1	35391
70.8	n/a	0	1	35400
70.816	n/a	0	1	35408
70.832	n/a	0	1	35416
70.85	n/a	0	1	35425
70.866	n/a	0	1	35433
70.882	n/a	0	1	35441
70.9	n/a	0	1	35450
70.916	n/a	0	1	35458
70.932	n/a	1	2	35466
70.95	n/a	1	2	35475
70.966	n/a	1	2	35483
70.982	n/a	1	2	35491
71.0	n/a	0	1	35500
71.016	n/a	0	1	35508
71.032	n/a	0	1	35516
71.05	n/a	0	1	35525
71.066	n/a	0	1	35533
71.082	n/a	0	1	35541
71.1	n/a	0	1	35550
71.116	n/a	0	1	35558
71.132	n/a	0	1	35566
71.15	n/a	0	1	35575
71.166	n/a	0	1	35583
71.182	n/a	0	1	35591
71.2	n/a	0	1	35600
71.216	n/a	0	1	35608
71.232	n/a	0	1	35616
71.25	n/a	0	1	35625
71.266	n/a	0	1	35633
71.282	n/a	0	1	35641
71.3	n/a	1	2	35650
71.316	n/a	1	2	35658
71.332	n/a	1	2	35666
71.35	n/a	1	2	35675
71.366	n/a	0	1	35683
71.382	n/a	0	1	35691
71.4	n/a	0	1	35700
71.416	n/a	0	1	35708
71.432	n/a	0	1	35716
71.45	n/a	0	1	35725
71.466	n/a	0	1	35733
71.482	n/a	0	1	35741
71.5	n/a	0	1	35750
71.516	n/a	0	1	35758
71.532	n/a	0	1	35766
71.55	n/a	0	1	35775
71.566	n/a	0	1	35783
71.582	n/a	0	1	35791
71.6	n/a	0	1	35800
71.616	n/a	0	1	35808
71.632	n/a	0	1	35816
71.65	n/a	0	1	35825
71.666	n/a	0	1	35833
71.682	n/a	0	1	35841
71.7	n/a	0	1	35850
71.716	n/a	0	1	35858
71.732	n/a	0	1	35866
71.75	n/a	0	1	35875
71.766	n/a	1	2	35883
71.782	n/a	1	2	35891
71.8	n/a	1	2	35900
71.816	n/a	1	2	35908
71.832	n/a	0	1	35916
71.85	n/a	0	1	35925
71.866	n/a	0	1	35933
71.882	n/a	0	1	35941
74.0	n/a	0	1	37000
74.016	n/a	0	1	37008
74.032	n/a	0	1	37016
74.05	n/a	0	1	37025
74.066	n/a	0	1	37033
74.082	n/a	0	1	37041
74.1	n/a	0	1	37050
74.116	n/a	0	1	37058
74.132	n/a	0	1	37066
74.15	n/a	0	1	37075
74.166	n/a	0	1	37083
74.182	n/a	0	1	37091
74.2	n/a	0	1	37100
74.216	n/a	0	1	37108
74.232	n/a	0	1	37116
74.25	n/a	0	1	37125
74.266	n/a	0	1	37133
74.282	n/a	0	1	37141
74.3	n/a	1	2	37150
74.316	n/a	1	2	37158
74.332	n/a	1	2	37166
74.35	n/a	1	2	37175
74.366	n/a	0	1	37183
74.382	n/a	0	1	37191
74.4	n/a	0	1	37200
74.416	n/a	0	1	37208
74.432	n/a	0	1	37216
74.45	n/a	0	1	37225
74.466	n/a	0	1	37233
74.482	n/a	0	1	37241
74.5	n/a	0	1	37250
74.516	n/a	0	1	37258
74.532	n/a	0	1	37266
74.55	n/a	0	1	37275
74.566	n/a	0	1	37283
74.582	n/a	0	1	37291
74.6	n/a	0	1	37300
74.616	n/a	0	1	37308
74.632	n/a	0	1	37316
74.65	n/a	0	1	37325
74.666	n/a	0	1	37333
74.682	n/a	0	1	37341
74.7	n/a	1	2	37350
74.716	n/a	1	2	37358
74.732	n/a	1	2	37366
74.75	n/a	1	2	37375
74.766	n/a	0	1	37383
74.782	n/a	0	1	37391
74.8	n/a	0	1	37400
74.816	n/a	0	1	37408
74.832	n/a	0	1	37416
74.85	n/a	0	1	37425
74.866	n/a	0	1	37433
74.882	n/a	0	1	37441
74.9	n/a	0	1	37450
74.916	n/a	0	1	37458
74.932	n/a	0	1	37466
74.95	n/a	0	1	37475
74.966	n/a	0	1	37483
74.982	n/a	1	2	37491
75.0	n/a	1	2	37500
75.016	n/a	1	2	37508
75.032	n/a	1	2	37516
75.05	n/a	0	1	37525
75.066	n/a	0	1	37533
75.082	n/a	0	1	37541
75.1	n/a	0	1	37550
75.116	n/a	0	1	37558
75.132	n/a	0	1	37566
75.15	n/a	0	1	37575
75.166	n/a	0	1	37583
75.182	n/a	0	1	37591
75.2	n/a	0	1	37600
75.216	n/a	0	1	37608
75.232	n/a	0	1	37616
75.25	n/a	0	1	37625
75.266	n/a	0	1	37633
75.282	n/a	0	1	37641
75.3	n/a	0	1	37650
75.316	n/a	0	1	37658
75.332	n/a	0	1	37666
75.35	n/a	1	2	37675
75.366	n/a	1	2	37683
75.382	n/a	1	2	37691
75.4	n/a	1	2	37700
75.416	n/a	0	1	37708
75.432	n/a	0	1	37716
75.45	n/a	0	1	37725
75.466	n/a	0	1	37733
75.482	n/a	0	1	37741
75.5	n/a	0	1	37750
75.516	n/a	0	1	37758
75.532	n/a	0	1	37766
75.55	n/a	0	1	37775
75.566	n/a	0	1	37783
75.582	n/a	0	1	37791
75.6	n/a	0	1	37800
75.616	n/a	0	1	37808
75.632	n/a	0	1	37816
75.65	n/a	0	1	37825
75.666	n/a	0	1	37833
75.682	n/a	0	1	37841
75.7	n/a	0	1	37850
75.716	n/a	0	1	37858
75.732	n/a	0	1	37866
75.75	n/a	0	1	37875
75.766	n/a	0	1	37883
75.782	n/a	0	1	37891
75.8	n/a	0	1	37900
75.816	n/a	1	2	37908
75.832	n/a	1	2	37916
75.85	n/a	1	2	37925
75.866	n/a	1	2	37933
75.882	n/a	0	1	37941
75.9	n/a	0	1	37950
75.916	n/a	0	1	37958
75.932	n/a	0	1	37966
77.416	n/a	0	1	38708
77.432	n/a	0	1	38716
77.45	n/a	0	1	38725
77.466	n/a	0	1	38733
77.482	n/a	0	1	38741
77.5	n/a	0	1	38750
77.516	n/a	0	1	38758
77.532	n/a	0	1	38766
77.55	n/a	0	1	38775
77.566	n/a	0	1	38783
77.582	n/a	0	1	38791
77.6	n/a	0	1	38800
77.616	n/a	0	1	38808
77.632	n/a	0	1	38816
77.65	n/a	0	1	38825
77.666	n/a	1	2	38833
77.682	n/a	1	2	38841
77.7	n/a	1	2	38850
77.716	n/a	1	2	38858
77.732	n/a	0	1	38866
77.75	n/a	0	1	38875
77.766	n/a	0	1	38883
77.782	n/a	0	1	38891
77.8	n/a	0	1	38900
77.816	n/a	0	1	38908
77.832	n/a	0	1	38916
77.85	n/a	0	1	38925
77.866	n/a	0	1	38933
77.882	n/a	0	1	38941
77.9	n/a	0	1	38950
77.916	n/a	0	1	38958
77.932	n/a	0	1	38966
77.95	n/a	0	1	38975
77.966	n/a	0	1	38983
77.982	n/a	0	1	38991
78.0	n/a	0	1	39000
78.016	n/a	0	1	39008
78.032	n/a	0	1	39016
78.05	n/a	0	1	39025
78.066	n/a	0	1	39033
78.082	n/a	0	1	39041
78.1	n/a	1	2	39050
78.116	n/a	1	2	39058
78.132	n/a	1	2	39066
78.15	n/a	1	2	39075
78.166	n/a	0	1	39083
78.182	n/a	0	1	39091
78.2	n/a	0	1	39100
78.216	n/a	0	1	39108
78.232	n/a	0	1	39116
78.25	n/a	0	1	39125
78.266	n/a	0	1	39133
78.282	n/a	0	1	39141
78.3	n/a	0	1	39150
78.316	n/a	0	1	39158
78.332	n/a	0	1	39166
78.35	n/a	0	1	39175
78.366	n/a	0	1	39183
78.382	n/a	0	1	39191
78.4	n/a	0	1	39200
78.416	n/a	0	1	39208
78.432	n/a	0	1	39216
78.45	n/a	0	1	39225
78.466	n/a	0	1	39233
78.482	n/a	0	1	39241
78.5	n/a	0	1	39250
78.516	n/a	0	1	39258
78.532	n/a	0	1	39266
78.55	n/a	0	1	39275
78.566	n/a	1	2	39283
78.582	n/a	1	2	39291
78.6	n/a	1	2	39300
78.616	n/a	1	2	39308
78.632	n/a	0	1	39316
78.65	n/a	0	1	39325
78.666	n/a	0	1	39333
78.682	n/a	0	1	39341
78.7	n/a	0	1	39350
78.716	n/a	0	1	39358
78.732	n/a	0	1	39366
78.75	n/a	0	1	39375
78.766	n/a	0	1	39383
78.782	n/a	0	1	39391
78.8	n/a	0	1	39400
78.816	n/a	0	1	39408
78.832	n/a	0	1	39416
78.85	n/a	0	1	39425
78.866	n/a	1	2	39433
78.882	n/a	1	2	39441
78.9	n/a	1	2	39450
78.916	n/a	1	2	39458
78.932	n/a	0	1	39466
78.95	n/a	0	1	39475
78.966	n/a	0	1	39483
78.982	n/a	0	1	39491
79.0	n/a	0	1	39500
79.016	n/a	0	1	39508
79.032	n/a	0	1	39516
79.05	n/a	0	1	39525
79.066	n/a	0	1	39533
79.082	n/a	0	1	39541
79.1	n/a	0	1	39550
79.116	n/a	0	1	39558
79.132	n/a	0	1	39566
79.15	n/a	0	1	39575
79.166	n/a	0	1	39583
79.182	n/a	0	1	39591
79.2	n/a	0	1	39600
79.216	n/a	0	1	39608
79.232	n/a	0	1	39616
79.25	n/a	0	1	39625
79.266	n/a	0	1	39633
79.282	n/a	0	1	39641
79.3	n/a	1	2	39650
79.316	n/a	1	2	39658
79.332	n/a	1	2	39666
79.35	n/a	1	2	39675
80.832	n/a	0	1	40416
80.85	n/a	1	2	40425
80.866	n/a	1	2	40433
80.882	n/a	1	2	40441
80.9	n/a	1	2	40450
80.916	n/a	0	1	40458
80.932	n/a	0	1	40466
80.95	n/a	0	1	40475
80.966	n/a	0	1	40483
80.982	n/a	0	1	40491
81.0	n/a	0	1	40500
81.016	n/a	0	1	40508
81.032	n/a	0	1	40516
81.05	n/a	0	1	40525
81.066	n/a	0	1	40533
81.082	n/a	0	1	40541
81.1	n/a	0	1	40550
81.116	n/a	0	1	40558
81.132	n/a	0	1	40566
81.15	n/a	0	1	40575
81.166	n/a	0	1	40583
81.182	n/a	0	1	40591
81.2	n/a	0	1	40600
81.216	n/a	0	1	40608
81.232	n/a	0	1	40616
81.25	n/a	0	1	40625
81.266	n/a	0	1	40633
81.282	n/a	0	1	40641
81.3	n/a	0	1	40650
81.316	n/a	0	1	40658
81.332	n/a	1	2	40666
81.35	n/a	1	2	40675
81.366	n/a	1	2	40683
81.382	n/a	1	2	40691
81.4	n/a	0	1	40700
81.416	n/a	0	1	40708
81.432	n/a	0	1	40716
81.45	n/a	0	1	40725
81.466	n/a	0	1	40733
81.482	n/a	0	1	40741
81.5	n/a	0	1	40750
81.516	n/a	0	1	40758
81.532	n/a	0	1	40766
81.55	n/a	0	1	40775
81.566	n/a	0	1	40783
81.582	n/a	0	1	40791
81.6	n/a	0	1	40800
81.616	n/a	0	1	40808
81.632	n/a	0	1	40816
81.65	n/a	0	1	40825
81.666	n/a	0	1	40833
81.682	n/a	0	1	40841
81.7	n/a	0	1	40850
81.716	n/a	0	1	40858
81.732	n/a	0	1	40866
81.75	n/a	0	1	40875
81.766	n/a	0	1	40883
81.782	n/a	0	1	40891
81.8	n/a	1	2	40900
81.816	n/a	1	2	40908
81.832	n/a	1	2	40916
81.85	n/a	1	2	40925
81.866	n/a	0	1	40933
81.882	n/a	0	1	40941
81.9	n/a	0	1	40950
81.916	n/a	0	1	40958
81.932	n/a	0	1	40966
81.95	n/a	0	1	40975
81.966	n/a	0	1	40983
81.982	n/a	0	1	40991
82.0	n/a	0	1	41000
82.016	n/a	0	1	41008
82.032	n/a	0	1	41016
82.05	n/a	0	1	41025
82.066	n/a	0	1	41033
82.082	n/a	0	1	41041
82.1	n/a	0	1	41050
82.116	n/a	0	1	41058
82.132	n/a	0	1	41066
82.15	n/a	0	1	41075
82.166	n/a	0	1	41083
82.182	n/a	0	1	41091
82.2	n/a	0	1	41100
82.216	n/a	1	2	41108
82.232	n/a	1	2	41116
82.25	n/a	1	2	41125
82.266	n/a	1	2	41133
82.282	n/a	0	1	41141
82.3	n/a	0	1	41150
82.316	n/a	0	1	41158
82.332	n/a	0	1	41166
82.35	n/a	0	1	41175
82.366	n/a	0	1	41183
82.382	n/a	0	1	41191
82.4	n/a	0	1	41200
82.416	n/a	0	1	41208
82.432	n/a	0	1	41216
82.45	n/a	0	1	41225
82.466	n/a	0	1	41233
82.482	n/a	0	1	41241
82.5	n/a	0	1	41250
82.516	n/a	0	1	41258
82.532	n/a	0	1	41266
82.55	n/a	0	1	41275
82.566	n/a	0	1	41283
82.582	n/a	0	1	41291
82.6	n/a	0	1	41300
82.616	n/a	0	1	41308
82.632	n/a	0	1	41316
82.65	n/a	1	2	41325
82.666	n/a	1	2	41333
82.682	n/a	1	2	41341
82.7	n/a	1	2	41350
82.716	n/a	0	1	41358
82.732	n/a	0	1	41366
82.75	n/a	0	1	41375
82.766	n/a	0	1	41383
84.25	n/a	0	1	42125
84.266	n/a	0	1	42133
84.282	n/a	0	1	42141
84.3	n/a	0	1	42150
84.316	n/a	0	1	42158
84.332	n/a	0	1	42166
84.35	n/a	0	1	42175
84.366	n/a	0	1	42183
84.382	n/a	0	1	42191
84.4	n/a	0	1	42200
84.416	n/a	0	1	42208
84.432	n/a	0	1	42216
84.45	n/a	0	1	42225
84.466	n/a	0	1	42233
84.482	n/a	0	1	42241
84.5	n/a	0	1	42250
84.516	n/a	0	1	42258
84.532	n/a	0	1	42266
84.55	n/a	0	1	42275
84.566	n/a	0	1	42283
84.582	n/a	0	1	42291
84.6	n/a	0	1	42300
84.616	n/a	0	1	42308
84.632	n/a	1	2	42316
84.65	n/a	1	2	42325
84.666	n/a	1	2	42333
84.682	n/a	1	2	42341
84.7	n/a	0	1	42350
84.716	n/a	0	1	42358
84.732	n/a	0	1	42366
84.75	n/a	0	1	42375
84.766	n/a	0	1	42383
84.782	n/a	0	1	42391
84.8	n/a	0	1	42400
84.816	n/a	0	1	42408
84.832	n/a	0	1	42416
84.85	n/a	0	1	42425
84.866	n/a	0	1	42433
84.882	n/a	0	1	42441
84.9	n/a	0	1	42450
84.916	n/a	0	1	42458
84.932	n/a	0	1	42466
84.95	n/a	0	1	42475
84.966	n/a	0	1	42483
84.982	n/a	0	1	42491
85.0	n/a	0	1	42500
85.016	n/a	1	2	42508
85.032	n/a	1	2	42516
85.05	n/a	1	2	42525
85.066	n/a	1	2	42533
85.082	n/a	0	1	42541
85.1	n/a	0	1	42550
85.116	n/a	0	1	42558
85.132	n/a	0	1	42566
85.15	n/a	0	1	42575
85.166	n/a	0	1	42583
85.182	n/a	0	1	42591
85.2	n/a	0	1	42600
85.216	n/a	0	1	42608
85.232	n/a	0	1	42616
85.25	n/a	0	1	42625
85.266	n/a	0	1	42633
85.282	n/a	0	1	42641
85.3	n/a	0	1	42650
85.316	n/a	1	2	42658
85.332	n/a	1	2	42666
85.35	n/a	1	2	42675
85.366	n/a	1	2	42683
85.382	n/a	0	1	42691
85.4	n/a	0	1	42700
85.416	n/a	0	1	42708
85.432	n/a	0	1	42716
85.45	n/a	0	1	42725
85.466	n/a	0	1	42733
85.482	n/a	0	1	42741
85.5	n/a	0	1	42750
85.516	n/a	0	1	42758
85.532	n/a	0	1	42766
85.55	n/a	0	1	42775
85.566	n/a	0	1	42783
85.582	n/a	0	1	42791
85.6	n/a	1	2	42800
85.616	n/a	1	2	42808
85.632	n/a	1	2	42816
85.65	n/a	1	2	42825
85.666	n/a	0	1	42833
85.682	n/a	0	1	42841
85.7	n/a	0	1	42850
85.716	n/a	0	1	42858
85.732	n/a	0	1	42866
85.75	n/a	0	1	42875
85.766	n/a	0	1	42883
85.782	n/a	0	1	42891
85.8	n/a	0	1	42900
85.816	n/a	0	1	42908
85.832	n/a	0	1	42916
85.85	n/a	0	1	42925
85.866	n/a	0	1	42933
85.882	n/a	0	1	42941
85.9	n/a	0	1	42950
85.916	n/a	0	1	42958
85.932	n/a	1	2	42966
85.95	n/a	1	2	42975
85.966	n/a	1	2	42983
85.982	n/a	1	2	42991
86.0	n/a	0	1	43000
86.016	n/a	0	1	43008
86.032	n/a	0	1	43016
86.05	n/a	0	1	43025
86.066	n/a	0	1	43033
86.082	n/a	0	1	43041
86.1	n/a	0	1	43050
86.116	n/a	0	1	43058
86.132	n/a	0	1	43066
86.15	n/a	0	1	43075
86.166	n/a	0	1	43083
86.182	n/a	0	1	43091
88.166	n/a	0	1	44083
88.182	n/a	0	1	44091
88.2	n/a	0	1	44100
88.216	n/a	0	1	44108
88.232	n/a	0	1	44116
88.25	n/a	0	1	44125
88.266	n/a	0	1	44133
88.282	n/a	0	1	44141
88.3	n/a	0	1	44150
88.316	n/a	0	1	44158
88.332	n/a	0	1	44166
88.35	n/a	0	1	44175
88.366	n/a	0	1	44183
88.382	n/a	0	1	44191
88.4	n/a	0	1	44200
88.416	n/a	0	1	44208
88.432	n/a	0	1	44216
88.45	n/a	0	1	44225
88.466	n/a	0	1	44233
88.482	n/a	0	1	44241
88.5	n/a	0	1	44250
88.516	n/a	0	1	44258
88.532	n/a	0	1	44266
88.55	n/a	1	2	44275
88.566	n/a	1	2	44283
88.582	n/a	1	2	44291
88.6	n/a	1	2	44300
88.616	n/a	0	1	44308
88.632	n/a	0	1	44316
88.65	n/a	0	1	44325
88.666	n/a	0	1	44333
88.682	n/a	0	1	44341
88.7	n/a	0	1	44350
88.716	n/a	0	1	44358
88.732	n/a	0	1	44366
88.75	n/a	0	1	44375
88.766	n/a	0	1	44383
88.782	n/a	0	1	44391
88.8	n/a	0	1	44400
88.816	n/a	0	1	44408
88.832	n/a	0	1	44416
88.85	n/a	0	1	44425
88.866	n/a	0	1	44433
88.882	n/a	0	1	44441
88.9	n/a	0	1	44450
88.916	n/a	0	1	44458
88.932	n/a	1	2	44466
88.95	n/a	1	2	44475
88.966	n/a	1	2	44483
88.982	n/a	1	2	44491
89.0	n/a	0	1	44500
89.016	n/a	0	1	44508
89.032	n/a	0	1	44516
89.05	n/a	0	1	44525
89.066	n/a	0	1	44533
89.082	n/a	0	1	44541
89.1	n/a	0	1	44550
89.116	n/a	0	1	44558
89.132	n/a	0	1	44566
89.15	n/a	0	1	44575
89.166	n/a	0	1	44583
89.182	n/a	0	1	44591
89.2	n/a	0	1	44600
89.216	n/a	0	1	44608
89.232	n/a	1	2	44616
89.25	n/a	1	2	44625
89.266	n/a	1	2	44633
89.282	n/a	1	2	44641
89.3	n/a	0	1	44650
89.316	n/a	0	1	44658
89.332	n/a	0	1	44666
89.35	n/a	0	1	44675
89.366	n/a	0	1	44683
89.382	n/a	0	1	44691
89.4	n/a	0	1	44700
89.416	n/a	0	1	44708
89.432	n/a	0	1	44716
89.45	n/a	0	1	44725
89.466	n/a	0	1	44733
89.482	n/a	0	1	44741
89.5	n/a	0	1	44750
89.516	n/a	1	2	44758
89.532	n/a	1	2	44766
89.55	n/a	1	2	44775
89.566	n/a	1	2	44783
89.582	n/a	0	1	44791
89.6	n/a	0	1	44800
89.616	n/a	0	1	44808
89.632	n/a	0	1	44816
89.65	n/a	0	1	44825
89.666	n/a	0	1	44833
89.682	n/a	0	1	44841
89.7	n/a	0	1	44850
89.716	n/a	0	1	44858
89.732	n/a	0	1	44866
89.75	n/a	0	1	44875
89.766	n/a	0	1	44883
89.782	n/a	0	1	44891
89.8	n/a	0	1	44900
89.816	n/a	0	1	44908
89.832	n/a	0	1	44916
89.85	n/a	1	2	44925
89.866	n/a	1	2	44933
89.882	n/a	1	2	44941
89.9	n/a	1	2	44950
89.916	n/a	0	1	44958
89.932	n/a	0	1	44966
89.95	n/a	0	1	44975
89.966	n/a	0	1	44983
89.982	n/a	0	1	44991
90.0	n/a	0	1	45000
90.016	n/a	0	1	45008
90.032	n/a	0	1	45016
90.05	n/a	0	1	45025
90.066	n/a	0	1	45033
90.082	n/a	0	1	45041
90.1	n/a	0	1	45050
91.582	n/a	0	1	45791
91.6	n/a	0	1	45800
91.616	n/a	0	1	45808
91.632	n/a	0	1	45816
91.65	n/a	0	1	45825
91.666	n/a	0	1	45833
91.682	n/a	0	1	45841
91.7	n/a	0	1	45850
91.716	n/a	0	1	45858
91.732	n/a	0	1	45866
91.75	n/a	0	1	45875
91.766	n/a	0	1	45883
91.782	n/a	0	1	45891
91.8	n/a	0	1	45900
91.816	n/a	0	1	45908
91.832	n/a	1	2	45916
91.85	n/a	1	2	45925
91.866	n/a	1	2	45933
91.882	n/a	1	2	45941
91.9	n/a	0	1	45950
91.916	n/a	0	1	45958
91.932	n/a	0	1	45966
91.95	n/a	0	1	45975
91.966	n/a	0	1	45983
91.982	n/a	0	1	45991
92.0	n/a	0	1	46000
92.016	n/a	0	1	46008
92.032	n/a	0	1	46016
92.05	n/a	0	1	46025
92.066	n/a	0	1	46033
92.082	n/a	0	1	46041
92.1	n/a	0	1	46050
92.116	n/a	0	1	46058
92.132	n/a	0	1	46066
92.15	n/a	0	1	46075
92.166	n/a	0	1	46083
92.182	n/a	0	1	46091
92.2	n/a	0	1	46100
92.216	n/a	0	1	46108
92.232	n/a	0	1	46116
92.25	n/a	0	1	46125
92.266	n/a	1	2	46133
92.282	n/a	1	2	46141
92.3	n/a	1	2	46150
92.316	n/a	1	2	46158
92.332	n/a	0	1	46166
92.35	n/a	0	1	46175
92.366	n/a	0	1	46183
92.382	n/a	0	1	46191
92.4	n/a	0	1	46200
92.416	n/a	0	1	46208
92.432	n/a	0	1	46216
92.45	n/a	0	1	46225
92.466	n/a	0	1	46233
92.482	n/a	0	1	46241
92.5	n/a	0	1	46250
92.516	n/a	0	1	46258
92.532	n/a	0	1	46266
92.55	n/a	0	1	46275
92.566	n/a	0	1	46283
92.582	n/a	0	1	46291
92.6	n/a	0	1	46300
92.616	n/a	0	1	46308
92.632	n/a	0	1	46316
92.65	n/a	0	1	46325
92.666	n/a	0	1	46333
92.682	n/a	0	1	46341
92.7	n/a	0	1	46350
92.716	n/a	0	1	46358
92.732	n/a	1	2	46366
92.75	n/a	1	2	46375
92.766	n/a	1	2	46383
92.782	n/a	1	2	46391
92.8	n/a	0	1	46400
92.816	n/a	0	1	46408
92.832	n/a	0	1	46416
92.85	n/a	0	1	46425
92.866	n/a	0	1	46433
92.882	n/a	0	1	46441
92.9	n/a	0	1	46450
92.916	n/a	0	1	46458
92.932	n/a	0	1	46466
92.95	n/a	0	1	46475
92.966	n/a	0	1	46483
92.982	n/a	0	1	46491
93.0	n/a	0	1	46500
93.016	n/a	0	1	46508
93.032	n/a	1	2	46516
93.05	n/a	1	2	46525
93.066	n/a	1	2	46533
93.082	n/a	1	2	46541
93.1	n/a	0	1	46550
93.116	n/a	0	1	46558
93.132	n/a	0	1	46566
93.15	n/a	0	1	46575
93.166	n/a	0	1	46583
93.182	n/a	0	1	46591
93.2	n/a	0	1	46600
93.216	n/a	0	1	46608
93.232	n/a	0	1	46616
93.25	n/a	0	1	46625
93.266	n/a	0	1	46633
93.282	n/a	0	1	46641
93.3	n/a	0	1	46650
93.316	n/a	0	1	46658
93.332	n/a	0	1	46666
93.35	n/a	0	1	46675
93.366	n/a	0	1	46683
93.382	n/a	0	1	46691
93.4	n/a	0	1	46700
93.416	n/a	0	1	46708
93.432	n/a	0	1	46716
93.45	n/a	0	1	46725
93.466	n/a	1	2	46733
93.482	n/a	1	2	46741
93.5	n/a	1	2	46750
93.516	n/a	1	2	46758
95.0	n/a	0	1	47500
95.016	n/a	1	2	47508
95.032	n/a	1	2	47516
95.05	n/a	1	2	47525
95.066	n/a	1	2	47533
95.082	n/a	0	1	47541
95.1	n/a	0	1	47550
95.116	n/a	0	1	47558
95.132	n/a	0	1	47566
95.15	n/a	0	1	47575
95.166	n/a	0	1	47583
95.182	n/a	0	1	47591
95.2	n/a	0	1	47600
95.216	n/a	0	1	47608
95.232	n/a	0	1	47616
95.25	n/a	0	1	47625
95.266	n/a	0	1	47633
95.282	n/a	0	1	47641
95.3	n/a	0	1	47650
95.316	n/a	0	1	47658
95.332	n/a	0	1	47666
95.35	n/a	0	1	47675
95.366	n/a	0	1	47683
95.382	n/a	0	1	47691
95.4	n/a	0	1	47700
95.416	n/a	0	1	47708
95.432	n/a	0	1	47716
95.45	n/a	0	1	47725
95.466	n/a	0	1	47733
95.482	n/a	0	1	47741
95.5	n/a	1	2	47750
95.516	n/a	1	2	47758
95.532	n/a	1	2	47766
95.55	n/a	1	2	47775
95.566	n/a	0	1	47783
95.582	n/a	0	1	47791
95.6	n/a	0	1	47800
95.616	n/a	0	1	47808
95.632	n/a	0	1	47816
95.65	n/a	0	1	47825
95.666	n/a	0	1	47833
95.682	n/a	0	1	47841
95.7	n/a	0	1	47850
95.716	n/a	0	1	47858
95.732	n/a	0	1	47866
95.75	n/a	0	1	47875
95.766	n/a	0	1	47883
95.782	n/a	0	1	47891
95.8	n/a	0	1	47900
95.816	n/a	0	1	47908
95.832	n/a	0	1	47916
95.85	n/a	0	1	47925
95.866	n/a	0	1	47933
95.882	n/a	0	1	47941
95.9	n/a	0	1	47950
95.916	n/a	0	1	47958
95.932	n/a	0	1	47966
95.95	n/a	0	1	47975
95.966	n/a	1	2	47983
95.982	n/a	1	2	47991
96.0	n/a	1	2	48000
96.016	n/a	1	2	48008
96.032	n/a	0	1	48016
96.05	n/a	0	1	48025
96.066	n/a	0	1	48033
96.082	n/a	0	1	48041
96.1	n/a	0	1	48050
96.116	n/a	0	1	48058
96.132	n/a	0	1	48066
96.15	n/a	0	1	48075
96.166	n/a	0	1	48083
96.182	n/a	0	1	48091
96.2	n/a	0	1	48100
96.216	n/a	0	1	48108
96.232	n/a	0	1	48116
96.25	n/a	0	1	48125
96.266	n/a	0	1	48133
96.282	n/a	0	1	48141
96.3	n/a	0	1	48150
96.316	n/a	0	1	48158
96.332	n/a	0	1	48166
96.35	n/a	0	1	48175
96.366	n/a	0	1	48183
96.382	n/a	1	2	48191
96.4	n/a	1	2	48200
96.416	n/a	1	2	48208
96.432	n/a	1	2	48216
96.45	n/a	0	1	48225
96.466	n/a	0	1	48233
96.482	n/a	0	1	48241
96.5	n/a	0	1	48250
96.516	n/a	0	1	48258
96.532	n/a	0	1	48266
96.55	n/a	0	1	48275
96.566	n/a	0	1	48283
96.582	n/a	0	1	48291
96.6	n/a	0	1	48300
96.616	n/a	0	1	48308
96.632	n/a	0	1	48316
96.65	n/a	0	1	48325
96.666	n/a	0	1	48333
96.682	n/a	0	1	48341
96.7	n/a	0	1	48350
96.716	n/a	0	1	48358
96.732	n/a	0	1	48366
96.75	n/a	0	1	48375
96.766	n/a	0	1	48383
96.782	n/a	0	1	48391
96.8	n/a	0	1	48400
96.816	n/a	1	2	48408
96.832	n/a	1	2	48416
96.85	n/a	1	2	48425
96.866	n/a	1	2	48433
96.882	n/a	0	1	48441
96.9	n/a	0	1	48450
96.916	n/a	0	1	48458
96.932	n/a	0	1	48466
98.416	n/a	0	1	49208
98.432	n/a	0	1	49216
98.45	n/a	0	1	49225
98.466	n/a	0	1	49233
98.482	n/a	0	1	49241
98.5	n/a	0	1	49250
98.516	n/a	0	1	49258
98.532	n/a	0	1	49266
98.55	n/a	0	1	49275
98.566	n/a	0	1	49283
98.582	n/a	0	1	49291
98.6	n/a	0	1	49300
98.616	n/a	0	1	49308
98.632	n/a	0	1	49316
98.65	n/a	0	1	49325
98.666	n/a	0	1	49333
98.682	n/a	0	1	49341
98.7	n/a	0	1	49350
98.716	n/a	1	2	49358
98.732	n/a	1	2	49366
98.75	n/a	1	2	49375
98.766	n/a	1	2	49383
98.782	n/a	0	1	49391
98.8	n/a	0	1	49400
98.816	n/a	0	1	49408
98.832	n/a	0	1	49416
98.85	n/a	0	1	49425
98.866	n/a	0	1	49433
98.882	n/a	0	1	49441
98.9	n/a	0	1	49450
98.916	n/a	0	1	49458
98.932	n/a	0	1	49466
98.95	n/a	0	1	49475
98.966	n/a	0	1	49483
98.982	n/a	0	1	49491
99.0	n/a	0	1	49500
99.016	n/a	0	1	49508
99.032	n/a	0	1	49516
99.05	n/a	0	1	49525
99.066	n/a	0	1	49533
99.082	n/a	0	1	49541
99.1	n/a	0	1	49550
99.116	n/a	1	2	49558
99.132	n/a	1	2	49566
99.15	n/a	1	2	49575
99.166	n/a	1	2	49583
99.182	n/a	0	1	49591
99.2	n/a	0	1	49600
99.216	n/a	0	1	49608
99.232	n/a	0	1	49616
99.25	n/a	0	1	49625
99.266	n/a	0	1	49633
99.282	n/a	0	1	49641
99.3	n/a	0	1	49650
99.316	n/a	0	1	49658
99.332	n/a	0	1	49666
99.35	n/a	0	1	49675
99.366	n/a	0	1	49683
99.382	n/a	0	1	49691
99.4	n/a	1	2	49700
99.416	n/a	1	2	49708
99.432	n/a	1	2	49716
99.45	n/a	1	2	49725
99.466	n/a	0	1	49733
99.482	n/a	0	1	49741
99.5	n/a	0	1	49750
99.516	n/a	0	1	49758
99.532	n/a	0	1	49766
99.55	n/a	0	1	49775
99.566	n/a	0	1	49783
99.582	n/a	0	1	49791
99.6	n/a	0	1	49800
99.616	n/a	0	1	49808
99.632	n/a	0	1	49816
99.65	n/a	0	1	49825
99.666	n/a	0	1	49833
99.682	n/a	0	1	49841
99.7	n/a	0	1	49850
99.716	n/a	0	1	49858
99.732	n/a	0	1	49866
99.75	n/a	0	1	49875
99.766	n/a	1	2	49883
99.782	n/a	1	2	49891
99.8	n/a	1	2	49900
99.816	n/a	1	2	49908
99.832	n/a	0	1	49916
99.85	n/a	0	1	49925
99.866	n/a	0	1	49933
99.882	n/a	0	1	49941
99.9	n/a	0	1	49950
99.916	n/a	0	1	49958
99.932	n/a	0	1	49966
99.95	n/a	0	1	49975
99.966	n/a	0	1	49983
99.982	n/a	0	1	49991
100.0	n/a	0	1	50000
100.016	n/a	0	1	50008
100.032	n/a	0	1	50016
100.05	n/a	0	1	50025
100.066	n/a	0	1	50033
100.082	n/a	0	1	50041
100.1	n/a	0	1	50050
100.116	n/a	0	1	50058
100.132	n/a	0	1	50066
100.15	n/a	0	1	50075
100.166	n/a	0	1	50083
100.182	n/a	0	1	50091
100.2	n/a	0	1	50100
100.216	n/a	0	1	50108
100.232	n/a	1	2	50116
100.25	n/a	1	2	50125
100.266	n/a	1	2	50133
100.282	n/a	1	2	50141
100.3	n/a	0	1	50150
100.316	n/a	0	1	50158
100.332	n/a	0	1	50166
100.35	n/a	0	1	50175
102.466	n/a	0	1	51233
102.482	n/a	0	1	51241
102.5	n/a	0	1	51250
102.516	n/a	0	1	51258
102.532	n/a	0	1	51266
102.55	n/a	0	1	51275
102.566	n/a	0	1	51283
102.582	n/a	0	1	51291
102.6	n/a	0	1	51300
102.616	n/a	0	1	51308
102.632	n/a	0	1	51316
102.65	n/a	0	1	51325
102.666	n/a	0	1	51333
102.682	n/a	0	1	51341
102.7	n/a	0	1	51350
102.716	n/a	0	1	51358
102.732	n/a	0	1	51366
102.75	n/a	0	1	51375
102.766	n/a	0	1	51383
102.782	n/a	0	1	51391
102.8	n/a	0	1	51400
102.816	n/a	0	1	51408
102.832	n/a	0	1	51416
102.85	n/a	1	2	51425
102.866	n/a	1	2	51433
102.882	n/a	1	2	51441
102.9	n/a	1	2	51450
102.916	n/a	0	1	51458
102.932	n/a	0	1	51466
102.95	n/a	0	1	51475
102.966	n/a	0	1	51483
102.982	n/a	0	1	51491
103.0	n/a	0	1	51500
103.016	n/a	0	1	51508
103.032	n/a	0	1	51516
103.05	n/a	0	1	51525
103.066	n/a	0	1	51533
103.082	n/a	0	1	51541
103.1	n/a	0	1	51550
103.116	n/a	0	1	51558
103.132	n/a	0	1	51566
103.15	n/a	0	1	51575
103.166	n/a	0	1	51583
103.182	n/a	0	1	51591
103.2	n/a	0	1	51600
103.216	n/a	0	1	51608
103.232	n/a	1	2	51616
103.25	n/a	1	2	51625
103.266	n/a	1	2	51633
103.282	n/a	1	2	51641
103.3	n/a	0	1	51650
103.316	n/a	0	1	51658
103.332	n/a	0	1	51666
103.35	n/a	0	1	51675
103.366	n/a	0	1	51683
103.382	n/a	0	1	51691
103.4	n/a	0	1	51700
103.416	n/a	0	1	51708
103.432	n/a	0	1	51716
103.45	n/a	0	1	51725
103.466	n/a	0	1	51733
103.482	n/a	0	1	51741
103.5	n/a	0	1	51750
103.516	n/a	0	1	51758
103.532	n/a	1	2	51766
103.55	n/a	1	2	51775
103.566	n/a	1	2	51783
103.582	n/a	1	2	51791
103.6	n/a	0	1	51800
103.616	n/a	0	1	51808
103.632	n/a	0	1	51816
103.65	n/a	0	1	51825
103.666	n/a	0	1	51833
103.682	n/a	0	1	51841
103.7	n/a	0	1	51850
103.716	n/a	0	1	51858
103.732	n/a	0	1	51866
103.75	n/a	0	1	51875
103.766	n/a	0	1	51883
103.782	n/a	0	1	51891
103.8	n/a	0	1	51900
103.816	n/a	1	2	51908
103.832	n/a	1	2	51916
103.85	n/a	1	2	51925
103.866	n/a	1	2	51933
103.882	n/a	0	1	51941
103.9	n/a	0	1	51950
103.916	n/a	0	1	51958
103.932	n/a	0	1	51966
103.95	n/a	0	1	51975
103.966	n/a	0	1	51983
103.982	n/a	0	1	51991
104.0	n/a	0	1	52000
104.016	n/a	0	1	52008
104.032	n/a	0	1	52016
104.05	n/a	0	1	52025
104.066	n/a	0	1	52033
104.082	n/a	0	1	52041
104.1	n/a	0	1	52050
104.116	n/a	0	1	52058
104.132	n/a	0	1	52066
104.15	n/a	1	2	52075
104.166	n/a	1	2	52083
104.182	n/a	1	2	52091
104.2	n/a	1	2	52100
104.216	n/a	0	1	52108
104.232	n/a	0	1	52116
104.25	n/a	0	1	52125
104.266	n/a	0	1	52133
104.282	n/a	0	1	52141
104.3	n/a	0	1	52150
104.316	n/a	0	1	52158
104.332	n/a	0	1	52166
104.35	n/a	0	1	52175
104.366	n/a	0	1	52183
104.382	n/a	0	1	52191
104.4	n/a	0	1	52200
105.882	n/a	0	1	52941
105.9	n/a	1	2	52950
105.916	n/a	1	2	52958
105.932	n/a	1	2	52966
105.95	n/a	1	2	52975
105.966	n/a	0	1	52983
105.982	n/a	0	1	52991
106.0	n/a	0	1	53000
106.016	n/a	0	1	53008
106.032	n/a	0	1	53016
106.05	n/a	0	1	53025
106.066	n/a	0	1	53033
106.082	n/a	0	1	53041
106.1	n/a	0	1	53050
106.116	n/a	0	1	53058
106.132	n/a	0	1	53066
106.15	n/a	0	1	53075
106.166	n/a	0	1	53083
106.182	n/a	0	1	53091
106.2	n/a	0	1	53100
106.216	n/a	0	1	53108
106.232	n/a	0	1	53116
106.25	n/a	0	1	53125
106.266	n/a	0	1	53133
106.282	n/a	0	1	53141
106.3	n/a	0	1	53150
106.316	n/a	0	1	53158
106.332	n/a	0	1	53166
106.35	n/a	0	1	53175
106.366	n/a	0	1	53183
106.382	n/a	1	2	53191
106.4	n/a	1	2	53200
106.416	n/a	1	2	53208
106.432	n/a	1	2	53216
106.45	n/a	0	1	53225
106.466	n/a	0	1	53233
106.482	n/a	0	1	53241
106.5	n/a	0	1	53250
106.516	n/a	0	1	53258
106.532	n/a	0	1	53266
106.55	n/a	0	1	53275
106.566	n/a	0	1	53283
106.582	n/a	0	1	53291
106.6	n/a	0	1	53300
106.616	n/a	0	1	53308
106.632	n/a	0	1	53316
106.65	n/a	0	1	53325
106.666	n/a	0	1	53333
106.682	n/a	0	1	53341
106.7	n/a	0	1	53350
106.716	n/a	0	1	53358
106.732	n/a	0	1	53366
106.75	n/a	0	1	53375
106.766	n/a	0	1	53383
106.782	n/a	0	1	53391
106.8	n/a	0	1	53400
106.816	n/a	0	1	53408
106.832	n/a	0	1	53416
106.85	n/a	1	2	53425
106.866	n/a	1	2	53433
106.882	n/a	1	2	53441
106.9	n/a	1	2	53450
106.916	n/a	0	1	53458
106.932	n/a	0	1	53466
106.95	n/a	0	1	53475
106.966	n/a	0	1	53483
106.982	n/a	0	1	53491
107.0	n/a	0	1	53500
107.016	n/a	0	1	53508
107.032	n/a	0	1	53516
107.05	n/a	0	1	53525
107.066	n/a	0	1	53533
107.082	n/a	0	1	53541
107.1	n/a	0	1	53550
107.116	n/a	0	1	53558
107.132	n/a	0	1	53566
107.15	n/a	0	1	53575
107.166	n/a	0	1	53583
107.182	n/a	0	1	53591
107.2	n/a	0	1	53600
107.216	n/a	0	1	53608
107.232	n/a	0	1	53616
107.25	n/a	0	1	53625
107.266	n/a	1	2	53633
107.282	n/a	1	2	53641
107.3	n/a	1	2	53650
107.316	n/a	1	2	53658
107.332	n/a	0	1	53666
107.35	n/a	0	1	53675
107.366	n/a	0	1	53683
107.382	n/a	0	1	53691
107.4	n/a	0	1	53700
107.416	n/a	0	1	53708
107.432	n/a	0	1	53716
107.45	n/a	0	1	53725
107.466	n/a	0	1	53733
107.482	n/a	0	1	53741
107.5	n/a	0	1	53750
107.516	n/a	0	1	53758
107.532	n/a	0	1	53766
107.55	n/a	0	1	53775
107.566	n/a	0	1	53783
107.582	n/a	0	1	53791
107.6	n/a	0	1	53800
107.616	n/a	0	1	53808
107.632	n/a	0	1	53816
107.65	n/a	0	1	53825
107.666	n/a	0	1	53833
107.682	n/a	0	1	53841
107.7	n/a	1	2	53850
107.716	n/a	1	2	53858
107.732	n/a	1	2	53866
107.75	n/a	1	2	53875
107.766	n/a	0	1	53883
107.782	n/a	0	1	53891
107.8	n/a	0	1	53900
107.816	n/a	0	1	53908
109.3	n/a	0	1	54650
109.316	n/a	0	1	54658
109.332	n/a	0	1	54666
109.35	n/a	0	1	54675
109.366	n/a	0	1	54683
109.382	n/a	0	1	54691
109.4	n/a	0	1	54700
109.416	n/a	0	1	54708
109.432	n/a	0	1	54716
109.45	n/a	0	1	54725
109.466	n/a	0	1	54733
109.482	n/a	0	1	54741
109.5	n/a	0	1	54750
109.516	n/a	0	1	54758
109.532	n/a	0	1	54766
109.55	n/a	1	2	54775
109.566	n/a	1	2	54783
109.582	n/a	1	2	54791
109.6	n/a	1	2	54800
109.616	n/a	0	1	54808
109.632	n/a	0	1	54816
109.65	n/a	0	1	54825
109.666	n/a	0	1	54833
109.682	n/a	0	1	54841
109.7	n/a	0	1	54850
109.716	n/a	0	1	54858
109.732	n/a	0	1	54866
109.75	n/a	0	1	54875
109.766	n/a	0	1	54883
109.782	n/a	0	1	54891
109.8	n/a	0	1	54900
109.816	n/a	0	1	54908
109.832	n/a	0	1	54916
109.85	n/a	0	1	54925
109.866	n/a	0	1	54933
109.882	n/a	0	1	54941
109.9	n/a	0	1	54950
109.916	n/a	0	1	54958
109.932	n/a	0	1	54966
109.95	n/a	0	1	54975
109.966	n/a	0	1	54983
109.982	n/a	1	2	54991
110.0	n/a	1	2	55000
110.016	n/a	1	2	55008
110.032	n/a	1	2	55016
110.05	n/a	0	1	55025
110.066	n/a	0	1	55033
110.082	n/a	0	1	55041
110.1	n/a	0	1	55050
110.116	n/a	0	1	55058
110.132	n/a	0	1	55066
110.15	n/a	0	1	55075
110.166	n/a	0	1	55083
110.182	n/a	0	1	55091
110.2	n/a	0	1	55100
110.216	n/a	0	1	55108
110.232	n/a	0	1	55116
110.25	n/a	0	1	55125
110.266	n/a	0	1	55133
110.282	n/a	0	1	55141
110.3	n/a	0	1	55150
110.316	n/a	0	1	55158
110.332	n/a	0	1	55166
110.35	n/a	0	1	55175
110.366	n/a	0	1	55183
110.382	n/a	0	1	55191
110.4	n/a	0	1	55200
110.416	n/a	0	1	55208
110.432	n/a	0	1	55216
110.45	n/a	1	2	55225
110.466	n/a	1	2	55233
110.482	n/a	1	2	55241
110.5	n/a	1	2	55250
110.516	n/a	0	1	55258
110.532	n/a	0	1	55266
110.55	n/a	0	1	55275
110.566	n/a	0	1	55283
110.582	n/a	0	1	55291
110.6	n/a	0	1	55300
110.616	n/a	0	1	55308
110.632	n/a	0	1	55316
110.65	n/a	0	1	55325
110.666	n/a	0	1	55333
110.682	n/a	0	1	55341
110.7	n/a	0	1	55350
110.716	n/a	0	1	55358
110.732	n/a	0	1	55366
110.75	n/a	1	2	55375
110.766	n/a	1	2	55383
110.782	n/a	1	2	55391
110.8	n/a	1	2	55400
110.816	n/a	0	1	55408
110.832	n/a	0	1	55416
110.85	n/a	0	1	55425
110.866	n/a	0	1	55433
110.882	n/a	0	1	55441
110.9	n/a	0	1	55450
110.916	n/a	0	1	55458
110.932	n/a	0	1	55466
110.95	n/a	0	1	55475
110.966	n/a	0	1	55483
110.982	n/a	0	1	55491
111.0	n/a	0	1	55500
111.016	n/a	0	1	55508
111.032	n/a	0	1	55516
111.05	n/a	0	1	55525
111.066	n/a	0	1	55533
111.082	n/a	0	1	55541
111.1	n/a	0	1	55550
111.116	n/a	0	1	55558
111.132	n/a	0	1	55566
111.15	n/a	0	1	55575
111.166	n/a	0	1	55583
111.182	n/a	1	2	55591
111.2	n/a	1	2	55600
111.216	n/a	1	2	55608
111.232	n/a	1	2	55616
112.716	n/a	0	1	56358
112.732	n/a	0	1	56366
112.75	n/a	0	1	56375
112.766	n/a	0	1	56383
112.782	n/a	0	1	56391
112.8	n/a	0	1	56400
112.816	n/a	0	1	56408
112.832	n/a	0	1	56416
112.85	n/a	0	1	56425
112.866	n/a	0	1	56433
112.882	n/a	0	1	56441
112.9	n/a	0	1	56450
112.916	n/a	0	1	56458
112.932	n/a	0	1	56466
112.95	n/a	0	1	56475
112.966	n/a	0	1	56483
112.982	n/a	0	1	56491
113.0	n/a	0	1	56500
113.016	n/a	1	2	56508
113.032	n/a	1	2	56516
113.05	n/a	1	2	56525
113.066	n/a	1	2	56533
113.082	n/a	0	1	56541
113.1	n/a	0	1	56550
113.116	n/a	0	1	56558
113.132	n/a	0	1	56566
113.15	n/a	0	1	56575
113.166	n/a	0	1	56583
113.182	n/a	0	1	56591
113.2	n/a	0	1	56600
113.216	n/a	0	1	56608
113.232	n/a	0	1	56616
113.25	n/a	0	1	56625
113.266	n/a	0	1	56633
113.282	n/a	0	1	56641
113.3	n/a	0	1	56650
113.316	n/a	0	1	56658
113.332	n/a	0	1	56666
113.35	n/a	0	1	56675
113.366	n/a	0	1	56683
113.382	n/a	0	1	56691
113.4	n/a	0	1	56700
113.416	n/a	1	2	56708
113.432	n/a	1	2	56716
113.45	n/a	1	2	56725
113.466	n/a	1	2	56733
113.482	n/a	0	1	56741
113.5	n/a	0	1	56750
113.516	n/a	0	1	56758
113.532	n/a	0	1	56766
113.55	n/a	0	1	56775
113.566	n/a	0	1	56783
113.582	n/a	0	1	56791
113.6	n/a	0	1	56800
113.616	n/a	0	1	56808
113.632	n/a	0	1	56816
113.65	n/a	0	1	56825
113.666	n/a	0	1	56833
113.682	n/a	0	1	56841
113.7	n/a	1	2	56850
113.716	n/a	1	2	56858
113.732	n/a	1	2	56866
113.75	n/a	1	2	56875
113.766	n/a	0	1	56883
113.782	n/a	0	1	56891
113.8	n/a	0	1	56900
113.816	n/a	0	1	56908
113.832	n/a	0	1	56916
113.85	n/a	0	1	56925
113.866	n/a	0	1	56933
113.882	n/a	0	1	56941
113.9	n/a	0	1	56950
113.916	n/a	0	1	56958
113.932	n/a	0	1	56966
113.95	n/a	0	1	56975
113.966	n/a	0	1	56983
113.982	n/a	0	1	56991
114.0	n/a	0	1	57000
114.016	n/a	0	1	57008
114.032	n/a	0	1	57016
114.05	n/a	0	1	57025
114.066	n/a	1	2	57033
114.082	n/a	1	2	57041
114.1	n/a	1	2	57050
114.116	n/a	1	2	57058
114.132	n/a	0	1	57066
114.15	n/a	0	1	57075
114.166	n/a	0	1	57083
114.182	n/a	0	1	57091
114.2	n/a	0	1	57100
114.216	n/a	0	1	57108
114.232	n/a	0	1	57116
114.25	n/a	0	1	57125
114.266	n/a	0	1	57133
114.282	n/a	0	1	57141
114.3	n/a	0	1	57150
114.316	n/a	0	1	57158
114.332	n/a	0	1	57166
114.35	n/a	0	1	57175
114.366	n/a	0	1	57183
114.382	n/a	0	1	57191
114.4	n/a	0	1	57200
114.416	n/a	0	1	57208
114.432	n/a	0	1	57216
114.45	n/a	0	1	57225
114.466	n/a	0	1	57233
114.482	n/a	0	1	57241
114.5	n/a	0	1	57250
114.516	n/a	0	1	57258
114.532	n/a	1	2	57266
114.55	n/a	1	2	57275
114.566	n/a	1	2	57283
114.582	n/a	1	2	57291
114.6	n/a	0	1	57300
114.616	n/a	0	1	57308
114.632	n/a	0	1	57316
114.65	n/a	0	1	57325
116.7	n/a	0	1	58350
116.716	n/a	0	1	58358
116.732	n/a	0	1	58366
116.75	n/a	0	1	58375
116.766	n/a	0	1	58383
116.782	n/a	0	1	58391
116.8	n/a	0	1	58400
116.816	n/a	0	1	58408
116.832	n/a	0	1	58416
116.85	n/a	0	1	58425
116.866	n/a	0	1	58433
116.882	n/a	0	1	58441
116.9	n/a	0	1	58450
116.916	n/a	0	1	58458
116.932	n/a	0	1	58466
116.95	n/a	0	1	58475
116.966	n/a	0	1	58483
116.982	n/a	0	1	58491
117.0	n/a	0	1	58500
117.016	n/a	0	1	58508
117.032	n/a	0	1	58516
117.05	n/a	0	1	58525
117.066	n/a	0	1	58533
117.082	n/a	1	2	58541
117.1	n/a	1	2	58550
117.116	n/a	1	2	58558
117.132	n/a	1	2	58566
117.15	n/a	0	1	58575
117.166	n/a	0	1	58583
117.182	n/a	0	1	58591
117.2	n/a	0	1	58600
117.216	n/a	0	1	58608
117.232	n/a	0	1	58616
117.25	n/a	0	1	58625
117.266	n/a	0	1	58633
117.282	n/a	0	1	58641
117.3	n/a	0	1	58650
117.316	n/a	0	1	58658
117.332	n/a	0	1	58666
117.35	n/a	0	1	58675
117.366	n/a	0	1	58683
117.382	n/a	0	1	58691
117.4	n/a	0	1	58700
117.416	n/a	0	1	58708
117.432	n/a	0	1	58716
117.45	n/a	0	1	58725
117.466	n/a	1	2	58733
117.482	n/a	1	2	58741
117.5	n/a	1	2	58750
117.516	n/a	1	2	58758
117.532	n/a	0	1	58766
117.55	n/a	0	1	58775
117.566	n/a	0	1	58783
117.582	n/a	0	1	58791
117.6	n/a	0	1	58800
117.616	n/a	0	1	58808
117.632	n/a	0	1	58816
117.65	n/a	0	1	58825
117.666	n/a	0	1	58833
117.682	n/a	0	1	58841
117.7	n/a	0	1	58850
117.716	n/a	0	1	58858
117.732	n/a	0	1	58866
117.75	n/a	0	1	58875
117.766	n/a	1	2	58883
117.782	n/a	1	2	58891
117.8	n/a	1	2	58900
117.816	n/a	1	2	58908
117.832	n/a	0	1	58916
117.85	n/a	0	1	58925
117.866	n/a	0	1	58933
117.882	n/a	0	1	58941
117.9	n/a	0	1	58950
117.916	n/a	0	1	58958
117.932	n/a	0	1	58966
117.95	n/a	0	1	58975
117.966	n/a	0	1	58983
117.982	n/a	0	1	58991
118.0	n/a	0	1	59000
118.016	n/a	0	1	59008
118.032	n/a	0	1	59016
118.05	n/a	1	2	59025
118.066	n/a	1	2	59033
118.082	n/a	1	2	59041
118.1	n/a	1	2	59050
118.116	n/a	0	1	59058
118.132	n/a	0	1	59066
118.15	n/a	0	1	59075
118.166	n/a	0	1	59083
118.182	n/a	0	1	59091
118.2	n/a	0	1	59100
118.216	n/a	0	1	59108
118.232	n/a	0	1	59116
118.25	n/a	0	1	59125
118.266	n/a	0	1	59133
118.282	n/a	0	1	59141
118.3	n/a	0	1	59150
118.316	n/a	0	1	59158
118.332	n/a	0	1	59166
118.35	n/a	0	1	59175
118.366	n/a	0	1	59183
118.382	n/a	1	2	59191
118.4	n/a	1	2	59200
118.416	n/a	1	2	59208
118.432	n/a	1	2	59216
118.45	n/a	0	1	59225
118.466	n/a	0	1	59233
118.482	n/a	0	1	59241
118.5	n/a	0	1	59250
118.516	n/a	0	1	59258
118.532	n/a	0	1	59266
118.55	n/a	0	1	59275
118.566	n/a	0	1	59283
118.582	n/a	0	1	59291
118.6	n/a	0	1	59300
118.616	n/a	0	1	59308
118.632	n/a	0	1	59316
120.116	n/a	0	1	60058
120.132	n/a	1	2	60066
120.15	n/a	1	2	60075
120.166	n/a	1	2	60083
120.182	n/a	1	2	60091
120.2	n/a	0	1	60100
120.216	n/a	0	1	60108
120.232	n/a	0	1	60116
120.25	n/a	0	1	60125
120.266	n/a	0	1	60133
120.282	n/a	0	1	60141
120.3	n/a	0	1	60150
120.316	n/a	0	1	60158
120.332	n/a	0	1	60166
120.35	n/a	0	1	60175
120.366	n/a	0	1	60183
120.382	n/a	0	1	60191
120.4	n/a	0	1	60200
120.416	n/a	0	1	60208
120.432	n/a	0	1	60216
120.45	n/a	0	1	60225
120.466	n/a	0	1	60233
120.482	n/a	0	1	60241
120.5	n/a	0	1	60250
120.516	n/a	0	1	60258
120.532	n/a	0	1	60266
120.55	n/a	0	1	60275
120.566	n/a	0	1	60283
120.582	n/a	0	1	60291
120.6	n/a	0	1	60300
120.616	n/a	1	2	60308
120.632	n/a	1	2	60316
120.65	n/a	1	2	60325
120.666	n/a	1	2	60333
120.682	n/a	0	1	60341
120.7	n/a	0	1	60350
120.716	n/a	0	1	60358
120.732	n/a	0	1	60366
120.75	n/a	0	1	60375
120.766	n/a	0	1	60383
120.782	n/a	0	1	60391
120.8	n/a	0	1	60400
120.816	n/a	0	1	60408
120.832	n/a	0	1	60416
120.85	n/a	0	1	60425
120.866	n/a	0	1	60433
120.882	n/a	0	1	60441
120.9	n/a	0	1	60450
120.916	n/a	0	1	60458
120.932	n/a	0	1	60466
120.95	n/a	0	1	60475
120.966	n/a	0	1	60483
120.982	n/a	0	1	60491
121.0	n/a	0	1	60500
121.016	n/a	0	1	60508
121.032	n/a	0	1	60516
121.05	n/a	0	1	60525
121.066	n/a	0	1	60533
121.082	n/a	1	2	60541
121.1	n/a	1	2	60550
121.116	n/a	1	2	60558
121.132	n/a	1	2	60566
121.15	n/a	0	1	60575
121.166	n/a	0	1	60583
121.182	n/a	0	1	60591
121.2	n/a	0	1	60600
121.216	n/a	0	1	60608
121.232	n/a	0	1	60616
121.25	n/a	0	1	60625
121.266	n/a	0	1	60633
121.282	n/a	0	1	60641
121.3	n/a	0	1	60650
121.316	n/a	0	1	60658
121.332	n/a	0	1	60666
121.35	n/a	0	1	60675
121.366	n/a	0	1	60683
121.382	n/a	0	1	60691
121.4	n/a	0	1	60700
121.416	n/a	0	1	60708
121.432	n/a	0	1	60716
121.45	n/a	0	1	60725
121.466	n/a	0	1	60733
121.482	n/a	0	1	60741
121.5	n/a	1	2	60750
121.516	n/a	1	2	60758
121.532	n/a	1	2	60766
121.55	n/a	1	2	60775
121.566	n/a	0	1	60783
121.582	n/a	0	1	60791
121.6	n/a	0	1	60800
121.616	n/a	0	1	60808
121.632	n/a	0	1	60816
121.65	n/a	0	1	60825
121.666	n/a	0	1	60833
121.682	n/a	0	1	60841
121.7	n/a	0	1	60850
121.716	n/a	0	1	60858
121.732	n/a	0	1	60866
121.75	n/a	0	1	60875
121.766	n/a	0	1	60883
121.782	n/a	0	1	60891
121.8	n/a	0	1	60900
121.816	n/a	0	1	60908
121.832	n/a	0	1	60916
121.85	n/a	0	1	60925
121.866	n/a	0	1	60933
121.882	n/a	0	1	60941
121.9	n/a	0	1	60950
121.916	n/a	0	1	60958
121.932	n/a	1	2	60966
121.95	n/a	1	2	60975
121.966	n/a	1	2	60983
121.982	n/a	1	2	60991
122.0	n/a	0	1	61000
122.016	n/a	0	1	61008
122.032	n/a	0	1	61016
122.05	n/a	0	1	61025
123.532	n/a	0	1	61766
123.55	n/a	0	1	61775
123.566	n/a	0	1	61783
123.582	n/a	0	1	61791
123.6	n/a	0	1	61800
123.616	n/a	0	1	61808
123.632	n/a	0	1	61816
123.65	n/a	0	1	61825
123.666	n/a	0	1	61833
123.682	n/a	0	1	61841
123.7	n/a	0	1	61850
123.716	n/a	0	1	61858
123.732	n/a	0	1	61866
123.75	n/a	0	1	61875
123.766	n/a	0	1	61883
123.782	n/a	1	2	61891
123.8	n/a	1	2	61900
123.816	n/a	1	2	61908
123.832	n/a	1	2	61916
123.85	n/a	0	1	61925
123.866	n/a	0	1	61933
123.882	n/a	0	1	61941
123.9	n/a	0	1	61950
123.916	n/a	0	1	61958
123.932	n/a	0	1	61966
123.95	n/a	0	1	61975
123.966	n/a	0	1	61983
123.982	n/a	0	1	61991
124.0	n/a	0	1	62000
124.016	n/a	0	1	62008
124.032	n/a	0	1	62016
124.05	n/a	0	1	62025
124.066	n/a	0	1	62033
124.082	n/a	0	1	62041
124.1	n/a	0	1	62050
124.116	n/a	0	1	62058
124.132	n/a	0	1	62066
124.15	n/a	0	1	62075
124.166	n/a	0	1	62083
124.182	n/a	0	1	62091
124.2	n/a	0	1	62100
124.216	n/a	1	2	62108
124.232	n/a	1	2	62116
124.25	n/a	1	2	62125
124.266	n/a	1	2	62133
124.282	n/a	0	1	62141
124.3	n/a	0	1	62150
124.316	n/a	0	1	62158
124.332	n/a	0	1	62166
124.35	n/a	0	1	62175
124.366	n/a	0	1	62183
124.382	n/a	0	1	62191
124.4	n/a	0	1	62200
124.416	n/a	0	1	62208
124.432	n/a	0	1	62216
124.45	n/a	0	1	62225
124.466	n/a	0	1	62233
124.482	n/a	0	1	62241
124.5	n/a	0	1	62250
124.516	n/a	0	1	62258
124.532	n/a	0	1	62266
124.55	n/a	0	1	62275
124.566	n/a	0	1	62283
124.582	n/a	0	1	62291
124.6	n/a	0	1	62300
124.616	n/a	0	1	62308
124.632	n/a	0	1	62316
124.65	n/a	0	1	62325
124.666	n/a	0	1	62333
124.682	n/a	1	2	62341
124.7	n/a	1	2	62350
124.716	n/a	1	2	62358
124.732	n/a	1	2	62366
124.75	n/a	0	1	62375
124.766	n/a	0	1	62383
124.782	n/a	0	1	62391
124.8	n/a	0	1	62400
124.816	n/a	0	1	62408
124.832	n/a	0	1	62416
124.85	n/a	0	1	62425
124.866	n/a	0	1	62433
124.882	n/a	0	1	62441
124.9	n/a	0	1	62450
124.916	n/a	0	1	62458
124.932	n/a	0	1	62466
124.95	n/a	0	1	62475
124.966	n/a	0	1	62483
124.982	n/a	1	2	62491
125.0	n/a	1	2	62500
125.016	n/a	1	2	62508
125.032	n/a	1	2	62516
125.05	n/a	0	1	62525
125.066	n/a	0	1	62533
125.082	n/a	0	1	62541
125.1	n/a	0	1	62550
125.116	n/a	0	1	62558
125.132	n/a	0	1	62566
125.15	n/a	0	1	62575
125.166	n/a	0	1	62583
125.182	n/a	0	1	62591
125.2	n/a	0	1	62600
125.216	n/a	0	1	62608
125.232	n/a	0	1	62616
125.25	n/a	0	1	62625
125.266	n/a	0	1	62633
125.282	n/a	0	1	62641
125.3	n/a	0	1	62650
125.316	n/a	0	1	62658
125.332	n/a	0	1	62666
125.35	n/a	0	1	62675
125.366	n/a	0	1	62683
125.382	n/a	0	1	62691
125.4	n/a	0	1	62700
125.416	n/a	1	2	62708
125.432	n/a	1	2	62716
125.45	n/a	1	2	62725
125.466	n/a	1	2	62733
126.95	n/a	0	1	63475
126.966	n/a	0	1	63483
126.982	n/a	0	1	63491
127.0	n/a	0	1	63500
127.016	n/a	0	1	63508
127.032	n/a	0	1	63516
127.05	n/a	0	1	63525
127.066	n/a	0	1	63533
127.082	n/a	0	1	63541
127.1	n/a	0	1	63550
127.116	n/a	0	1	63558
127.132	n/a	0	1	63566
127.15	n/a	0	1	63575
127.166	n/a	0	1	63583
127.182	n/a	0	1	63591
127.2	n/a	0	1	63600
127.216	n/a	0	1	63608
127.232	n/a	0	1	63616
127.25	n/a	1	2	63625
127.266	n/a	1	2	63633
127.282	n/a	1	2	63641
127.3	n/a	1	2	63650
127.316	n/a	0	1	63658
127.332	n/a	0	1	63666
127.35	n/a	0	1	63675
127.366	n/a	0	1	63683
127.382	n/a	0	1	63691
127.4	n/a	0	1	63700
127.416	n/a	0	1	63708
127.432	n/a	0	1	63716
127.45	n/a	0	1	63725
127.466	n/a	0	1	63733
127.482	n/a	0	1	63741
127.5	n/a	0	1	63750
127.516	n/a	0	1	63758
127.532	n/a	0	1	63766
127.55	n/a	0	1	63775
127.566	n/a	0	1	63783
127.582	n/a	0	1	63791
127.6	n/a	0	1	63800
127.616	n/a	0	1	63808
127.632	n/a	0	1	63816
127.65	n/a	1	2	63825
127.666	n/a	1	2	63833
127.682	n/a	1	2	63841
127.7	n/a	1	2	63850
127.716	n/a	0	1	63858
127.732	n/a	0	1	63866
127.75	n/a	0	1	63875
127.766	n/a	0	1	63883
127.782	n/a	0	1	63891
127.8	n/a	0	1	63900
127.816	n/a	0	1	63908
127.832	n/a	0	1	63916
127.85	n/a	0	1	63925
127.866	n/a	0	1	63933
127.882	n/a	0	1	63941
127.9	n/a	0	1	63950
127.916	n/a	0	1	63958
127.932	n/a	1	2	63966
127.95	n/a	1	2	63975
127.966	n/a	1	2	63983
127.982	n/a	1	2	63991
128.0	n/a	0	1	64000
128.016	n/a	0	1	64008
128.032	n/a	0	1	64016
128.05	n/a	0	1	64025
128.066	n/a	0	1	64033
128.082	n/a	0	1	64041
128.1	n/a	0	1	64050
128.116	n/a	0	1	64058
128.132	n/a	0	1	64066
128.15	n/a	0	1	64075
128.166	n/a	0	1	64083
128.182	n/a	0	1	64091
128.198	n/a	0	1	64099
128.216	n/a	0	1	64108
128.232	n/a	0	1	64116
128.25	n/a	0	1	64125
128.266	n/a	0	1	64133
128.282	n/a	0	1	64141
128.3	n/a	1	2	64150
128.316	n/a	1	2	64158
128.332	n/a	1	2	64166
128.35	n/a	1	2	64175
128.366	n/a	0	1	64183
128.382	n/a	0	1	64191
128.4	n/a	0	1	64200
128.416	n/a	0	1	64208
128.432	n/a	0	1	64216
128.448	n/a	0	1	64224
128.466	n/a	0	1	64233
128.482	n/a	0	1	64241
128.5	n/a	0	1	64250
128.516	n/a	0	1	64258
128.532	n/a	0	1	64266
128.55	n/a	0	1	64275
128.566	n/a	0	1	64283
128.582	n/a	0	1	64291
128.6	n/a	0	1	64300
128.616	n/a	0	1	64308
128.632	n/a	0	1	64316
128.65	n/a	0	1	64325
128.666	n/a	0	1	64333
128.682	n/a	0	1	64341
128.698	n/a	0	1	64349
128.716	n/a	0	1	64358
128.732	n/a	0	1	64366
128.75	n/a	0	1	64375
128.766	n/a	1	2	64383
128.782	n/a	1	2	64391
128.8	n/a	1	2	64400
128.816	n/a	1	2	64408
128.832	n/a	0	1	64416
128.85	n/a	0	1	64425
128.866	n/a	0	1	64433
128.882	n/a	0	1	64441
130.866	n/a	0	1	65433
130.882	n/a	0	1	65441
130.9	n/a	0	1	65450
130.916	n/a	0	1	65458
130.932	n/a	0	1	65466
130.948	n/a	0	1	65474
130.966	n/a	0	1	65483
130.982	n/a	0	1	65491
131.0	n/a	0	1	65500
131.016	n/a	0	1	65508
131.032	n/a	0	1	65516
131.05	n/a	0	1	65525
131.066	n/a	0	1	65533
131.082	n/a	0	1	65541
131.1	n/a	0	1	65550
131.116	n/a	0	1	65558
131.132	n/a	0	1	65566
131.15	n/a	0	1	65575
131.166	n/a	0	1	65583
131.182	n/a	0	1	65591
131.2	n/a	0	1	65600
131.216	n/a	0	1	65608
131.232	n/a	0	1	65616
131.25	n/a	1	2	65625
131.266	n/a	1	2	65633
131.282	n/a	1	2	65641
131.3	n/a	1	2	65650
131.316	n/a	0	1	65658
131.332	n/a	0	1	65666
131.35	n/a	0	1	65675
131.366	n/a	0	1	65683
131.382	n/a	0	1	65691
131.4	n/a	0	1	65700
131.416	n/a	0	1	65708
131.432	n/a	0	1	65716
131.45	n/a	0	1	65725
131.466	n/a	0	1	65733
131.482	n/a	0	1	65741
131.5	n/a	0	1	65750
131.516	n/a	0	1	65758
131.532	n/a	0	1	65766
131.55	n/a	0	1	65775
131.566	n/a	0	1	65783
131.582	n/a	0	1	65791
131.6	n/a	0	1	65800
131.616	n/a	0	1	65808
131.632	n/a	1	2	65816
131.65	n/a	1	2	65825
131.666	n/a	1	2	65833
131.682	n/a	1	2	65841
131.7	n/a	0	1	65850
131.716	n/a	0	1	65858
131.732	n/a	0	1	65866
131.75	n/a	0	1	65875
131.766	n/a	0	1	65883
131.782	n/a	0	1	65891
131.8	n/a	0	1	65900
131.816	n/a	0	1	65908
131.832	n/a	0	1	65916
131.85	n/a	0	1	65925
131.866	n/a	0	1	65933
131.882	n/a	0	1	65941
131.9	n/a	0	1	65950
131.916	n/a	0	1	65958
131.932	n/a	1	2	65966
131.95	n/a	1	2	65975
131.966	n/a	1	2	65983
131.982	n/a	1	2	65991
132.0	n/a	0	1	66000
132.016	n/a	0	1	66008
132.032	n/a	0	1	66016
132.05	n/a	0	1	66025
132.066	n/a	0	1	66033
132.082	n/a	0	1	66041
132.1	n/a	0	1	66050
132.116	n/a	0	1	66058
132.132	n/a	0	1	66066
132.15	n/a	0	1	66075
132.166	n/a	0	1	66083
132.182	n/a	0	1	66091
132.2	n/a	0	1	66100
132.216	n/a	1	2	66108
132.232	n/a	1	2	66116
132.25	n/a	1	2	66125
132.266	n/a	1	2	66133
132.282	n/a	0	1	66141
132.3	n/a	0	1	66150
132.316	n/a	0	1	66158
132.332	n/a	0	1	66166
132.35	n/a	0	1	66175
132.366	n/a	0	1	66183
132.382	n/a	0	1	66191
132.4	n/a	0	1	66200
132.416	n/a	0	1	66208
132.432	n/a	0	1	66216
132.45	n/a	0	1	66225
132.466	n/a	0	1	66233
132.482	n/a	0	1	66241
132.5	n/a	0	1	66250
132.516	n/a	0	1	66258
132.532	n/a	0	1	66266
132.55	n/a	1	2	66275
132.566	n/a	1	2	66283
132.582	n/a	1	2	66291
132.6	n/a	1	2	66300
132.616	n/a	0	1	66308
132.632	n/a	0	1	66316
132.65	n/a	0	1	66325
132.666	n/a	0	1	66333
132.682	n/a	0	1	66341
132.7	n/a	0	1	66350
132.716	n/a	0	1	66358
132.732	n/a	0	1	66366
132.75	n/a	0	1	66375
132.766	n/a	0	1	66383
132.782	n/a	0	1	66391
132.8	n/a	0	1	66400
134.282	n/a	0	1	67141
134.3	n/a	0	1	67150
134.316	n/a	0	1	67158
134.332	n/a	0	1	67166
134.35	n/a	0	1	67175
134.366	n/a	0	1	67183
134.382	n/a	0	1	67191
134.4	n/a	0	1	67200
134.416	n/a	0	1	67208
134.432	n/a	0	1	67216
134.45	n/a	0	1	67225
134.466	n/a	0	1	67233
134.482	n/a	0	1	67241
134.5	n/a	0	1	67250
134.516	n/a	0	1	67258
134.532	n/a	1	2	67266
134.55	n/a	1	2	67275
134.566	n/a	1	2	67283
134.582	n/a	1	2	67291
134.6	n/a	0	1	67300
134.616	n/a	0	1	67308
134.632	n/a	0	1	67316
134.65	n/a	0	1	67325
134.666	n/a	0	1	67333
134.682	n/a	0	1	67341
134.7	n/a	0	1	67350
134.716	n/a	0	1	67358
134.732	n/a	0	1	67366
134.75	n/a	0	1	67375
134.766	n/a	0	1	67383
134.782	n/a	0	1	67391
134.8	n/a	0	1	67400
134.816	n/a	0	1	67408
134.832	n/a	0	1	67416
134.85	n/a	0	1	67425
134.866	n/a	0	1	67433
134.882	n/a	0	1	67441
134.9	n/a	0	1	67450
134.916	n/a	0	1	67458
134.932	n/a	0	1	67466
134.95	n/a	0	1	67475
134.966	n/a	1	2	67483
134.982	n/a	1	2	67491
135.0	n/a	1	2	67500
135.016	n/a	1	2	67508
135.032	n/a	0	1	67516
135.05	n/a	0	1	67525
135.066	n/a	0	1	67533
135.082	n/a	0	1	67541
135.1	n/a	0	1	67550
135.116	n/a	0	1	67558
135.132	n/a	0	1	67566
135.15	n/a	0	1	67575
135.166	n/a	0	1	67583
135.182	n/a	0	1	67591
135.2	n/a	0	1	67600
135.216	n/a	0	1	67608
135.232	n/a	0	1	67616
135.25	n/a	0	1	67625
135.266	n/a	0	1	67633
135.282	n/a	0	1	67641
135.3	n/a	0	1	67650
135.316	n/a	0	1	67658
135.332	n/a	0	1	67666
135.35	n/a	0	1	67675
135.366	n/a	0	1	67683
135.382	n/a	0	1	67691
135.4	n/a	0	1	67700
135.416	n/a	0	1	67708
135.432	n/a	1	2	67716
135.45	n/a	1	2	67725
135.466	n/a	1	2	67733
135.482	n/a	1	2	67741
135.5	n/a	0	1	67750
135.516	n/a	0	1	67758
135.532	n/a	0	1	67766
135.55	n/a	0	1	67775
135.566	n/a	0	1	67783
135.582	n/a	0	1	67791
135.6	n/a	0	1	67800
135.616	n/a	0	1	67808
135.632	n/a	0	1	67816
135.65	n/a	0	1	67825
135.666	n/a	0	1	67833
135.682	n/a	0	1	67841
135.7	n/a	0	1	67850
135.716	n/a	0	1	67858
135.732	n/a	1	2	67866
135.75	n/a	1	2	67875
135.766	n/a	1	2	67883
135.782	n/a	1	2	67891
135.8	n/a	0	1	67900
135.816	n/a	0	1	67908
135.832	n/a	0	1	67916
135.85	n/a	0	1	67925
135.866	n/a	0	1	67933
135.882	n/a	0	1	67941
135.9	n/a	0	1	67950
135.916	n/a	0	1	67958
135.932	n/a	0	1	67966
135.95	n/a	0	1	67975
135.966	n/a	0	1	67983
135.982	n/a	0	1	67991
136.0	n/a	0	1	68000
136.016	n/a	0	1	68008
136.032	n/a	0	1	68016
136.05	n/a	0	1	68025
136.066	n/a	0	1	68033
136.082	n/a	0	1	68041
136.1	n/a	0	1	68050
136.116	n/a	0	1	68058
136.132	n/a	0	1	68066
136.15	n/a	0	1	68075
136.166	n/a	1	2	68083
136.182	n/a	1	2	68091
136.2	n/a	1	2	68100
136.216	n/a	1	2	68108
137.7	n/a	0	1	68850
137.716	n/a	0	1	68858
137.732	n/a	0	1	68866
137.75	n/a	0	1	68875
137.766	n/a	0	1	68883
137.782	n/a	0	1	68891
137.8	n/a	0	1	68900
137.816	n/a	0	1	68908
137.832	n/a	0	1	68916
137.85	n/a	0	1	68925
137.866	n/a	0	1	68933
137.882	n/a	0	1	68941
137.9	n/a	0	1	68950
137.916	n/a	0	1	68958
137.932	n/a	0	1	68966
137.95	n/a	0	1	68975
137.966	n/a	0	1	68983
137.982	n/a	0	1	68991
138.0	n/a	1	2	69000
138.016	n/a	1	2	69008
138.032	n/a	1	2	69016
138.05	n/a	1	2	69025
138.066	n/a	0	1	69033
138.082	n/a	0	1	69041
138.1	n/a	0	1	69050
138.116	n/a	0	1	69058
138.132	n/a	0	1	69066
138.15	n/a	0	1	69075
138.166	n/a	0	1	69083
138.182	n/a	0	1	69091
138.2	n/a	0	1	69100
138.216	n/a	0	1	69108
138.232	n/a	0	1	69116
138.25	n/a	0	1	69125
138.266	n/a	0	1	69133
138.282	n/a	0	1	69141
138.3	n/a	0	1	69150
138.316	n/a	0	1	69158
138.332	n/a	0	1	69166
138.35	n/a	0	1	69175
138.366	n/a	0	1	69183
138.382	n/a	0	1	69191
138.4	n/a	1	2	69200
138.416	n/a	1	2	69208
138.432	n/a	1	2	69216
138.45	n/a	1	2	69225
138.466	n/a	0	1	69233
138.482	n/a	0	1	69241
138.5	n/a	0	1	69250
138.516	n/a	0	1	69258
138.532	n/a	0	1	69266
138.55	n/a	0	1	69275
138.566	n/a	0	1	69283
138.582	n/a	0	1	69291
138.6	n/a	0	1	69300
138.616	n/a	0	1	69308
138.632	n/a	0	1	69316
138.65	n/a	0	1	69325
138.666	n/a	0	1	69333
138.682	n/a	1	2	69341
138.7	n/a	1	2	69350
138.716	n/a	1	2	69358
138.732	n/a	1	2	69366
138.75	n/a	0	1	69375
138.766	n/a	0	1	69383
138.782	n/a	0	1	69391
138.8	n/a	0	1	69400
138.816	n/a	0	1	69408
138.832	n/a	0	1	69416
138.85	n/a	0	1	69425
138.866	n/a	0	1	69433
138.882	n/a	0	1	69441
138.9	n/a	0	1	69450
138.916	n/a	0	1	69458
138.932	n/a	0	1	69466
138.95	n/a	0	1	69475
138.966	n/a	0	1	69483
138.982	n/a	0	1	69491
139.0	n/a	0	1	69500
139.016	n/a	0	1	69508
139.032	n/a	0	1	69516
139.05	n/a	1	2	69525
139.066	n/a	1	2	69533
139.082	n/a	1	2	69541
139.1	n/a	1	2	69550
139.116	n/a	0	1	69558
139.132	n/a	0	1	69566
139.15	n/a	0	1	69575
139.166	n/a	0	1	69583
139.182	n/a	0	1	69591
139.2	n/a	0	1	69600
139.216	n/a	0	1	69608
139.232	n/a	0	1	69616
139.25	n/a	0	1	69625
139.266	n/a	0	1	69633
139.282	n/a	0	1	69641
139.3	n/a	0	1	69650
139.316	n/a	0	1	69658
139.332	n/a	0	1	69666
139.35	n/a	0	1	69675
139.366	n/a	0	1	69683
139.382	n/a	0	1	69691
139.4	n/a	0	1	69700
139.416	n/a	0	1	69708
139.432	n/a	0	1	69716
139.45	n/a	0	1	69725
139.466	n/a	0	1	69733
139.482	n/a	0	1	69741
139.5	n/a	0	1	69750
139.516	n/a	1	2	69758
139.532	n/a	1	2	69766
139.55	n/a	1	2	69775
139.566	n/a	1	2	69783
139.582	n/a	0	1	69791
139.6	n/a	0	1	69800
139.616	n/a	0	1	69808
139.632	n/a	0	1	69816
141.116	n/a	0	1	70558
141.132	n/a	1	2	70566
141.15	n/a	1	2	70575
141.166	n/a	1	2	70583
141.182	n/a	1	2	70591
141.2	n/a	0	1	70600
141.216	n/a	0	1	70608
141.232	n/a	0	1	70616
141.25	n/a	0	1	70625
141.266	n/a	0	1	70633
141.282	n/a	0	1	70641
141.3	n/a	0	1	70650
141.316	n/a	0	1	70658
141.332	n/a	0	1	70666
141.35	n/a	0	1	70675
141.366	n/a	0	1	70683
141.382	n/a	0	1	70691
141.4	n/a	0	1	70700
141.416	n/a	0	1	70708
141.432	n/a	0	1	70716
141.45	n/a	0	1	70725
141.466	n/a	0	1	70733
141.482	n/a	0	1	70741
141.5	n/a	0	1	70750
141.516	n/a	0	1	70758
141.532	n/a	0	1	70766
141.55	n/a	0	1	70775
141.566	n/a	0	1	70783
141.582	n/a	0	1	70791
141.6	n/a	0	1	70800
141.616	n/a	1	2	70808
141.632	n/a	1	2	70816
141.65	n/a	1	2	70825
141.666	n/a	1	2	70833
141.682	n/a	0	1	70841
141.7	n/a	0	1	70850
141.716	n/a	0	1	70858
141.732	n/a	0	1	70866
141.75	n/a	0	1	70875
141.766	n/a	0	1	70883
141.782	n/a	0	1	70891
141.8	n/a	0	1	70900
141.816	n/a	0	1	70908
141.832	n/a	0	1	70916
141.85	n/a	0	1	70925
141.866	n/a	0	1	70933
141.882	n/a	0	1	70941
141.9	n/a	0	1	70950
141.916	n/a	0	1	70958
141.932	n/a	0	1	70966
141.95	n/a	0	1	70975
141.966	n/a	0	1	70983
141.982	n/a	0	1	70991
142.0	n/a	0	1	71000
142.016	n/a	0	1	71008
142.032	n/a	0	1	71016
142.05	n/a	0	1	71025
142.066	n/a	0	1	71033
142.082	n/a	1	2	71041
142.1	n/a	1	2	71050
142.116	n/a	1	2	71058
142.132	n/a	1	2	71066
142.15	n/a	0	1	71075
142.166	n/a	0	1	71083
142.182	n/a	0	1	71091
142.2	n/a	0	1	71100
142.216	n/a	0	1	71108
142.232	n/a	0	1	71116
142.25	n/a	0	1	71125
142.266	n/a	0	1	71133
142.282	n/a	0	1	71141
142.3	n/a	0	1	71150
142.316	n/a	0	1	71158
142.332	n/a	0	1	71166
142.35	n/a	0	1	71175
142.366	n/a	0	1	71183
142.382	n/a	0	1	71191
142.4	n/a	0	1	71200
142.416	n/a	0	1	71208
142.432	n/a	0	1	71216
142.45	n/a	0	1	71225
142.466	n/a	0	1	71233
142.482	n/a	0	1	71241
142.5	n/a	1	2	71250
142.516	n/a	1	2	71258
142.532	n/a	1	2	71266
142.55	n/a	1	2	71275
142.566	n/a	0	1	71283
142.582	n/a	0	1	71291
142.6	n/a	0	1	71300
142.616	n/a	0	1	71308
142.632	n/a	0	1	71316
142.65	n/a	0	1	71325
142.666	n/a	0	1	71333
142.682	n/a	0	1	71341
142.7	n/a	0	1	71350
142.716	n/a	0	1	71358
142.732	n/a	0	1	71366
142.75	n/a	0	1	71375
142.766	n/a	0	1	71383
142.782	n/a	0	1	71391
142.8	n/a	0	1	71400
142.816	n/a	0	1	71408
142.832	n/a	0	1	71416
142.85	n/a	0	1	71425
142.866	n/a	0	1	71433
142.882	n/a	0	1	71441
142.9	n/a	0	1	71450
142.916	n/a	0	1	71458
142.932	n/a	1	2	71466
142.95	n/a	1	2	71475
142.966	n/a	1	2	71483
142.982	n/a	1	2	71491
143.0	n/a	0	1	71500
143.016	n/a	0	1	71508
143.032	n/a	0	1	71516
143.05	n/a	0	1	71525
145.1	n/a	0	1	72550
145.116	n/a	0	1	72558
145.132	n/a	0	1	72566
145.15	n/a	0	1	72575
145.166	n/a	0	1	72583
145.182	n/a	0	1	72591
145.2	n/a	0	1	72600
145.216	n/a	0	1	72608
145.232	n/a	0	1	72616
145.25	n/a	0	1	72625
145.266	n/a	0	1	72633
145.282	n/a	0	1	72641
145.3	n/a	0	1	72650
145.316	n/a	0	1	72658
145.332	n/a	0	1	72666
145.35	n/a	0	1	72675
145.366	n/a	0	1	72683
145.382	n/a	0	1	72691
145.4	n/a	1	2	72700
145.416	n/a	1	2	72708
145.432	n/a	1	2	72716
145.45	n/a	1	2	72725
145.466	n/a	0	1	72733
145.482	n/a	0	1	72741
145.5	n/a	0	1	72750
145.516	n/a	0	1	72758
145.532	n/a	0	1	72766
145.55	n/a	0	1	72775
145.566	n/a	0	1	72783
145.582	n/a	0	1	72791
145.6	n/a	0	1	72800
145.616	n/a	0	1	72808
145.632	n/a	0	1	72816
145.65	n/a	0	1	72825
145.666	n/a	0	1	72833
145.682	n/a	0	1	72841
145.7	n/a	0	1	72850
145.716	n/a	0	1	72858
145.732	n/a	0	1	72866
145.75	n/a	0	1	72875
145.766	n/a	0	1	72883
145.782	n/a	0	1	72891
145.8	n/a	1	2	72900
145.816	n/a	1	2	72908
145.832	n/a	1	2	72916
145.85	n/a	1	2	72925
145.866	n/a	0	1	72933
145.882	n/a	0	1	72941
145.9	n/a	0	1	72950
145.916	n/a	0	1	72958
145.932	n/a	0	1	72966
145.95	n/a	0	1	72975
145.966	n/a	0	1	72983
145.982	n/a	0	1	72991
146.0	n/a	0	1	73000
146.016	n/a	0	1	73008
146.032	n/a	0	1	73016
146.05	n/a	0	1	73025
146.066	n/a	0	1	73033
146.082	n/a	1	2	73041
146.1	n/a	1	2	73050
146.116	n/a	1	2	73058
146.132	n/a	1	2	73066
146.15	n/a	0	1	73075
146.166	n/a	0	1	73083
146.182	n/a	0	1	73091
146.2	n/a	0	1	73100
146.216	n/a	0	1	73108
146.232	n/a	0	1	73116
146.25	n/a	0	1	73125
146.266	n/a	0	1	73133
146.282	n/a	0	1	73141
146.3	n/a	0	1	73150
146.316	n/a	0	1	73158
146.332	n/a	0	1	73166
146.35	n/a	0	1	73175
146.366	n/a	0	1	73183
146.382	n/a	0	1	73191
146.4	n/a	0	1	73200
146.416	n/a	0	1	73208
146.432	n/a	0	1	73216
146.45	n/a	1	2	73225
146.466	n/a	1	2	73233
146.482	n/a	1	2	73241
146.5	n/a	1	2	73250
146.516	n/a	0	1	73258
146.532	n/a	0	1	73266
146.55	n/a	0	1	73275
146.566	n/a	0	1	73283
146.582	n/a	0	1	73291
146.6	n/a	0	1	73300
146.616	n/a	0	1	73308
146.632	n/a	0	1	73316
146.65	n/a	0	1	73325
146.666	n/a	0	1	73333
146.682	n/a	0	1	73341
146.7	n/a	0	1	73350
146.716	n/a	0	1	73358
146.732	n/a	0	1	73366
146.75	n/a	0	1	73375
146.766	n/a	0	1	73383
146.782	n/a	0	1	73391
146.8	n/a	0	1	73400
146.816	n/a	0	1	73408
146.832	n/a	0	1	73416
146.85	n/a	0	1	73425
146.866	n/a	0	1	73433
146.882	n/a	0	1	73441
146.9	n/a	0	1	73450
146.916	n/a	1	2	73458
146.932	n/a	1	2	73466
146.95	n/a	1	2	73475
146.966	n/a	1	2	73483
146.982	n/a	0	1	73491
147.0	n/a	0	1	73500
147.016	n/a	0	1	73508
147.032	n/a	0	1	73516
148.516	n/a	0	1	74258
148.532	n/a	0	1	74266
148.55	n/a	0	1	74275
148.566	n/a	0	1	74283
148.582	n/a	0	1	74291
148.6	n/a	0	1	74300
148.616	n/a	0	1	74308
148.632	n/a	0	1	74316
148.65	n/a	0	1	74325
148.666	n/a	0	1	74333
148.682	n/a	0	1	74341
148.7	n/a	0	1	74350
148.716	n/a	0	1	74358
148.732	n/a	0	1	74366
148.75	n/a	0	1	74375
148.766	n/a	0	1	74383
148.782	n/a	0	1	74391
148.8	n/a	0	1	74400
148.816	n/a	0	1	74408
148.832	n/a	0	1	74416
148.85	n/a	0	1	74425
148.866	n/a	0	1	74433
148.882	n/a	0	1	74441
148.9	n/a	1	2	74450
148.916	n/a	1	2	74458
148.932	n/a	1	2	74466
148.95	n/a	1	2	74475
148.966	n/a	0	1	74483
148.982	n/a	0	1	74491
149.0	n/a	0	1	74500
149.016	n/a	0	1	74508
149.032	n/a	0	1	74516
149.05	n/a	0	1	74525
149.066	n/a	0	1	74533
149.082	n/a	0	1	74541
149.1	n/a	0	1	74550
149.116	n/a	0	1	74558
149.132	n/a	0	1	74566
149.15	n/a	0	1	74575
149.166	n/a	0	1	74583
149.182	n/a	0	1	74591
149.2	n/a	0	1	74600
149.216	n/a	0	1	74608
149.232	n/a	0	1	74616
149.25	n/a	0	1	74625
149.266	n/a	0	1	74633
149.282	n/a	1	2	74641
149.3	n/a	1	2	74650
149.316	n/a	1	2	74658
149.332	n/a	1	2	74666
149.35	n/a	0	1	74675
149.366	n/a	0	1	74683
149.382	n/a	0	1	74691
149.4	n/a	0	1	74700
149.416	n/a	0	1	74708
149.432	n/a	0	1	74716
149.45	n/a	0	1	74725
149.466	n/a	0	1	74733
149.482	n/a	0	1	74741
149.5	n/a	0	1	74750
149.516	n/a	0	1	74758
149.532	n/a	0	1	74766
149.55	n/a	0	1	74775
149.566	n/a	0	1	74783
149.582	n/a	1	2	74791
149.6	n/a	1	2	74800
149.616	n/a	1	2	74808
149.632	n/a	1	2	74816
149.65	n/a	0	1	74825
149.666	n/a	0	1	74833
149.682	n/a	0	1	74841
149.7	n/a	0	1	74850
149.716	n/a	0	1	74858
149.732	n/a	0	1	74866
149.75	n/a	0	1	74875
149.766	n/a	0	1	74883
149.782	n/a	0	1	74891
149.8	n/a	0	1	74900
149.816	n/a	0	1	74908
149.832	n/a	0	1	74916
149.85	n/a	0	1	74925
149.866	n/a	1	2	74933
149.882	n/a	1	2	74941
149.9	n/a	1	2	74950
149.916	n/a	1	2	74958
149.932	n/a	0	1	74966
149.95	n/a	0	1	74975
149.966	n/a	0	1	74983
149.982	n/a	0	1	74991
150.0	n/a	0	1	75000
150.016	n/a	0	1	75008
150.032	n/a	0	1	75016
150.05	n/a	0	1	75025
150.066	n/a	0	1	75033
150.082	n/a	0	1	75041
150.1	n/a	0	1	75050
150.116	n/a	0	1	75058
150.132	n/a	0	1	75066
150.15	n/a	0	1	75075
150.166	n/a	0	1	75083
150.182	n/a	0	1	75091
150.2	n/a	1	2	75100
150.216	n/a	1	2	75108
150.232	n/a	1	2	75116
150.25	n/a	1	2	75125
150.266	n/a	0	1	75133
150.282	n/a	0	1	75141
150.3	n/a	0	1	75150
150.316	n/a	0	1	75158
150.332	n/a	0	1	75166
150.35	n/a	0	1	75175
150.366	n/a	0	1	75183
150.382	n/a	0	1	75191
150.4	n/a	0	1	75200
150.416	n/a	0	1	75208
150.432	n/a	0	1	75216
150.45	n/a	0	1	75225
151.932	n/a	0	1	75966
151.95	n/a	0	1	75975
151.966	n/a	0	1	75983
151.982	n/a	0	1	75991
152.0	n/a	0	1	76000
152.016	n/a	0	1	76008
152.032	n/a	0	1	76016
152.05	n/a	0	1	76025
152.066	n/a	0	1	76033
152.082	n/a	0	1	76041
152.1	n/a	0	1	76050
152.116	n/a	0	1	76058
152.132	n/a	0	1	76066
152.15	n/a	0	1	76075
152.166	n/a	0	1	76083
152.182	n/a	1	2	76091
152.2	n/a	1	2	76100
152.216	n/a	1	2	76108
152.232	n/a	1	2	76116
152.25	n/a	0	1	76125
152.266	n/a	0	1	76133
152.282	n/a	0	1	76141
152.3	n/a	0	1	76150
152.316	n/a	0	1	76158
152.332	n/a	0	1	76166
152.35	n/a	0	1	76175
152.366	n/a	0	1	76183
152.382	n/a	0	1	76191
152.4	n/a	0	1	76200
152.416	n/a	0	1	76208
152.432	n/a	0	1	76216
152.45	n/a	0	1	76225
152.466	n/a	0	1	76233
152.482	n/a	0	1	76241
152.5	n/a	0	1	76250
152.516	n/a	0	1	76258
152.532	n/a	0	1	76266
152.55	n/a	0	1	76275
152.566	n/a	0	1	76283
152.582	n/a	0	1	76291
152.6	n/a	0	1	76300
152.616	n/a	1	2	76308
152.632	n/a	1	2	76316
152.65	n/a	1	2	76325
152.666	n/a	1	2	76333
152.682	n/a	0	1	76341
152.7	n/a	0	1	76350
152.716	n/a	0	1	76358
152.732	n/a	0	1	76366
152.75	n/a	0	1	76375
152.766	n/a	0	1	76383
152.782	n/a	0	1	76391
152.8	n/a	0	1	76400
152.816	n/a	0	1	76408
152.832	n/a	0	1	76416
152.85	n/a	0	1	76425
152.866	n/a	0	1	76433
152.882	n/a	0	1	76441
152.9	n/a	0	1	76450
152.916	n/a	0	1	76458
152.932	n/a	0	1	76466
152.95	n/a	0	1	76475
152.966	n/a	0	1	76483
152.982	n/a	0	1	76491
153.0	n/a	0	1	76500
153.016	n/a	0	1	76508
153.032	n/a	0	1	76516
153.05	n/a	0	1	76525
153.066	n/a	0	1	76533
153.082	n/a	1	2	76541
153.1	n/a	1	2	76550
153.116	n/a	1	2	76558
153.132	n/a	1	2	76566
153.15	n/a	0	1	76575
153.166	n/a	0	1	76583
153.182	n/a	0	1	76591
153.2	n/a	0	1	76600
153.216	n/a	0	1	76608
153.232	n/a	0	1	76616
153.25	n/a	0	1	76625
153.266	n/a	0	1	76633
153.282	n/a	0	1	76641
153.3	n/a	0	1	76650
153.316	n/a	0	1	76658
153.332	n/a	0	1	76666
153.35	n/a	0	1	76675
153.366	n/a	0	1	76683
153.382	n/a	1	2	76691
153.4	n/a	1	2	76700
153.416	n/a	1	2	76708
153.432	n/a	1	2	76716
153.45	n/a	0	1	76725
153.466	n/a	0	1	76733
153.482	n/a	0	1	76741
153.5	n/a	0	1	76750
153.516	n/a	0	1	76758
153.532	n/a	0	1	76766
153.55	n/a	0	1	76775
153.566	n/a	0	1	76783
153.582	n/a	0	1	76791
153.6	n/a	0	1	76800
153.616	n/a	0	1	76808
153.632	n/a	0	1	76816
153.65	n/a	0	1	76825
153.666	n/a	0	1	76833
153.682	n/a	0	1	76841
153.7	n/a	0	1	76850
153.716	n/a	0	1	76858
153.732	n/a	0	1	76866
153.75	n/a	0	1	76875
153.766	n/a	0	1	76883
153.782	n/a	0	1	76891
153.8	n/a	0	1	76900
153.816	n/a	1	2	76908
153.832	n/a	1	2	76916
153.85	n/a	1	2	76925
153.866	n/a	1	2	76933
155.35	n/a	0	1	77675
155.366	n/a	1	2	77683
155.382	n/a	1	2	77691
155.4	n/a	1	2	77700
155.416	n/a	1	2	77708
155.432	n/a	0	1	77716
155.45	n/a	0	1	77725
155.466	n/a	0	1	77733
155.482	n/a	0	1	77741
155.5	n/a	0	1	77750
155.516	n/a	0	1	77758
155.532	n/a	0	1	77766
155.55	n/a	0	1	77775
155.566	n/a	0	1	77783
155.582	n/a	0	1	77791
155.6	n/a	0	1	77800
155.616	n/a	0	1	77808
155.632	n/a	0	1	77816
155.65	n/a	0	1	77825
155.666	n/a	0	1	77833
155.682	n/a	0	1	77841
155.7	n/a	0	1	77850
155.716	n/a	0	1	77858
155.732	n/a	0	1	77866
155.75	n/a	0	1	77875
155.766	n/a	0	1	77883
155.782	n/a	0	1	77891
155.8	n/a	0	1	77900
155.816	n/a	0	1	77908
155.832	n/a	0	1	77916
155.85	n/a	1	2	77925
155.866	n/a	1	2	77933
155.882	n/a	1	2	77941
155.9	n/a	1	2	77950
155.916	n/a	0	1	77958
155.932	n/a	0	1	77966
155.95	n/a	0	1	77975
155.966	n/a	0	1	77983
155.982	n/a	0	1	77991
156.0	n/a	0	1	78000
156.016	n/a	0	1	78008
156.032	n/a	0	1	78016
156.05	n/a	0	1	78025
156.066	n/a	0	1	78033
156.082	n/a	0	1	78041
156.1	n/a	0	1	78050
156.116	n/a	0	1	78058
156.132	n/a	0	1	78066
156.15	n/a	0	1	78075
156.166	n/a	0	1	78083
156.182	n/a	0	1	78091
156.2	n/a	0	1	78100
156.216	n/a	0	1	78108
156.232	n/a	0	1	78116
156.25	n/a	0	1	78125
156.266	n/a	0	1	78133
156.282	n/a	0	1	78141
156.3	n/a	0	1	78150
156.316	n/a	1	2	78158
156.332	n/a	1	2	78166
156.35	n/a	1	2	78175
156.366	n/a	1	2	78183
156.382	n/a	0	1	78191
156.4	n/a	0	1	78200
156.416	n/a	0	1	78208
156.432	n/a	0	1	78216
156.45	n/a	0	1	78225
156.466	n/a	0	1	78233
156.482	n/a	0	1	78241
156.5	n/a	0	1	78250
156.516	n/a	0	1	78258
156.532	n/a	0	1	78266
156.55	n/a	0	1	78275
156.566	n/a	0	1	78283
156.582	n/a	0	1	78291
156.6	n/a	0	1	78300
156.616	n/a	0	1	78308
156.632	n/a	0	1	78316
156.65	n/a	0	1	78325
156.666	n/a	0	1	78333
156.682	n/a	0	1	78341
156.7	n/a	0	1	78350
156.716	n/a	0	1	78358
156.732	n/a	1	2	78366
156.75	n/a	1	2	78375
156.766	n/a	1	2	78383
156.782	n/a	1	2	78391
156.8	n/a	0	1	78400
156.816	n/a	0	1	78408
156.832	n/a	0	1	78416
156.85	n/a	0	1	78425
156.866	n/a	0	1	78433
156.882	n/a	0	1	78441
156.9	n/a	0	1	78450
156.916	n/a	0	1	78458
156.932	n/a	0	1	78466
156.95	n/a	0	1	78475
156.966	n/a	0	1	78483
156.982	n/a	0	1	78491
157.0	n/a	0	1	78500
157.016	n/a	0	1	78508
157.032	n/a	0	1	78516
157.05	n/a	0	1	78525
157.066	n/a	0	1	78533
157.082	n/a	0	1	78541
157.1	n/a	0	1	78550
157.116	n/a	0	1	78558
157.132	n/a	0	1	78566
157.15	n/a	0	1	78575
157.166	n/a	1	2	78583
157.182	n/a	1	2	78591
157.2	n/a	1	2	78600
157.216	n/a	1	2	78608
157.232	n/a	0	1	78616
157.25	n/a	0	1	78625
157.266	n/a	0	1	78633
157.282	n/a	0	1	78641
159.35	n/a	0	1	79675
159.366	n/a	0	1	79683
159.382	n/a	0	1	79691
159.4	n/a	0	1	79700
159.416	n/a	0	1	79708
159.432	n/a	0	1	79716
159.45	n/a	0	1	79725
159.466	n/a	0	1	79733
159.482	n/a	0	1	79741
159.5	n/a	0	1	79750
159.516	n/a	0	1	79758
159.532	n/a	0	1	79766
159.55	n/a	0	1	79775
159.566	n/a	0	1	79783
159.582	n/a	0	1	79791
159.6	n/a	0	1	79800
159.616	n/a	0	1	79808
159.632	n/a	0	1	79816
159.65	n/a	0	1	79825
159.666	n/a	0	1	79833
159.682	n/a	0	1	79841
159.7	n/a	0	1	79850
159.716	n/a	0	1	79858
159.732	n/a	1	2	79866
159.75	n/a	1	2	79875
159.766	n/a	1	2	79883
159.782	n/a	1	2	79891
159.8	n/a	0	1	79900
159.816	n/a	0	1	79908
159.832	n/a	0	1	79916
159.85	n/a	0	1	79925
159.866	n/a	0	1	79933
159.882	n/a	0	1	79941
159.9	n/a	0	1	79950
159.916	n/a	0	1	79958
159.932	n/a	0	1	79966
159.95	n/a	0	1	79975
159.966	n/a	0	1	79983
159.982	n/a	0	1	79991
160.0	n/a	0	1	80000
160.016	n/a	0	1	80008
160.032	n/a	0	1	80016
160.05	n/a	0	1	80025
160.066	n/a	0	1	80033
160.082	n/a	0	1	80041
160.1	n/a	0	1	80050
160.116	n/a	1	2	80058
160.132	n/a	1	2	80066
160.15	n/a	1	2	80075
160.166	n/a	1	2	80083
160.182	n/a	0	1	80091
160.2	n/a	0	1	80100
160.216	n/a	0	1	80108
160.232	n/a	0	1	80116
160.25	n/a	0	1	80125
160.266	n/a	0	1	80133
160.282	n/a	0	1	80141
160.3	n/a	0	1	80150
160.316	n/a	0	1	80158
160.332	n/a	0	1	80166
160.35	n/a	0	1	80175
160.366	n/a	0	1	80183
160.382	n/a	0	1	80191
160.4	n/a	0	1	80200
160.416	n/a	1	2	80208
160.432	n/a	1	2	80216
160.45	n/a	1	2	80225
160.466	n/a	1	2	80233
160.482	n/a	0	1	80241
160.5	n/a	0	1	80250
160.516	n/a	0	1	80258
160.532	n/a	0	1	80266
160.55	n/a	0	1	80275
160.566	n/a	0	1	80283
160.582	n/a	0	1	80291
160.6	n/a	0	1	80300
160.616	n/a	0	1	80308
160.632	n/a	0	1	80316
160.65	n/a	0	1	80325
160.666	n/a	0	1	80333
160.682	n/a	0	1	80341
160.7	n/a	1	2	80350
160.716	n/a	1	2	80358
160.732	n/a	1	2	80366
160.75	n/a	1	2	80375
160.766	n/a	0	1	80383
160.782	n/a	0	1	80391
160.8	n/a	0	1	80400
160.816	n/a	0	1	80408
160.832	n/a	0	1	80416
160.85	n/a	0	1	80425
160.866	n/a	0	1	80433
160.882	n/a	0	1	80441
160.9	n/a	0	1	80450
160.916	n/a	0	1	80458
160.932	n/a	0	1	80466
160.95	n/a	0	1	80475
160.966	n/a	0	1	80483
160.982	n/a	0	1	80491
161.0	n/a	0	1	80500
161.016	n/a	0	1	80508
161.032	n/a	1	2	80516
161.05	n/a	1	2	80525
161.066	n/a	1	2	80533
161.082	n/a	1	2	80541
161.1	n/a	0	1	80550
161.116	n/a	0	1	80558
161.132	n/a	0	1	80566
161.15	n/a	0	1	80575
161.166	n/a	0	1	80583
161.182	n/a	0	1	80591
161.2	n/a	0	1	80600
161.216	n/a	0	1	80608
161.232	n/a	0	1	80616
161.25	n/a	0	1	80625
161.266	n/a	0	1	80633
161.282	n/a	0	1	80641
162.766	n/a	0	1	81383
162.782	n/a	0	1	81391
162.8	n/a	0	1	81400
162.816	n/a	0	1	81408
162.832	n/a	0	1	81416
162.85	n/a	0	1	81425
162.866	n/a	0	1	81433
162.882	n/a	0	1	81441
162.9	n/a	0	1	81450
162.916	n/a	0	1	81458
162.932	n/a	0	1	81466
162.95	n/a	0	1	81475
162.966	n/a	0	1	81483
162.982	n/a	0	1	81491
163.0	n/a	0	1	81500
163.016	n/a	1	2	81508
163.032	n/a	1	2	81516
163.05	n/a	1	2	81525
163.066	n/a	1	2	81533
163.082	n/a	0	1	81541
163.1	n/a	0	1	81550
163.116	n/a	0	1	81558
163.132	n/a	0	1	81566
163.15	n/a	0	1	81575
163.166	n/a	0	1	81583
163.182	n/a	0	1	81591
163.2	n/a	0	1	81600
163.216	n/a	0	1	81608
163.232	n/a	0	1	81616
163.25	n/a	0	1	81625
163.266	n/a	0	1	81633
163.282	n/a	0	1	81641
163.3	n/a	0	1	81650
163.316	n/a	0	1	81658
163.332	n/a	0	1	81666
163.35	n/a	0	1	81675
163.366	n/a	0	1	81683
163.382	n/a	0	1	81691
163.4	n/a	0	1	81700
163.416	n/a	0	1	81708
163.432	n/a	0	1	81716
163.45	n/a	1	2	81725
163.466	n/a	1	2	81733
163.482	n/a	1	2	81741
163.5	n/a	1	2	81750
163.516	n/a	0	1	81758
163.532	n/a	0	1	81766
163.55	n/a	0	1	81775
163.566	n/a	0	1	81783
163.582	n/a	0	1	81791
163.6	n/a	0	1	81800
163.616	n/a	0	1	81808
163.632	n/a	0	1	81816
163.65	n/a	0	1	81825
163.666	n/a	0	1	81833
163.682	n/a	0	1	81841
163.7	n/a	0	1	81850
163.716	n/a	0	1	81858
163.732	n/a	0	1	81866
163.75	n/a	0	1	81875
163.766	n/a	0	1	81883
163.782	n/a	0	1	81891
163.8	n/a	0	1	81900
163.816	n/a	0	1	81908
163.832	n/a	0	1	81916
163.85	n/a	0	1	81925
163.866	n/a	0	1	81933
163.882	n/a	0	1	81941
163.9	n/a	0	1	81950
163.916	n/a	1	2	81958
163.932	n/a	1	2	81966
163.95	n/a	1	2	81975
163.966	n/a	1	2	81983
163.982	n/a	0	1	81991
164.0	n/a	0	1	82000
164.016	n/a	0	1	82008
164.032	n/a	0	1	82016
164.05	n/a	0	1	82025
164.066	n/a	0	1	82033
164.082	n/a	0	1	82041
164.1	n/a	0	1	82050
164.116	n/a	0	1	82058
164.132	n/a	0	1	82066
164.15	n/a	0	1	82075
164.166	n/a	0	1	82083
164.182	n/a	0	1	82091
164.2	n/a	0	1	82100
164.216	n/a	1	2	82108
164.232	n/a	1	2	82116
164.25	n/a	1	2	82125
164.266	n/a	1	2	82133
164.282	n/a	0	1	82141
164.3	n/a	0	1	82150
164.316	n/a	0	1	82158
164.332	n/a	0	1	82166
164.35	n/a	0	1	82175
164.366	n/a	0	1	82183
164.382	n/a	0	1	82191
164.4	n/a	0	1	82200
164.416	n/a	0	1	82208
164.432	n/a	0	1	82216
164.45	n/a	0	1	82225
164.466	n/a	0	1	82233
164.482	n/a	0	1	82241
164.5	n/a	0	1	82250
164.516	n/a	0	1	82258
164.532	n/a	0	1	82266
164.55	n/a	0	1	82275
164.566	n/a	0	1	82283
164.582	n/a	0	1	82291
164.6	n/a	0	1	82300
164.616	n/a	0	1	82308
164.632	n/a	0	1	82316
164.65	n/a	1	2	82325
164.666	n/a	1	2	82333
164.682	n/a	1	2	82341
164.7	n/a	1	2	82350
166.182	n/a	0	1	83091
166.2	n/a	0	1	83100
166.216	n/a	0	1	83108
166.232	n/a	0	1	83116
166.25	n/a	0	1	83125
166.266	n/a	0	1	83133
166.282	n/a	0	1	83141
166.3	n/a	0	1	83150
166.316	n/a	0	1	83158
166.332	n/a	0	1	83166
166.35	n/a	0	1	83175
166.366	n/a	0	1	83183
166.382	n/a	0	1	83191
166.4	n/a	0	1	83200
166.416	n/a	0	1	83208
166.432	n/a	0	1	83216
166.45	n/a	0	1	83225
166.466	n/a	0	1	83233
166.482	n/a	1	2	83241
166.5	n/a	1	2	83250
166.516	n/a	1	2	83258
166.532	n/a	1	2	83266
166.55	n/a	0	1	83275
166.566	n/a	0	1	83283
166.582	n/a	0	1	83291
166.6	n/a	0	1	83300
166.616	n/a	0	1	83308
166.632	n/a	0	1	83316
166.65	n/a	0	1	83325
166.666	n/a	0	1	83333
166.682	n/a	0	1	83341
166.7	n/a	0	1	83350
166.716	n/a	0	1	83358
166.732	n/a	0	1	83366
166.75	n/a	0	1	83375
166.766	n/a	0	1	83383
166.782	n/a	0	1	83391
166.8	n/a	0	1	83400
166.816	n/a	0	1	83408
166.832	n/a	0	1	83416
166.85	n/a	0	1	83425
166.866	n/a	0	1	83433
166.882	n/a	1	2	83441
166.9	n/a	1	2	83450
166.916	n/a	1	2	83458
166.932	n/a	1	2	83466
166.95	n/a	0	1	83475
166.966	n/a	0	1	83483
166.982	n/a	0	1	83491
167.0	n/a	0	1	83500
167.016	n/a	0	1	83508
167.032	n/a	0	1	83516
167.05	n/a	0	1	83525
167.066	n/a	0	1	83533
167.082	n/a	0	1	83541
167.1	n/a	0	1	83550
167.116	n/a	0	1	83558
167.132	n/a	0	1	83566
167.15	n/a	0	1	83575
167.166	n/a	1	2	83583
167.182	n/a	1	2	83591
167.2	n/a	1	2	83600
167.216	n/a	1	2	83608
167.232	n/a	0	1	83616
167.25	n/a	0	1	83625
167.266	n/a	0	1	83633
167.282	n/a	0	1	83641
167.3	n/a	0	1	83650
167.316	n/a	0	1	83658
167.332	n/a	0	1	83666
167.35	n/a	0	1	83675
167.366	n/a	0	1	83683
167.382	n/a	0	1	83691
167.4	n/a	0	1	83700
167.416	n/a	0	1	83708
167.432	n/a	0	1	83716
167.45	n/a	0	1	83725
167.466	n/a	0	1	83733
167.482	n/a	0	1	83741
167.5	n/a	0	1	83750
167.516	n/a	0	1	83758
167.532	n/a	1	2	83766
167.55	n/a	1	2	83775
167.566	n/a	1	2	83783
167.582	n/a	1	2	83791
167.6	n/a	0	1	83800
167.616	n/a	0	1	83808
167.632	n/a	0	1	83816
167.65	n/a	0	1	83825
167.666	n/a	0	1	83833
167.682	n/a	0	1	83841
167.7	n/a	0	1	83850
167.716	n/a	0	1	83858
167.732	n/a	0	1	83866
167.75	n/a	0	1	83875
167.766	n/a	0	1	83883
167.782	n/a	0	1	83891
167.8	n/a	0	1	83900
167.816	n/a	0	1	83908
167.832	n/a	0	1	83916
167.85	n/a	0	1	83925
167.866	n/a	0	1	83933
167.882	n/a	0	1	83941
167.9	n/a	0	1	83950
167.916	n/a	0	1	83958
167.932	n/a	0	1	83966
167.95	n/a	0	1	83975
167.966	n/a	0	1	83983
167.982	n/a	0	1	83991
168.0	n/a	1	2	84000
168.016	n/a	1	2	84008
168.032	n/a	1	2	84016
168.05	n/a	1	2	84025
168.066	n/a	0	1	84033
168.082	n/a	0	1	84041
168.1	n/a	0	1	84050
168.116	n/a	0	1	84058
169.6	n/a	0	1	84800
169.616	n/a	1	2	84808
169.632	n/a	1	2	84816
169.65	n/a	1	2	84825
169.666	n/a	1	2	84833
169.682	n/a	0	1	84841
169.7	n/a	0	1	84850
169.716	n/a	0	1	84858
169.732	n/a	0	1	84866
169.75	n/a	0	1	84875
169.766	n/a	0	1	84883
169.782	n/a	0	1	84891
169.8	n/a	0	1	84900
169.816	n/a	0	1	84908
169.832	n/a	0	1	84916
169.85	n/a	0	1	84925
169.866	n/a	0	1	84933
169.882	n/a	0	1	84941
169.9	n/a	0	1	84950
169.916	n/a	0	1	84958
169.932	n/a	0	1	84966
169.95	n/a	0	1	84975
169.966	n/a	0	1	84983
169.982	n/a	0	1	84991
170.0	n/a	0	1	85000
170.016	n/a	0	1	85008
170.032	n/a	0	1	85016
170.05	n/a	0	1	85025
170.066	n/a	0	1	85033
170.082	n/a	0	1	85041
170.1	n/a	1	2	85050
170.116	n/a	1	2	85058
170.132	n/a	1	2	85066
170.15	n/a	1	2	85075
170.166	n/a	0	1	85083
170.182	n/a	0	1	85091
170.2	n/a	0	1	85100
170.216	n/a	0	1	85108
170.232	n/a	0	1	85116
170.25	n/a	0	1	85125
170.266	n/a	0	1	85133
170.282	n/a	0	1	85141
170.3	n/a	0	1	85150
170.316	n/a	0	1	85158
170.332	n/a	0	1	85166
170.35	n/a	0	1	85175
170.366	n/a	0	1	85183
170.382	n/a	0	1	85191
170.4	n/a	0	1	85200
170.416	n/a	0	1	85208
170.432	n/a	0	1	85216
170.45	n/a	0	1	85225
170.466	n/a	0	1	85233
170.482	n/a	0	1	85241
170.5	n/a	0	1	85250
170.516	n/a	0	1	85258
170.532	n/a	0	1	85266
170.55	n/a	0	1	85275
170.566	n/a	1	2	85283
170.582	n/a	1	2	85291
170.6	n/a	1	2	85300
170.616	n/a	1	2	85308
170.632	n/a	0	1	85316
170.65	n/a	0	1	85325
170.666	n/a	0	1	85333
170.682	n/a	0	1	85341
170.7	n/a	0	1	85350
170.716	n/a	0	1	85358
170.732	n/a	0	1	85366
170.75	n/a	0	1	85375
170.766	n/a	0	1	85383
170.782	n/a	0	1	85391
170.8	n/a	0	1	85400
170.816	n/a	0	1	85408
170.832	n/a	0	1	85416
170.85	n/a	0	1	85425
170.866	n/a	0	1	85433
170.882	n/a	0	1	85441
170.9	n/a	0	1	85450
170.916	n/a	0	1	85458
170.932	n/a	0	1	85466
170.95	n/a	0	1	85475
170.966	n/a	0	1	85483
170.982	n/a	1	2	85491
171.0	n/a	1	2	85500
171.016	n/a	1	2	85508
171.032	n/a	1	2	85516
171.05	n/a	0	1	85525
171.066	n/a	0	1	85533
171.082	n/a	0	1	85541
171.1	n/a	0	1	85550
171.116	n/a	0	1	85558
171.132	n/a	0	1	85566
171.15	n/a	0	1	85575
171.166	n/a	0	1	85583
171.182	n/a	0	1	85591
171.2	n/a	0	1	85600
171.216	n/a	0	1	85608
171.232	n/a	0	1	85616
171.25	n/a	0	1	85625
171.266	n/a	0	1	85633
171.282	n/a	0	1	85641
171.3	n/a	0	1	85650
171.316	n/a	0	1	85658
171.332	n/a	0	1	85666
171.35	n/a	0	1	85675
171.366	n/a	0	1	85683
171.382	n/a	0	1	85691
171.4	n/a	0	1	85700
171.416	n/a	1	2	85708
171.432	n/a	1	2	85716
171.45	n/a	1	2	85725
171.466	n/a	1	2	85733
171.482	n/a	0	1	85741
171.5	n/a	0	1	85750
171.516	n/a	0	1	85758
171.532	n/a	0	1	85766
173.65	n/a	0	1	86825
173.666	n/a	0	1	86833
173.682	n/a	0	1	86841
173.7	n/a	0	1	86850
173.716	n/a	0	1	86858
173.732	n/a	0	1	86866
173.75	n/a	0	1	86875
173.766	n/a	0	1	86883
173.782	n/a	0	1	86891
173.8	n/a	0	1	86900
173.816	n/a	0	1	86908
173.832	n/a	0	1	86916
173.85	n/a	0	1	86925
173.866	n/a	0	1	86933
173.882	n/a	0	1	86941
173.9	n/a	1	2	86950
173.916	n/a	1	2	86958
173.932	n/a	1	2	86966
173.95	n/a	1	2	86975
173.966	n/a	0	1	86983
173.982	n/a	0	1	86991
174.0	n/a	0	1	87000
174.016	n/a	0	1	87008
174.032	n/a	0	1	87016
174.05	n/a	0	1	87025
174.066	n/a	0	1	87033
174.082	n/a	0	1	87041
174.1	n/a	0	1	87050
174.116	n/a	0	1	87058
174.132	n/a	0	1	87066
174.15	n/a	0	1	87075
174.166	n/a	0	1	87083
174.182	n/a	0	1	87091
174.2	n/a	0	1	87100
174.216	n/a	0	1	87108
174.232	n/a	0	1	87116
174.25	n/a	0	1	87125
174.266	n/a	0	1	87133
174.282	n/a	0	1	87141
174.3	n/a	0	1	87150
174.316	n/a	0	1	87158
174.332	n/a	1	2	87166
174.35	n/a	1	2	87175
174.366	n/a	1	2	87183
174.382	n/a	1	2	87191
174.4	n/a	0	1	87200
174.416	n/a	0	1	87208
174.432	n/a	0	1	87216
174.45	n/a	0	1	87225
174.466	n/a	0	1	87233
174.482	n/a	0	1	87241
174.5	n/a	0	1	87250
174.516	n/a	0	1	87258
174.532	n/a	0	1	87266
174.55	n/a	0	1	87275
174.566	n/a	0	1	87283
174.582	n/a	0	1	87291
174.6	n/a	0	1	87300
174.616	n/a	0	1	87308
174.632	n/a	0	1	87316
174.65	n/a	0	1	87325
174.666	n/a	0	1	87333
174.682	n/a	0	1	87341
174.7	n/a	0	1	87350
174.716	n/a	0	1	87358
174.732	n/a	0	1	87366
174.75	n/a	0	1	87375
174.766	n/a	0	1	87383
174.782	n/a	0	1	87391
174.8	n/a	1	2	87400
174.816	n/a	1	2	87408
174.832	n/a	1	2	87416
174.85	n/a	1	2	87425
174.866	n/a	0	1	87433
174.882	n/a	0	1	87441
174.9	n/a	0	1	87450
174.916	n/a	0	1	87458
174.932	n/a	0	1	87466
174.95	n/a	0	1	87475
174.966	n/a	0	1	87483
174.982	n/a	0	1	87491
175.0	n/a	0	1	87500
175.016	n/a	0	1	87508
175.032	n/a	0	1	87516
175.05	n/a	0	1	87525
175.066	n/a	0	1	87533
175.082	n/a	0	1	87541
175.1	n/a	1	2	87550
175.116	n/a	1	2	87558
175.132	n/a	1	2	87566
175.15	n/a	1	2	87575
175.166	n/a	0	1	87583
175.182	n/a	0	1	87591
175.2	n/a	0	1	87600
175.216	n/a	0	1	87608
175.232	n/a	0	1	87616
175.25	n/a	0	1	87625
175.266	n/a	0	1	87633
175.282	n/a	0	1	87641
175.3	n/a	0	1	87650
175.316	n/a	0	1	87658
175.332	n/a	0	1	87666
175.35	n/a	0	1	87675
175.366	n/a	0	1	87683
175.382	n/a	0	1	87691
175.4	n/a	0	1	87700
175.416	n/a	0	1	87708
175.432	n/a	0	1	87716
175.45	n/a	0	1	87725
175.466	n/a	0	1	87733
175.482	n/a	0	1	87741
175.5	n/a	0	1	87750
175.516	n/a	0	1	87758
175.532	n/a	1	2	87766
175.55	n/a	1	2	87775
175.566	n/a	1	2	87783
175.582	n/a	1	2	87791
177.066	n/a	0	1	88533
177.082	n/a	0	1	88541
177.1	n/a	0	1	88550
177.116	n/a	0	1	88558
177.132	n/a	0	1	88566
177.15	n/a	0	1	88575
177.166	n/a	0	1	88583
177.182	n/a	0	1	88591
177.2	n/a	0	1	88600
177.216	n/a	0	1	88608
177.232	n/a	0	1	88616
177.25	n/a	0	1	88625
177.266	n/a	0	1	88633
177.282	n/a	0	1	88641
177.3	n/a	0	1	88650
177.316	n/a	0	1	88658
177.332	n/a	0	1	88666
177.35	n/a	0	1	88675
177.366	n/a	1	2	88683
177.382	n/a	1	2	88691
177.4	n/a	1	2	88700
177.416	n/a	1	2	88708
177.432	n/a	0	1	88716
177.45	n/a	0	1	88725
177.466	n/a	0	1	88733
177.482	n/a	0	1	88741
177.5	n/a	0	1	88750
177.516	n/a	0	1	88758
177.532	n/a	0	1	88766
177.55	n/a	0	1	88775
177.566	n/a	0	1	88783
177.582	n/a	0	1	88791
177.6	n/a	0	1	88800
177.616	n/a	0	1	88808
177.632	n/a	0	1	88816
177.65	n/a	0	1	88825
177.666	n/a	0	1	88833
177.682	n/a	0	1	88841
177.7	n/a	0	1	88850
177.716	n/a	0	1	88858
177.732	n/a	0	1	88866
177.75	n/a	0	1	88875
177.766	n/a	1	2	88883
177.782	n/a	1	2	88891
177.8	n/a	1	2	88900
177.816	n/a	1	2	88908
177.832	n/a	0	1	88916
177.85	n/a	0	1	88925
177.866	n/a	0	1	88933
177.882	n/a	0	1	88941
177.9	n/a	0	1	88950
177.916	n/a	0	1	88958
177.932	n/a	0	1	88966
177.95	n/a	0	1	88975
177.966	n/a	0	1	88983
177.982	n/a	0	1	88991
178.0	n/a	0	1	89000
178.016	n/a	0	1	89008
178.032	n/a	0	1	89016
178.05	n/a	1	2	89025
178.066	n/a	1	2	89033
178.082	n/a	1	2	89041
178.1	n/a	1	2	89050
178.116	n/a	0	1	89058
178.132	n/a	0	1	89066
178.15	n/a	0	1	89075
178.166	n/a	0	1	89083
178.182	n/a	0	1	89091
178.2	n/a	0	1	89100
178.216	n/a	0	1	89108
178.232	n/a	0	1	89116
178.25	n/a	0	1	89125
178.266	n/a	0	1	89133
178.282	n/a	0	1	89141
178.3	n/a	0	1	89150
178.316	n/a	0	1	89158
178.332	n/a	0	1	89166
178.35	n/a	0	1	89175
178.366	n/a	0	1	89183
178.382	n/a	0	1	89191
178.4	n/a	0	1	89200
178.416	n/a	1	2	89208
178.432	n/a	1	2	89216
178.45	n/a	1	2	89225
178.466	n/a	1	2	89233
178.482	n/a	0	1	89241
178.5	n/a	0	1	89250
178.516	n/a	0	1	89258
178.532	n/a	0	1	89266
178.55	n/a	0	1	89275
178.566	n/a	0	1	89283
178.582	n/a	0	1	89291
178.6	n/a	0	1	89300
178.616	n/a	0	1	89308
178.632	n/a	0	1	89316
178.65	n/a	0	1	89325
178.666	n/a	0	1	89333
178.682	n/a	0	1	89341
178.7	n/a	0	1	89350
178.716	n/a	0	1	89358
178.732	n/a	0	1	89366
178.75	n/a	0	1	89375
178.766	n/a	0	1	89383
178.782	n/a	0	1	89391
178.8	n/a	0	1	89400
178.816	n/a	0	1	89408
178.832	n/a	0	1	89416
178.85	n/a	0	1	89425
178.866	n/a	0	1	89433
178.882	n/a	1	2	89441
178.9	n/a	1	2	89450
178.916	n/a	1	2	89458
178.932	n/a	1	2	89466
178.95	n/a	0	1	89475
178.966	n/a	0	1	89483
178.982	n/a	0	1	89491
179.0	n/a	0	1	89500
180.482	n/a	0	1	90241
180.5	n/a	1	2	90250
180.516	n/a	1	2	90258
180.532	n/a	1	2	90266
180.55	n/a	1	2	90275
180.566	n/a	0	1	90283
180.582	n/a	0	1	90291
180.6	n/a	0	1	90300
180.616	n/a	0	1	90308
180.632	n/a	0	1	90316
180.65	n/a	0	1	90325
180.666	n/a	0	1	90333
180.682	n/a	0	1	90341
180.7	n/a	0	1	90350
180.716	n/a	0	1	90358
180.732	n/a	0	1	90366
180.75	n/a	0	1	90375
180.766	n/a	0	1	90383
180.782	n/a	0	1	90391
180.8	n/a	0	1	90400
180.816	n/a	0	1	90408
180.832	n/a	0	1	90416
180.85	n/a	0	1	90425
180.866	n/a	0	1	90433
180.882	n/a	0	1	90441
180.9	n/a	0	1	90450
180.916	n/a	0	1	90458
180.932	n/a	0	1	90466
180.95	n/a	0	1	90475
180.966	n/a	0	1	90483
180.982	n/a	1	2	90491
181.0	n/a	1	2	90500
181.016	n/a	1	2	90508
181.032	n/a	1	2	90516
181.05	n/a	0	1	90525
181.066	n/a	0	1	90533
181.082	n/a	0	1	90541
181.1	n/a	0	1	90550
181.116	n/a	0	1	90558
181.132	n/a	0	1	90566
181.15	n/a	0	1	90575
181.166	n/a	0	1	90583
181.182	n/a	0	1	90591
181.2	n/a	0	1	90600
181.216	n/a	0	1	90608
181.232	n/a	0	1	90616
181.25	n/a	0	1	90625
181.266	n/a	0	1	90633
181.282	n/a	0	1	90641
181.3	n/a	0	1	90650
181.316	n/a	0	1	90658
181.332	n/a	0	1	90666
181.35	n/a	0	1	90675
181.366	n/a	0	1	90683
181.382	n/a	0	1	90691
181.4	n/a	0	1	90700
181.416	n/a	0	1	90708
181.432	n/a	0	1	90716
181.45	n/a	1	2	90725
181.466	n/a	1	2	90733
181.482	n/a	1	2	90741
181.5	n/a	1	2	90750
181.516	n/a	0	1	90758
181.532	n/a	0	1	90766
181.55	n/a	0	1	90775
181.566	n/a	0	1	90783
181.582	n/a	0	1	90791
181.6	n/a	0	1	90800
181.616	n/a	0	1	90808
181.632	n/a	0	1	90816
181.65	n/a	0	1	90825
181.666	n/a	0	1	90833
181.682	n/a	0	1	90841
181.7	n/a	0	1	90850
181.716	n/a	0	1	90858
181.732	n/a	0	1	90866
181.75	n/a	0	1	90875
181.766	n/a	0	1	90883
181.782	n/a	0	1	90891
181.8	n/a	0	1	90900
181.816	n/a	0	1	90908
181.832	n/a	0	1	90916
181.85	n/a	0	1	90925
181.866	n/a	1	2	90933
181.882	n/a	1	2	90941
181.9	n/a	1	2	90950
181.916	n/a	1	2	90958
181.932	n/a	0	1	90966
181.95	n/a	0	1	90975
181.966	n/a	0	1	90983
181.982	n/a	0	1	90991
182.0	n/a	0	1	91000
182.016	n/a	0	1	91008
182.032	n/a	0	1	91016
182.05	n/a	0	1	91025
182.066	n/a	0	1	91033
182.082	n/a	0	1	91041
182.1	n/a	0	1	91050
182.116	n/a	0	1	91058
182.132	n/a	0	1	91066
182.15	n/a	0	1	91075
182.166	n/a	0	1	91083
182.182	n/a	0	1	91091
182.2	n/a	0	1	91100
182.216	n/a	0	1	91108
182.232	n/a	0	1	91116
182.25	n/a	0	1	91125
182.266	n/a	0	1	91133
182.282	n/a	0	1	91141
182.3	n/a	1	2	91150
182.316	n/a	1	2	91158
182.332	n/a	1	2	91166
182.35	n/a	1	2	91175
182.366	n/a	0	1	91183
182.382	n/a	0	1	91191
182.4	n/a	0	1	91200
182.416	n/a	0	1	91208
183.9	n/a	0	1	91950
183.916	n/a	0	1	91958
183.932	n/a	0	1	91966
183.95	n/a	0	1	91975
183.966	n/a	0	1	91983
183.982	n/a	0	1	91991
184.0	n/a	0	1	92000
184.016	n/a	0	1	92008
184.032	n/a	0	1	92016
184.05	n/a	0	1	92025
184.066	n/a	0	1	92033
184.082	n/a	0	1	92041
184.1	n/a	0	1	92050
184.116	n/a	0	1	92058
184.132	n/a	0	1	92066
184.15	n/a	0	1	92075
184.166	n/a	0	1	92083
184.182	n/a	0	1	92091
184.2	n/a	0	1	92100
184.216	n/a	0	1	92108
184.232	n/a	0	1	92116
184.25	n/a	0	1	92125
184.266	n/a	0	1	92133
184.282	n/a	1	2	92141
184.3	n/a	1	2	92150
184.316	n/a	1	2	92158
184.332	n/a	1	2	92166
184.35	n/a	0	1	92175
184.366	n/a	0	1	92183
184.382	n/a	0	1	92191
184.4	n/a	0	1	92200
184.416	n/a	0	1	92208
184.432	n/a	0	1	92216
184.45	n/a	0	1	92225
184.466	n/a	0	1	92233
184.482	n/a	0	1	92241
184.5	n/a	0	1	92250
184.516	n/a	0	1	92258
184.532	n/a	0	1	92266
184.55	n/a	0	1	92275
184.566	n/a	0	1	92283
184.582	n/a	0	1	92291
184.6	n/a	0	1	92300
184.616	n/a	0	1	92308
184.632	n/a	0	1	92316
184.65	n/a	0	1	92325
184.666	n/a	1	2	92333
184.682	n/a	1	2	92341
184.7	n/a	1	2	92350
184.716	n/a	1	2	92358
184.732	n/a	0	1	92366
184.75	n/a	0	1	92375
184.766	n/a	0	1	92383
184.782	n/a	0	1	92391
184.8	n/a	0	1	92400
184.816	n/a	0	1	92408
184.832	n/a	0	1	92416
184.85	n/a	0	1	92425
184.866	n/a	0	1	92433
184.882	n/a	0	1	92441
184.9	n/a	0	1	92450
184.916	n/a	0	1	92458
184.932	n/a	0	1	92466
184.95	n/a	0	1	92475
184.966	n/a	1	2	92483
184.982	n/a	1	2	92491
185.0	n/a	1	2	92500
185.016	n/a	1	2	92508
185.032	n/a	0	1	92516
185.05	n/a	0	1	92525
185.066	n/a	0	1	92533
185.082	n/a	0	1	92541
185.1	n/a	0	1	92550
185.116	n/a	0	1	92558
185.132	n/a	0	1	92566
185.15	n/a	0	1	92575
185.166	n/a	0	1	92583
185.182	n/a	0	1	92591
185.2	n/a	0	1	92600
185.216	n/a	0	1	92608
185.232	n/a	0	1	92616
185.25	n/a	1	2	92625
185.266	n/a	1	2	92633
185.282	n/a	1	2	92641
185.3	n/a	1	2	92650
185.316	n/a	0	1	92658
185.332	n/a	0	1	92666
185.35	n/a	0	1	92675
185.366	n/a	0	1	92683
185.382	n/a	0	1	92691
185.4	n/a	0	1	92700
185.416	n/a	0	1	92708
185.432	n/a	0	1	92716
185.45	n/a	0	1	92725
185.466	n/a	0	1	92733
185.482	n/a	0	1	92741
185.5	n/a	0	1	92750
185.516	n/a	0	1	92758
185.532	n/a	0	1	92766
185.55	n/a	0	1	92775
185.566	n/a	0	1	92783
185.582	n/a	1	2	92791
185.6	n/a	1	2	92800
185.616	n/a	1	2	92808
185.632	n/a	1	2	92816
185.65	n/a	0	1	92825
185.666	n/a	0	1	92833
185.682	n/a	0	1	92841
185.7	n/a	0	1	92850
185.716	n/a	0	1	92858
185.732	n/a	0	1	92866
185.75	n/a	0	1	92875
185.766	n/a	0	1	92883
185.782	n/a	0	1	92891
185.8	n/a	0	1	92900
185.816	n/a	0	1	92908
185.832	n/a	0	1	92916
187.95	n/a	0	1	93975
187.966	n/a	0	1	93983
187.982	n/a	0	1	93991
188.0	n/a	0	1	94000
188.016	n/a	0	1	94008
188.032	n/a	0	1	94016
188.05	n/a	0	1	94025
188.066	n/a	0	1	94033
188.082	n/a	0	1	94041
188.1	n/a	0	1	94050
188.116	n/a	0	1	94058
188.132	n/a	0	1	94066
188.15	n/a	0	1	94075
188.166	n/a	0	1	94083
188.182	n/a	0	1	94091
188.2	n/a	1	2	94100
188.216	n/a	1	2	94108
188.232	n/a	1	2	94116
188.25	n/a	1	2	94125
188.266	n/a	0	1	94133
188.282	n/a	0	1	94141
188.3	n/a	0	1	94150
188.316	n/a	0	1	94158
188.332	n/a	0	1	94166
188.35	n/a	0	1	94175
188.366	n/a	0	1	94183
188.382	n/a	0	1	94191
188.4	n/a	0	1	94200
188.416	n/a	0	1	94208
188.432	n/a	0	1	94216
188.45	n/a	0	1	94225
188.466	n/a	0	1	94233
188.482	n/a	0	1	94241
188.5	n/a	0	1	94250
188.516	n/a	0	1	94258
188.532	n/a	0	1	94266
188.55	n/a	0	1	94275
188.566	n/a	0	1	94283
188.582	n/a	0	1	94291
188.6	n/a	0	1	94300
188.616	n/a	0	1	94308
188.632	n/a	1	2	94316
188.65	n/a	1	2	94325
188.666	n/a	1	2	94333
188.682	n/a	1	2	94341
188.7	n/a	0	1	94350
188.716	n/a	0	1	94358
188.732	n/a	0	1	94366
188.75	n/a	0	1	94375
188.766	n/a	0	1	94383
188.782	n/a	0	1	94391
188.8	n/a	0	1	94400
188.816	n/a	0	1	94408
188.832	n/a	0	1	94416
188.85	n/a	0	1	94425
188.866	n/a	0	1	94433
188.882	n/a	0	1	94441
188.9	n/a	0	1	94450
188.916	n/a	0	1	94458
188.932	n/a	0	1	94466
188.95	n/a	0	1	94475
188.966	n/a	0	1	94483
188.982	n/a	0	1	94491
189.0	n/a	0	1	94500
189.016	n/a	0	1	94508
189.032	n/a	0	1	94516
189.05	n/a	0	1	94525
189.066	n/a	0	1	94533
189.082	n/a	0	1	94541
189.1	n/a	1	2	94550
189.116	n/a	1	2	94558
189.132	n/a	1	2	94566
189.15	n/a	1	2	94575
189.166	n/a	0	1	94583
189.182	n/a	0	1	94591
189.2	n/a	0	1	94600
189.216	n/a	0	1	94608
189.232	n/a	0	1	94616
189.25	n/a	0	1	94625
189.266	n/a	0	1	94633
189.282	n/a	0	1	94641
189.3	n/a	0	1	94650
189.316	n/a	0	1	94658
189.332	n/a	0	1	94666
189.35	n/a	0	1	94675
189.366	n/a	0	1	94683
189.382	n/a	0	1	94691
189.4	n/a	1	2	94700
189.416	n/a	1	2	94708
189.432	n/a	1	2	94716
189.45	n/a	1	2	94725
189.466	n/a	0	1	94733
189.482	n/a	0	1	94741
189.5	n/a	0	1	94750
189.516	n/a	0	1	94758
189.532	n/a	0	1	94766
189.55	n/a	0	1	94775
189.566	n/a	0	1	94783
189.582	n/a	0	1	94791
189.6	n/a	0	1	94800
189.616	n/a	0	1	94808
189.632	n/a	0	1	94816
189.65	n/a	0	1	94825
189.666	n/a	0	1	94833
189.682	n/a	0	1	94841
189.7	n/a	0	1	94850
189.716	n/a	0	1	94858
189.732	n/a	0	1	94866
189.75	n/a	0	1	94875
189.766	n/a	0	1	94883
189.782	n/a	0	1	94891
189.8	n/a	0	1	94900
189.816	n/a	0	1	94908
189.832	n/a	1	2	94916
189.85	n/a	1	2	94925
189.866	n/a	1	2	94933
189.882	n/a	1	2	94941
191.366	n/a	0	1	95683
191.382	n/a	1	2	95691
191.4	n/a	1	2	95700
191.416	n/a	1	2	95708
191.432	n/a	1	2	95716
191.45	n/a	0	1	95725
191.466	n/a	0	1	95733
191.482	n/a	0	1	95741
191.5	n/a	0	1	95750
191.516	n/a	0	1	95758
191.532	n/a	0	1	95766
191.55	n/a	0	1	95775
191.566	n/a	0	1	95783
191.582	n/a	0	1	95791
191.6	n/a	0	1	95800
191.616	n/a	0	1	95808
191.632	n/a	0	1	95816
191.65	n/a	0	1	95825
191.666	n/a	0	1	95833
191.682	n/a	0	1	95841
191.7	n/a	0	1	95850
191.716	n/a	0	1	95858
191.732	n/a	0	1	95866
191.75	n/a	0	1	95875
191.766	n/a	0	1	95883
191.782	n/a	0	1	95891
191.8	n/a	0	1	95900
191.816	n/a	0	1	95908
191.832	n/a	0	1	95916
191.85	n/a	0	1	95925
191.866	n/a	1	2	95933
191.882	n/a	1	2	95941
191.9	n/a	1	2	95950
191.916	n/a	1	2	95958
191.932	n/a	0	1	95966
191.95	n/a	0	1	95975
191.966	n/a	0	1	95983
191.982	n/a	0	1	95991
192.0	n/a	0	1	96000
192.016	n/a	0	1	96008
192.032	n/a	0	1	96016
192.05	n/a	0	1	96025
192.066	n/a	0	1	96033
192.082	n/a	0	1	96041
192.1	n/a	0	1	96050
192.116	n/a	0	1	96058
192.132	n/a	0	1	96066
192.15	n/a	0	1	96075
192.166	n/a	0	1	96083
192.182	n/a	0	1	96091
192.2	n/a	0	1	96100
192.216	n/a	0	1	96108
192.232	n/a	0	1	96116
192.25	n/a	0	1	96125
192.266	n/a	0	1	96133
192.282	n/a	0	1	96141
192.3	n/a	0	1	96150
192.316	n/a	0	1	96158
192.332	n/a	1	2	96166
192.35	n/a	1	2	96175
192.366	n/a	1	2	96183
192.382	n/a	1	2	96191
192.4	n/a	0	1	96200
192.416	n/a	0	1	96208
192.432	n/a	0	1	96216
192.45	n/a	0	1	96225
192.466	n/a	0	1	96233
192.482	n/a	0	1	96241
192.5	n/a	0	1	96250
192.516	n/a	0	1	96258
192.532	n/a	0	1	96266
192.55	n/a	0	1	96275
192.566	n/a	0	1	96283
192.582	n/a	0	1	96291
192.6	n/a	0	1	96300
192.616	n/a	0	1	96308
192.632	n/a	0	1	96316
192.65	n/a	0	1	96325
192.666	n/a	0	1	96333
192.682	n/a	0	1	96341
192.7	n/a	0	1	96350
192.716	n/a	0	1	96358
192.732	n/a	0	1	96366
192.75	n/a	1	2	96375
192.766	n/a	1	2	96383
192.782	n/a	1	2	96391
192.8	n/a	1	2	96400
192.816	n/a	0	1	96408
192.832	n/a	0	1	96416
192.85	n/a	0	1	96425
192.866	n/a	0	1	96433
192.882	n/a	0	1	96441
192.9	n/a	0	1	96450
192.916	n/a	0	1	96458
192.932	n/a	0	1	96466
192.95	n/a	0	1	96475
192.966	n/a	0	1	96483
192.982	n/a	0	1	96491
193.0	n/a	0	1	96500
193.016	n/a	0	1	96508
193.032	n/a	0	1	96516
193.05	n/a	0	1	96525
193.066	n/a	0	1	96533
193.082	n/a	0	1	96541
193.1	n/a	0	1	96550
193.116	n/a	0	1	96558
193.132	n/a	0	1	96566
193.15	n/a	0	1	96575
193.166	n/a	0	1	96583
193.182	n/a	1	2	96591
193.2	n/a	1	2	96600
193.216	n/a	1	2	96608
193.232	n/a	1	2	96616
193.25	n/a	0	1	96625
193.266	n/a	0	1	96633
193.282	n/a	0	1	96641
193.3	n/a	0	1	96650
194.782	n/a	0	1	97391
194.8	n/a	0	1	97400
194.816	n/a	0	1	97408
194.832	n/a	0	1	97416
194.85	n/a	0	1	97425
194.866	n/a	0	1	97433
194.882	n/a	0	1	97441
194.9	n/a	0	1	97450
194.916	n/a	0	1	97458
194.932	n/a	0	1	97466
194.95	n/a	0	1	97475
194.966	n/a	0	1	97483
194.982	n/a	0	1	97491
195.0	n/a	0	1	97500
195.016	n/a	0	1	97508
195.032	n/a	0	1	97516
195.05	n/a	0	1	97525
195.066	n/a	0	1	97533
195.082	n/a	1	2	97541
195.1	n/a	1	2	97550
195.116	n/a	1	2	97558
195.132	n/a	1	2	97566
195.15	n/a	0	1	97575
195.166	n/a	0	1	97583
195.182	n/a	0	1	97591
195.2	n/a	0	1	97600
195.216	n/a	0	1	97608
195.232	n/a	0	1	97616
195.25	n/a	0	1	97625
195.266	n/a	0	1	97633
195.282	n/a	0	1	97641
195.3	n/a	0	1	97650
195.316	n/a	0	1	97658
195.332	n/a	0	1	97666
195.35	n/a	0	1	97675
195.366	n/a	0	1	97683
195.382	n/a	0	1	97691
195.4	n/a	0	1	97700
195.416	n/a	0	1	97708
195.432	n/a	0	1	97716
195.45	n/a	0	1	97725
195.466	n/a	0	1	97733
195.482	n/a	1	2	97741
195.5	n/a	1	2	97750
195.516	n/a	1	2	97758
195.532	n/a	1	2	97766
195.55	n/a	0	1	97775
195.566	n/a	0	1	97783
195.582	n/a	0	1	97791
195.6	n/a	0	1	97800
195.616	n/a	0	1	97808
195.632	n/a	0	1	97816
195.65	n/a	0	1	97825
195.666	n/a	0	1	97833
195.682	n/a	0	1	97841
195.7	n/a	0	1	97850
195.716	n/a	0	1	97858
195.732	n/a	0	1	97866
195.75	n/a	0	1	97875
195.766	n/a	1	2	97883
195.782	n/a	1	2	97891
195.8	n/a	1	2	97900
195.816	n/a	1	2	97908
195.832	n/a	0	1	97916
195.85	n/a	0	1	97925
195.866	n/a	0	1	97933
195.882	n/a	0	1	97941
195.9	n/a	0	1	97950
195.916	n/a	0	1	97958
195.932	n/a	0	1	97966
195.95	n/a	0	1	97975
195.966	n/a	0	1	97983
195.982	n/a	0	1	97991
196.0	n/a	0	1	98000
196.016	n/a	0	1	98008
196.032	n/a	0	1	98016
196.05	n/a	0	1	98025
196.066	n/a	0	1	98033
196.082	n/a	0	1	98041
196.1	n/a	0	1	98050
196.116	n/a	0	1	98058
196.132	n/a	1	2	98066
196.15	n/a	1	2	98075
196.166	n/a	1	2	98083
196.182	n/a	1	2	98091
196.2	n/a	0	1	98100
196.216	n/a	0	1	98108
196.232	n/a	0	1	98116
196.25	n/a	0	1	98125
196.266	n/a	0	1	98133
196.282	n/a	0	1	98141
196.3	n/a	0	1	98150
196.316	n/a	0	1	98158
196.332	n/a	0	1	98166
196.35	n/a	0	1	98175
196.366	n/a	0	1	98183
196.382	n/a	0	1	98191
196.4	n/a	0	1	98200
196.416	n/a	0	1	98208
196.432	n/a	0	1	98216
196.45	n/a	0	1	98225
196.466	n/a	0	1	98233
196.482	n/a	0	1	98241
196.5	n/a	0	1	98250
196.516	n/a	0	1	98258
196.532	n/a	0	1	98266
196.55	n/a	0	1	98275
196.566	n/a	0	1	98283
196.582	n/a	0	1	98291
196.6	n/a	1	2	98300
196.616	n/a	1	2	98308
196.632	n/a	1	2	98316
196.65	n/a	1	2	98325
196.666	n/a	0	1	98333
196.682	n/a	0	1	98341
196.7	n/a	0	1	98350
196.716	n/a	0	1	98358
198.2	n/a	0	1	99100
198.216	n/a	0	1	99108
198.232	n/a	0	1	99116
198.25	n/a	0	1	99125
198.266	n/a	0	1	99133
198.282	n/a	0	1	99141
198.3	n/a	0	1	99150
198.316	n/a	0	1	99158
198.332	n/a	0	1	99166
198.35	n/a	0	1	99175
198.366	n/a	0	1	99183
198.382	n/a	0	1	99191
198.4	n/a	0	1	99200
198.416	n/a	0	1	99208
198.432	n/a	0	1	99216
198.45	n/a	0	1	99225
198.466	n/a	0	1	99233
198.482	n/a	0	1	99241
198.5	n/a	0	1	99250
198.516	n/a	0	1	99258
198.532	n/a	0	1	99266
198.55	n/a	0	1	99275
198.566	n/a	0	1	99283
198.582	n/a	1	2	99291
198.6	n/a	1	2	99300
198.616	n/a	1	2	99308
198.632	n/a	1	2	99316
198.65	n/a	0	1	99325
198.666	n/a	0	1	99333
198.682	n/a	0	1	99341
198.7	n/a	0	1	99350
198.716	n/a	0	1	99358
198.732	n/a	0	1	99366
198.75	n/a	0	1	99375
198.766	n/a	0	1	99383
198.782	n/a	0	1	99391
198.8	n/a	0	1	99400
198.816	n/a	0	1	99408
198.832	n/a	0	1	99416
198.85	n/a	0	1	99425
198.866	n/a	0	1	99433
198.882	n/a	0	1	99441
198.9	n/a	0	1	99450
198.916	n/a	0	1	99458
198.932	n/a	0	1	99466
198.95	n/a	0	1	99475
198.966	n/a	1	2	99483
198.982	n/a	1	2	99491
199.0	n/a	1	2	99500
199.016	n/a	1	2	99508
199.032	n/a	0	1	99516
199.05	n/a	0	1	99525
199.066	n/a	0	1	99533
199.082	n/a	0	1	99541
199.1	n/a	0	1	99550
199.116	n/a	0	1	99558
199.132	n/a	0	1	99566
199.15	n/a	0	1	99575
199.166	n/a	0	1	99583
199.182	n/a	0	1	99591
199.2	n/a	0	1	99600
199.216	n/a	0	1	99608
199.232	n/a	0	1	99616
199.25	n/a	0	1	99625
199.266	n/a	1	2	99633
199.282	n/a	1	2	99641
199.3	n/a	1	2	99650
199.316	n/a	1	2	99658
199.332	n/a	0	1	99666
199.35	n/a	0	1	99675
199.366	n/a	0	1	99683
199.382	n/a	0	1	99691
199.4	n/a	0	1	99700
199.416	n/a	0	1	99708
199.432	n/a	0	1	99716
199.45	n/a	0	1	99725
199.466	n/a	0	1	99733
199.482	n/a	0	1	99741
199.5	n/a	0	1	99750
199.516	n/a	0	1	99758
199.532	n/a	0	1	99766
199.55	n/a	1	2	99775
199.566	n/a	1	2	99783
199.582	n/a	1	2	99791
199.6	n/a	1	2	99800
199.616	n/a	0	1	99808
199.632	n/a	0	1	99816
199.65	n/a	0	1	99825
199.666	n/a	0	1	99833
199.682	n/a	0	1	99841
199.7	n/a	0	1	99850
199.716	n/a	0	1	99858
199.732	n/a	0	1	99866
199.75	n/a	0	1	99875
199.766	n/a	0	1	99883
199.782	n/a	0	1	99891
199.8	n/a	0	1	99900
199.816	n/a	0	1	99908
199.832	n/a	0	1	99916
199.85	n/a	0	1	99925
199.866	n/a	0	1	99933
199.882	n/a	1	2	99941
199.9	n/a	1	2	99950
199.916	n/a	1	2	99958
199.932	n/a	1	2	99966
199.95	n/a	0	1	99975
199.966	n/a	0	1	99983
199.982	n/a	0	1	99991
200.0	n/a	0	1	100000
200.016	n/a	0	1	100008
200.032	n/a	0	1	100016
200.05	n/a	0	1	100025
200.066	n/a	0	1	100033
200.082	n/a	0	1	100041
200.1	n/a	0	1	100050
200.116	n/a	0	1	100058
200.132	n/a	0	1	100066
202.1	n/a	0	1	101050
202.116	n/a	0	1	101058
202.132	n/a	0	1	101066
202.15	n/a	0	1	101075
202.166	n/a	0	1	101083
202.182	n/a	0	1	101091
202.2	n/a	0	1	101100
202.216	n/a	0	1	101108
202.232	n/a	0	1	101116
202.25	n/a	0	1	101125
202.266	n/a	0	1	101133
202.282	n/a	0	1	101141
202.3	n/a	0	1	101150
202.316	n/a	0	1	101158
202.332	n/a	0	1	101166
202.35	n/a	0	1	101175
202.366	n/a	0	1	101183
202.382	n/a	0	1	101191
202.4	n/a	0	1	101200
202.416	n/a	0	1	101208
202.432	n/a	0	1	101216
202.45	n/a	0	1	101225
202.466	n/a	0	1	101233
202.482	n/a	1	2	101241
202.5	n/a	1	2	101250
202.516	n/a	1	2	101258
202.532	n/a	1	2	101266
202.55	n/a	0	1	101275
202.566	n/a	0	1	101283
202.582	n/a	0	1	101291
202.6	n/a	0	1	101300
202.616	n/a	0	1	101308
202.632	n/a	0	1	101316
202.65	n/a	0	1	101325
202.666	n/a	0	1	101333
202.682	n/a	0	1	101341
202.7	n/a	0	1	101350
202.716	n/a	0	1	101358
202.732	n/a	0	1	101366
202.75	n/a	0	1	101375
202.766	n/a	0	1	101383
202.782	n/a	0	1	101391
202.8	n/a	0	1	101400
202.816	n/a	0	1	101408
202.832	n/a	0	1	101416
202.85	n/a	0	1	101425
202.866	n/a	1	2	101433
202.882	n/a	1	2	101441
202.9	n/a	1	2	101450
202.916	n/a	1	2	101458
202.932	n/a	0	1	101466
202.95	n/a	0	1	101475
202.966	n/a	0	1	101483
202.982	n/a	0	1	101491
203.0	n/a	0	1	101500
203.016	n/a	0	1	101508
203.032	n/a	0	1	101516
203.05	n/a	0	1	101525
203.066	n/a	0	1	101533
203.082	n/a	0	1	101541
203.1	n/a	0	1	101550
203.116	n/a	0	1	101558
203.132	n/a	0	1	101566
203.15	n/a	0	1	101575
203.166	n/a	1	2	101583
203.182	n/a	1	2	101591
203.2	n/a	1	2	101600
203.216	n/a	1	2	101608
203.232	n/a	0	1	101616
203.25	n/a	0	1	101625
203.266	n/a	0	1	101633
203.282	n/a	0	1	101641
203.3	n/a	0	1	101650
203.316	n/a	0	1	101658
203.332	n/a	0	1	101666
203.35	n/a	0	1	101675
203.366	n/a	0	1	101683
203.382	n/a	0	1	101691
203.4	n/a	0	1	101700
203.416	n/a	0	1	101708
203.432	n/a	0	1	101716
203.45	n/a	1	2	101725
203.466	n/a	1	2	101733
203.482	n/a	1	2	101741
203.5	n/a	1	2	101750
203.516	n/a	0	1	101758
203.532	n/a	0	1	101766
203.55	n/a	0	1	101775
203.566	n/a	0	1	101783
203.582	n/a	0	1	101791
203.6	n/a	0	1	101800
203.616	n/a	0	1	101808
203.632	n/a	0	1	101816
203.65	n/a	0	1	101825
203.666	n/a	0	1	101833
203.682	n/a	0	1	101841
203.7	n/a	0	1	101850
203.716	n/a	0	1	101858
203.732	n/a	0	1	101866
203.75	n/a	0	1	101875
203.766	n/a	0	1	101883
203.782	n/a	1	2	101891
203.8	n/a	1	2	101900
203.816	n/a	1	2	101908
203.832	n/a	1	2	101916
203.85	n/a	0	1	101925
203.866	n/a	0	1	101933
203.882	n/a	0	1	101941
203.9	n/a	0	1	101950
203.916	n/a	0	1	101958
203.932	n/a	0	1	101966
203.95	n/a	0	1	101975
203.966	n/a	0	1	101983
203.982	n/a	0	1	101991
204.0	n/a	0	1	102000
204.016	n/a	0	1	102008
204.032	n/a	0	1	102016
205.516	n/a	0	1	102758
205.532	n/a	1	2	102766
205.55	n/a	1	2	102775
205.566	n/a	1	2	102783
205.582	n/a	1	2	102791
205.6	n/a	0	1	102800
205.616	n/a	0	1	102808
205.632	n/a	0	1	102816
205.65	n/a	0	1	102825
205.666	n/a	0	1	102833
205.682	n/a	0	1	102841
205.7	n/a	0	1	102850
205.716	n/a	0	1	102858
205.732	n/a	0	1	102866
205.75	n/a	0	1	102875
205.766	n/a	0	1	102883
205.782	n/a	0	1	102891
205.8	n/a	0	1	102900
205.816	n/a	0	1	102908
205.832	n/a	0	1	102916
205.85	n/a	0	1	102925
205.866	n/a	0	1	102933
205.882	n/a	0	1	102941
205.9	n/a	0	1	102950
205.916	n/a	0	1	102958
205.932	n/a	0	1	102966
205.95	n/a	0	1	102975
205.966	n/a	0	1	102983
205.982	n/a	0	1	102991
206.0	n/a	0	1	103000
206.016	n/a	1	2	103008
206.032	n/a	1	2	103016
206.05	n/a	1	2	103025
206.066	n/a	1	2	103033
206.082	n/a	0	1	103041
206.1	n/a	0	1	103050
206.116	n/a	0	1	103058
206.132	n/a	0	1	103066
206.15	n/a	0	1	103075
206.166	n/a	0	1	103083
206.182	n/a	0	1	103091
206.2	n/a	0	1	103100
206.216	n/a	0	1	103108
206.232	n/a	0	1	103116
206.25	n/a	0	1	103125
206.266	n/a	0	1	103133
206.282	n/a	0	1	103141
206.3	n/a	0	1	103150
206.316	n/a	0	1	103158
206.332	n/a	0	1	103166
206.35	n/a	0	1	103175
206.366	n/a	0	1	103183
206.382	n/a	0	1	103191
206.4	n/a	0	1	103200
206.416	n/a	0	1	103208
206.432	n/a	0	1	103216
206.45	n/a	0	1	103225
206.466	n/a	0	1	103233
206.482	n/a	1	2	103241
206.5	n/a	1	2	103250
206.516	n/a	1	2	103258
206.532	n/a	1	2	103266
206.55	n/a	0	1	103275
206.566	n/a	0	1	103283
206.582	n/a	0	1	103291
206.6	n/a	0	1	103300
206.616	n/a	0	1	103308
206.632	n/a	0	1	103316
206.65	n/a	0	1	103325
206.666	n/a	0	1	103333
206.682	n/a	0	1	103341
206.7	n/a	0	1	103350
206.716	n/a	0	1	103358
206.732	n/a	0	1	103366
206.75	n/a	0	1	103375
206.766	n/a	0	1	103383
206.782	n/a	0	1	103391
206.8	n/a	0	1	103400
206.816	n/a	0	1	103408
206.832	n/a	0	1	103416
206.85	n/a	0	1	103425
206.866	n/a	0	1	103433
206.882	n/a	0	1	103441
206.9	n/a	1	2	103450
206.916	n/a	1	2	103458
206.932	n/a	1	2	103466
206.95	n/a	1	2	103475
206.966	n/a	0	1	103483
206.982	n/a	0	1	103491
207.0	n/a	0	1	103500
207.016	n/a	0	1	103508
207.032	n/a	0	1	103516
207.05	n/a	0	1	103525
207.066	n/a	0	1	103533
207.082	n/a	0	1	103541
207.1	n/a	0	1	103550
207.116	n/a	0	1	103558
207.132	n/a	0	1	103566
207.15	n/a	0	1	103575
207.166	n/a	0	1	103583
207.182	n/a	0	1	103591
207.2	n/a	0	1	103600
207.216	n/a	0	1	103608
207.232	n/a	0	1	103616
207.25	n/a	0	1	103625
207.266	n/a	0	1	103633
207.282	n/a	0	1	103641
207.3	n/a	0	1	103650
207.316	n/a	0	1	103658
207.332	n/a	1	2	103666
207.35	n/a	1	2	103675
207.366	n/a	1	2	103683
207.382	n/a	1	2	103691
207.4	n/a	0	1	103700
207.416	n/a	0	1	103708
207.432	n/a	0	1	103716
207.45	n/a	0	1	103725
208.932	n/a	0	1	104466
208.95	n/a	0	1	104475
208.966	n/a	0	1	104483
208.982	n/a	0	1	104491
209.0	n/a	0	1	104500
209.016	n/a	0	1	104508
209.032	n/a	0	1	104516
209.05	n/a	0	1	104525
209.066	n/a	0	1	104533
209.082	n/a	0	1	104541
209.1	n/a	0	1	104550
209.116	n/a	0	1	104558
209.132	n/a	0	1	104566
209.15	n/a	0	1	104575
209.166	n/a	0	1	104583
209.182	n/a	0	1	104591
209.2	n/a	0	1	104600
209.216	n/a	0	1	104608
209.232	n/a	1	2	104616
209.25	n/a	1	2	104625
209.266	n/a	1	2	104633
209.282	n/a	1	2	104641
209.3	n/a	0	1	104650
209.316	n/a	0	1	104658
209.332	n/a	0	1	104666
209.35	n/a	0	1	104675
209.366	n/a	0	1	104683
209.382	n/a	0	1	104691
209.4	n/a	0	1	104700
209.416	n/a	0	1	104708
209.432	n/a	0	1	104716
209.45	n/a	0	1	104725
209.466	n/a	0	1	104733
209.482	n/a	0	1	104741
209.5	n/a	0	1	104750
209.516	n/a	0	1	104758
209.532	n/a	0	1	104766
209.55	n/a	0	1	104775
209.566	n/a	0	1	104783
209.582	n/a	0	1	104791
209.6	n/a	0	1	104800
209.616	n/a	0	1	104808
209.632	n/a	1	2	104816
209.65	n/a	1	2	104825
209.666	n/a	1	2	104833
209.682	n/a	1	2	104841
209.7	n/a	0	1	104850
209.716	n/a	0	1	104858
209.732	n/a	0	1	104866
209.75	n/a	0	1	104875
209.766	n/a	0	1	104883
209.782	n/a	0	1	104891
209.8	n/a	0	1	104900
209.816	n/a	0	1	104908
209.832	n/a	0	1	104916
209.85	n/a	0	1	104925
209.866	n/a	0	1	104933
209.882	n/a	0	1	104941
209.9	n/a	0	1	104950
209.916	n/a	1	2	104958
209.932	n/a	1	2	104966
209.95	n/a	1	2	104975
209.966	n/a	1	2	104983
209.982	n/a	0	1	104991
210.0	n/a	0	1	105000
210.016	n/a	0	1	105008
210.032	n/a	0	1	105016
210.05	n/a	0	1	105025
210.066	n/a	0	1	105033
210.082	n/a	0	1	105041
210.1	n/a	0	1	105050
210.116	n/a	0	1	105058
210.132	n/a	0	1	105066
210.15	n/a	0	1	105075
210.166	n/a	0	1	105083
210.182	n/a	0	1	105091
210.2	n/a	0	1	105100
210.216	n/a	0	1	105108
210.232	n/a	0	1	105116
210.25	n/a	0	1	105125
210.266	n/a	0	1	105133
210.282	n/a	1	2	105141
210.3	n/a	1	2	105150
210.316	n/a	1	2	105158
210.332	n/a	1	2	105166
210.35	n/a	0	1	105175
210.366	n/a	0	1	105183
210.382	n/a	0	1	105191
210.4	n/a	0	1	105200
210.416	n/a	0	1	105208
210.432	n/a	0	1	105216
210.45	n/a	0	1	105225
210.466	n/a	0	1	105233
210.482	n/a	0	1	105241
210.5	n/a	0	1	105250
210.516	n/a	0	1	105258
210.532	n/a	0	1	105266
210.55	n/a	0	1	105275
210.566	n/a	0	1	105283
210.582	n/a	0	1	105291
210.6	n/a	0	1	105300
210.616	n/a	0	1	105308
210.632	n/a	0	1	105316
210.65	n/a	0	1	105325
210.666	n/a	0	1	105333
210.682	n/a	0	1	105341
210.7	n/a	0	1	105350
210.716	n/a	0	1	105358
210.732	n/a	0	1	105366
210.75	n/a	1	2	105375
210.766	n/a	1	2	105383
210.782	n/a	1	2	105391
210.8	n/a	1	2	105400
210.816	n/a	0	1	105408
210.832	n/a	0	1	105416
210.85	n/a	0	1	105425
210.866	n/a	0	1	105433
212.35	n/a	0	1	106175
212.366	n/a	0	1	106183
212.382	n/a	0	1	106191
212.4	n/a	0	1	106200
212.416	n/a	0	1	106208
212.432	n/a	0	1	106216
212.45	n/a	0	1	106225
212.466	n/a	0	1	106233
212.482	n/a	0	1	106241
212.5	n/a	0	1	106250
212.516	n/a	0	1	106258
212.532	n/a	0	1	106266
212.55	n/a	0	1	106275
212.566	n/a	0	1	106283
212.582	n/a	0	1	106291
212.6	n/a	1	2	106300
212.616	n/a	1	2	106308
212.632	n/a	1	2	106316
212.65	n/a	1	2	106325
212.666	n/a	0	1	106333
212.682	n/a	0	1	106341
212.7	n/a	0	1	106350
212.716	n/a	0	1	106358
212.732	n/a	0	1	106366
212.75	n/a	0	1	106375
212.766	n/a	0	1	106383
212.782	n/a	0	1	106391
212.8	n/a	0	1	106400
212.816	n/a	0	1	106408
212.832	n/a	0	1	106416
212.85	n/a	0	1	106425
212.866	n/a	0	1	106433
212.882	n/a	0	1	106441
212.9	n/a	0	1	106450
212.916	n/a	0	1	106458
212.932	n/a	0	1	106466
212.95	n/a	0	1	106475
212.966	n/a	0	1	106483
212.982	n/a	0	1	106491
213.0	n/a	0	1	106500
213.016	n/a	0	1	106508
213.032	n/a	1	2	106516
213.05	n/a	1	2	106525
213.066	n/a	1	2	106533
213.082	n/a	1	2	106541
213.1	n/a	0	1	106550
213.116	n/a	0	1	106558
213.132	n/a	0	1	106566
213.15	n/a	0	1	106575
213.166	n/a	0	1	106583
213.182	n/a	0	1	106591
213.2	n/a	0	1	106600
213.216	n/a	0	1	106608
213.232	n/a	0	1	106616
213.25	n/a	0	1	106625
213.266	n/a	0	1	106633
213.282	n/a	0	1	106641
213.3	n/a	0	1	106650
213.316	n/a	0	1	106658
213.332	n/a	0	1	106666
213.35	n/a	0	1	106675
213.366	n/a	0	1	106683
213.382	n/a	0	1	106691
213.4	n/a	0	1	106700
213.416	n/a	0	1	106708
213.432	n/a	0	1	106716
213.45	n/a	0	1	106725
213.466	n/a	0	1	106733
213.482	n/a	0	1	106741
213.5	n/a	1	2	106750
213.516	n/a	1	2	106758
213.532	n/a	1	2	106766
213.55	n/a	1	2	106775
213.566	n/a	0	1	106783
213.582	n/a	0	1	106791
213.6	n/a	0	1	106800
213.616	n/a	0	1	106808
213.632	n/a	0	1	106816
213.65	n/a	0	1	106825
213.666	n/a	0	1	106833
213.682	n/a	0	1	106841
213.7	n/a	0	1	106850
213.716	n/a	0	1	106858
213.732	n/a	0	1	106866
213.75	n/a	0	1	106875
213.766	n/a	0	1	106883
213.782	n/a	0	1	106891
213.8	n/a	1	2	106900
213.816	n/a	1	2	106908
213.832	n/a	1	2	106916
213.85	n/a	1	2	106925
213.866	n/a	0	1	106933
213.882	n/a	0	1	106941
213.9	n/a	0	1	106950
213.916	n/a	0	1	106958
213.932	n/a	0	1	106966
213.95	n/a	0	1	106975
213.966	n/a	0	1	106983
213.982	n/a	0	1	106991
214.0	n/a	0	1	107000
214.016	n/a	0	1	107008
214.032	n/a	0	1	107016
214.05	n/a	0	1	107025
214.066	n/a	0	1	107033
214.082	n/a	0	1	107041
214.1	n/a	0	1	107050
214.116	n/a	0	1	107058
214.132	n/a	0	1	107066
214.15	n/a	0	1	107075
214.166	n/a	0	1	107083
214.182	n/a	0	1	107091
214.2	n/a	0	1	107100
214.216	n/a	0	1	107108
214.232	n/a	1	2	107116
214.25	n/a	1	2	107125
214.266	n/a	1	2	107133
214.282	n/a	1	2	107141
216.282	n/a	0	1	108141
216.3	n/a	0	1	108150
216.316	n/a	0	1	108158
216.332	n/a	0	1	108166
216.35	n/a	0	1	108175
216.366	n/a	0	1	108183
216.382	n/a	0	1	108191
216.4	n/a	0	1	108200
216.416	n/a	0	1	108208
216.432	n/a	0	1	108216
216.45	n/a	0	1	108225
216.466	n/a	0	1	108233
216.482	n/a	0	1	108241
216.5	n/a	0	1	108250
216.516	n/a	0	1	108258
216.532	n/a	1	2	108266
216.55	n/a	1	2	108275
216.566	n/a	1	2	108283
216.582	n/a	1	2	108291
216.6	n/a	0	1	108300
216.616	n/a	0	1	108308
216.632	n/a	0	1	108316
216.65	n/a	0	1	108325
216.666	n/a	0	1	108333
216.682	n/a	0	1	108341
216.7	n/a	0	1	108350
216.716	n/a	0	1	108358
216.732	n/a	0	1	108366
216.75	n/a	0	1	108375
216.766	n/a	0	1	108383
216.782	n/a	0	1	108391
216.8	n/a	0	1	108400
216.816	n/a	0	1	108408
216.832	n/a	0	1	108416
216.85	n/a	0	1	108425
216.866	n/a	0	1	108433
216.882	n/a	0	1	108441
216.9	n/a	0	1	108450
216.916	n/a	0	1	108458
216.932	n/a	0	1	108466
216.95	n/a	0	1	108475
216.966	n/a	1	2	108483
216.982	n/a	1	2	108491
217.0	n/a	1	2	108500
217.016	n/a	1	2	108508
217.032	n/a	0	1	108516
217.05	n/a	0	1	108525
217.066	n/a	0	1	108533
217.082	n/a	0	1	108541
217.1	n/a	0	1	108550
217.116	n/a	0	1	108558
217.132	n/a	0	1	108566
217.15	n/a	0	1	108575
217.166	n/a	0	1	108583
217.182	n/a	0	1	108591
217.2	n/a	0	1	108600
217.216	n/a	0	1	108608
217.232	n/a	0	1	108616
217.25	n/a	0	1	108625
217.266	n/a	0	1	108633
217.282	n/a	0	1	108641
217.3	n/a	0	1	108650
217.316	n/a	0	1	108658
217.332	n/a	0	1	108666
217.35	n/a	0	1	108675
217.366	n/a	0	1	108683
217.382	n/a	0	1	108691
217.4	n/a	0	1	108700
217.416	n/a	0	1	108708
217.432	n/a	1	2	108716
217.45	n/a	1	2	108725
217.466	n/a	1	2	108733
217.482	n/a	1	2	108741
217.5	n/a	0	1	108750
217.516	n/a	0	1	108758
217.532	n/a	0	1	108766
217.55	n/a	0	1	108775
217.566	n/a	0	1	108783
217.582	n/a	0	1	108791
217.6	n/a	0	1	108800
217.616	n/a	0	1	108808
217.632	n/a	0	1	108816
217.65	n/a	0	1	108825
217.666	n/a	0	1	108833
217.682	n/a	0	1	108841
217.7	n/a	0	1	108850
217.716	n/a	0	1	108858
217.732	n/a	1	2	108866
217.75	n/a	1	2	108875
217.766	n/a	1	2	108883
217.782	n/a	1	2	108891
217.8	n/a	0	1	108900
217.816	n/a	0	1	108908
217.832	n/a	0	1	108916
217.85	n/a	0	1	108925
217.866	n/a	0	1	108933
217.882	n/a	0	1	108941
217.9	n/a	0	1	108950
217.916	n/a	0	1	108958
217.932	n/a	0	1	108966
217.95	n/a	0	1	108975
217.966	n/a	0	1	108983
217.982	n/a	0	1	108991
218.0	n/a	0	1	109000
218.016	n/a	0	1	109008
218.032	n/a	0	1	109016
218.05	n/a	0	1	109025
218.066	n/a	0	1	109033
218.082	n/a	0	1	109041
218.1	n/a	0	1	109050
218.116	n/a	0	1	109058
218.132	n/a	0	1	109066
218.15	n/a	0	1	109075
218.166	n/a	1	2	109083
218.182	n/a	1	2	109091
218.2	n/a	1	2	109100
218.216	n/a	1	2	109108
219.7	n/a	0	1	109850
219.716	n/a	0	1	109858
219.732	n/a	0	1	109866
219.75	n/a	0	1	109875
219.766	n/a	0	1	109883
219.782	n/a	0	1	109891
219.8	n/a	0	1	109900
219.816	n/a	0	1	109908
219.832	n/a	0	1	109916
219.85	n/a	0	1	109925
219.866	n/a	0	1	109933
219.882	n/a	0	1	109941
219.9	n/a	0	1	109950
219.916	n/a	0	1	109958
219.932	n/a	0	1	109966
219.95	n/a	0	1	109975
219.966	n/a	0	1	109983
219.982	n/a	0	1	109991
220.0	n/a	1	2	110000
220.016	n/a	1	2	110008
220.032	n/a	1	2	110016
220.05	n/a	1	2	110025
220.066	n/a	0	1	110033
220.082	n/a	0	1	110041
220.1	n/a	0	1	110050
220.116	n/a	0	1	110058
220.132	n/a	0	1	110066
220.15	n/a	0	1	110075
220.166	n/a	0	1	110083
220.182	n/a	0	1	110091
220.2	n/a	0	1	110100
220.216	n/a	0	1	110108
220.232	n/a	0	1	110116
220.25	n/a	0	1	110125
220.266	n/a	0	1	110133
220.282	n/a	0	1	110141
220.3	n/a	0	1	110150
220.316	n/a	0	1	110158
220.332	n/a	0	1	110166
220.35	n/a	0	1	110175
220.366	n/a	0	1	110183
220.382	n/a	0	1	110191
220.4	n/a	1	2	110200
220.416	n/a	1	2	110208
220.432	n/a	1	2	110216
220.45	n/a	1	2	110225
220.466	n/a	0	1	110233
220.482	n/a	0	1	110241
220.5	n/a	0	1	110250
220.516	n/a	0	1	110258
220.532	n/a	0	1	110266
220.55	n/a	0	1	110275
220.566	n/a	0	1	110283
220.582	n/a	0	1	110291
220.6	n/a	0	1	110300
220.616	n/a	0	1	110308
220.632	n/a	0	1	110316
220.65	n/a	0	1	110325
220.666	n/a	0	1	110333
220.682	n/a	1	2	110341
220.7	n/a	1	2	110350
220.716	n/a	1	2	110358
220.732	n/a	1	2	110366
220.75	n/a	0	1	110375
220.766	n/a	0	1	110383
220.782	n/a	0	1	110391
220.8	n/a	0	1	110400
220.816	n/a	0	1	110408
220.832	n/a	0	1	110416
220.85	n/a	0	1	110425
220.866	n/a	0	1	110433
220.882	n/a	0	1	110441
220.9	n/a	0	1	110450
220.916	n/a	0	1	110458
220.932	n/a	0	1	110466
220.95	n/a	0	1	110475
220.966	n/a	0	1	110483
220.982	n/a	0	1	110491
221.0	n/a	0	1	110500
221.016	n/a	0	1	110508
221.032	n/a	0	1	110516
221.05	n/a	1	2	110525
221.066	n/a	1	2	110533
221.082	n/a	1	2	110541
221.1	n/a	1	2	110550
221.116	n/a	0	1	110558
221.132	n/a	0	1	110566
221.15	n/a	0	1	110575
221.166	n/a	0	1	110583
221.182	n/a	0	1	110591
221.2	n/a	0	1	110600
221.216	n/a	0	1	110608
221.232	n/a	0	1	110616
221.25	n/a	0	1	110625
221.266	n/a	0	1	110633
221.282	n/a	0	1	110641
221.3	n/a	0	1	110650
221.316	n/a	0	1	110658
221.332	n/a	0	1	110666
221.35	n/a	0	1	110675
221.366	n/a	0	1	110683
221.382	n/a	0	1	110691
221.4	n/a	0	1	110700
221.416	n/a	0	1	110708
221.432	n/a	0	1	110716
221.45	n/a	0	1	110725
221.466	n/a	0	1	110733
221.482	n/a	0	1	110741
221.5	n/a	0	1	110750
221.516	n/a	1	2	110758
221.532	n/a	1	2	110766
221.55	n/a	1	2	110775
221.566	n/a	1	2	110783
221.582	n/a	0	1	110791
221.6	n/a	0	1	110800
221.616	n/a	0	1	110808
221.632	n/a	0	1	110816
223.116	n/a	0	1	111558
223.132	n/a	1	2	111566
223.15	n/a	1	2	111575
223.166	n/a	1	2	111583
223.182	n/a	1	2	111591
223.2	n/a	0	1	111600
223.216	n/a	0	1	111608
223.232	n/a	0	1	111616
223.25	n/a	0	1	111625
223.266	n/a	0	1	111633
223.282	n/a	0	1	111641
223.3	n/a	0	1	111650
223.316	n/a	0	1	111658
223.332	n/a	0	1	111666
223.35	n/a	0	1	111675
223.366	n/a	0	1	111683
223.382	n/a	0	1	111691
223.4	n/a	0	1	111700
223.416	n/a	0	1	111708
223.432	n/a	0	1	111716
223.45	n/a	0	1	111725
223.466	n/a	0	1	111733
223.482	n/a	0	1	111741
223.5	n/a	0	1	111750
223.516	n/a	0	1	111758
223.532	n/a	0	1	111766
223.55	n/a	0	1	111775
223.566	n/a	0	1	111783
223.582	n/a	0	1	111791
223.6	n/a	0	1	111800
223.616	n/a	1	2	111808
223.632	n/a	1	2	111816
223.65	n/a	1	2	111825
223.666	n/a	1	2	111833
223.682	n/a	0	1	111841
223.7	n/a	0	1	111850
223.716	n/a	0	1	111858
223.732	n/a	0	1	111866
223.75	n/a	0	1	111875
223.766	n/a	0	1	111883
223.782	n/a	0	1	111891
223.8	n/a	0	1	111900
223.816	n/a	0	1	111908
223.832	n/a	0	1	111916
223.85	n/a	0	1	111925
223.866	n/a	0	1	111933
223.882	n/a	0	1	111941
223.9	n/a	0	1	111950
223.916	n/a	0	1	111958
223.932	n/a	0	1	111966
223.95	n/a	0	1	111975
223.966	n/a	0	1	111983
223.982	n/a	0	1	111991
224.0	n/a	0	1	112000
224.016	n/a	0	1	112008
224.032	n/a	0	1	112016
224.05	n/a	0	1	112025
224.066	n/a	0	1	112033
224.082	n/a	1	2	112041
224.1	n/a	1	2	112050
224.116	n/a	1	2	112058
224.132	n/a	1	2	112066
224.15	n/a	0	1	112075
224.166	n/a	0	1	112083
224.182	n/a	0	1	112091
224.2	n/a	0	1	112100
224.216	n/a	0	1	112108
224.232	n/a	0	1	112116
224.25	n/a	0	1	112125
224.266	n/a	0	1	112133
224.282	n/a	0	1	112141
224.3	n/a	0	1	112150
224.316	n/a	0	1	112158
224.332	n/a	0	1	112166
224.35	n/a	0	1	112175
224.366	n/a	0	1	112183
224.382	n/a	0	1	112191
224.4	n/a	0	1	112200
224.416	n/a	0	1	112208
224.432	n/a	0	1	112216
224.45	n/a	0	1	112225
224.466	n/a	0	1	112233
224.482	n/a	0	1	112241
224.5	n/a	1	2	112250
224.516	n/a	1	2	112258
224.532	n/a	1	2	112266
224.55	n/a	1	2	112275
224.566	n/a	0	1	112283
224.582	n/a	0	1	112291
224.6	n/a	0	1	112300
224.616	n/a	0	1	112308
224.632	n/a	0	1	112316
224.65	n/a	0	1	112325
224.666	n/a	0	1	112333
224.682	n/a	0	1	112341
224.7	n/a	0	1	112350
224.716	n/a	0	1	112358
224.732	n/a	0	1	112366
224.75	n/a	0	1	112375
224.766	n/a	0	1	112383
224.782	n/a	0	1	112391
224.8	n/a	0	1	112400
224.816	n/a	0	1	112408
224.832	n/a	0	1	112416
224.85	n/a	0	1	112425
224.866	n/a	0	1	112433
224.882	n/a	0	1	112441
224.9	n/a	0	1	112450
224.916	n/a	0	1	112458
224.932	n/a	1	2	112466
224.95	n/a	1	2	112475
224.966	n/a	1	2	112483
224.982	n/a	1	2	112491
225.0	n/a	0	1	112500
225.016	n/a	0	1	112508
225.032	n/a	0	1	112516
225.05	n/a	0	1	112525
226.532	n/a	0	1	113266
226.55	n/a	0	1	113275
226.566	n/a	0	1	113283
226.582	n/a	0	1	113291
226.6	n/a	0	1	113300
226.616	n/a	0	1	113308
226.632	n/a	0	1	113316
226.65	n/a	0	1	113325
226.666	n/a	0	1	113333
226.682	n/a	0	1	113341
226.7	n/a	0	1	113350
226.716	n/a	0	1	113358
226.732	n/a	0	1	113366
226.75	n/a	0	1	113375
226.766	n/a	0	1	113383
226.782	n/a	0	1	113391
226.8	n/a	0	1	113400
226.816	n/a	0	1	113408
226.832	n/a	0	1	113416
226.85	n/a	0	1	113425
226.866	n/a	0	1	113433
226.882	n/a	0	1	113441
226.9	n/a	0	1	113450
226.916	n/a	1	2	113458
226.932	n/a	1	2	113466
226.95	n/a	1	2	113475
226.966	n/a	1	2	113483
226.982	n/a	0	1	113491
227.0	n/a	0	1	113500
227.016	n/a	0	1	113508
227.032	n/a	0	1	113516
227.05	n/a	0	1	113525
227.066	n/a	0	1	113533
227.082	n/a	0	1	113541
227.1	n/a	0	1	113550
227.116	n/a	0	1	113558
227.132	n/a	0	1	113566
227.15	n/a	0	1	113575
227.166	n/a	0	1	113583
227.182	n/a	0	1	113591
227.2	n/a	0	1	113600
227.216	n/a	0	1	113608
227.232	n/a	0	1	113616
227.25	n/a	0	1	113625
227.266	n/a	0	1	113633
227.282	n/a	0	1	113641
227.3	n/a	1	2	113650
227.316	n/a	1	2	113658
227.332	n/a	1	2	113666
227.35	n/a	1	2	113675
227.366	n/a	0	1	113683
227.382	n/a	0	1	113691
227.4	n/a	0	1	113700
227.416	n/a	0	1	113708
227.432	n/a	0	1	113716
227.45	n/a	0	1	113725
227.466	n/a	0	1	113733
227.482	n/a	0	1	113741
227.5	n/a	0	1	113750
227.516	n/a	0	1	113758
227.532	n/a	0	1	113766
227.55	n/a	0	1	113775
227.566	n/a	0	1	113783
227.582	n/a	0	1	113791
227.6	n/a	1	2	113800
227.616	n/a	1	2	113808
227.632	n/a	1	2	113816
227.65	n/a	1	2	113825
227.666	n/a	0	1	113833
227.682	n/a	0	1	113841
227.7	n/a	0	1	113850
227.716	n/a	0	1	113858
227.732	n/a	0	1	113866
227.75	n/a	0	1	113875
227.766	n/a	0	1	113883
227.782	n/a	0	1	113891
227.8	n/a	0	1	113900
227.816	n/a	0	1	113908
227.832	n/a	0	1	113916
227.85	n/a	0	1	113925
227.866	n/a	0	1	113933
227.882	n/a	1	2	113941
227.9	n/a	1	2	113950
227.916	n/a	1	2	113958
227.932	n/a	1	2	113966
227.95	n/a	0	1	113975
227.966	n/a	0	1	113983
227.982	n/a	0	1	113991
228.0	n/a	0	1	114000
228.016	n/a	0	1	114008
228.032	n/a	0	1	114016
228.05	n/a	0	1	114025
228.066	n/a	0	1	114033
228.082	n/a	0	1	114041
228.1	n/a	0	1	114050
228.116	n/a	0	1	114058
228.132	n/a	0	1	114066
228.15	n/a	0	1	114075
228.166	n/a	0	1	114083
228.182	n/a	0	1	114091
228.2	n/a	0	1	114100
228.216	n/a	1	2	114108
228.232	n/a	1	2	114116
228.25	n/a	1	2	114125
228.266	n/a	1	2	114133
228.282	n/a	0	1	114141
228.3	n/a	0	1	114150
228.316	n/a	0	1	114158
228.332	n/a	0	1	114166
228.35	n/a	0	1	114175
228.366	n/a	0	1	114183
228.382	n/a	0	1	114191
228.4	n/a	0	1	114200
228.416	n/a	0	1	114208
228.432	n/a	0	1	114216
228.45	n/a	0	1	114225
228.466	n/a	0	1	114233
