onset	duration	trial_type	value	sample
22.8	n/a	0	1	11400
22.816	n/a	1	2	11408
22.832	n/a	1	2	11416
22.85	n/a	1	2	11425
22.866	n/a	1	2	11433
22.882	n/a	0	1	11441
22.9	n/a	0	1	11450
22.916	n/a	0	1	11458
22.932	n/a	0	1	11466
22.95	n/a	0	1	11475
22.966	n/a	0	1	11483
22.982	n/a	0	1	11491
23.0	n/a	0	1	11500
23.016	n/a	0	1	11508
23.032	n/a	0	1	11516
23.05	n/a	0	1	11525
23.066	n/a	0	1	11533
23.082	n/a	0	1	11541
23.1	n/a	0	1	11550
23.116	n/a	0	1	11558
23.132	n/a	0	1	11566
23.15	n/a	0	1	11575
23.166	n/a	0	1	11583
23.182	n/a	0	1	11591
23.2	n/a	0	1	11600
23.216	n/a	0	1	11608
23.232	n/a	0	1	11616
23.25	n/a	0	1	11625
23.266	n/a	0	1	11633
23.282	n/a	0	1	11641
23.3	n/a	1	2	11650
23.316	n/a	1	2	11658
23.332	n/a	1	2	11666
23.35	n/a	1	2	11675
23.366	n/a	0	1	11683
23.382	n/a	0	1	11691
23.4	n/a	0	1	11700
23.416	n/a	0	1	11708
23.432	n/a	0	1	11716
23.45	n/a	0	1	11725
23.466	n/a	0	1	11733
23.482	n/a	0	1	11741
23.5	n/a	0	1	11750
23.516	n/a	0	1	11758
23.532	n/a	0	1	11766
23.55	n/a	0	1	11775
23.566	n/a	0	1	11783
23.582	n/a	0	1	11791
23.6	n/a	0	1	11800
23.616	n/a	0	1	11808
23.632	n/a	0	1	11816
23.65	n/a	0	1	11825
23.666	n/a	0	1	11833
23.682	n/a	0	1	11841
23.7	n/a	0	1	11850
23.716	n/a	0	1	11858
23.732	n/a	0	1	11866
23.75	n/a	0	1	11875
23.766	n/a	1	2	11883
23.782	n/a	1	2	11891
23.8	n/a	1	2	11900
23.816	n/a	1	2	11908
23.832	n/a	0	1	11916
23.85	n/a	0	1	11925
23.866	n/a	0	1	11933
23.882	n/a	0	1	11941
23.9	n/a	0	1	11950
23.916	n/a	0	1	11958
23.932	n/a	0	1	11966
23.95	n/a	0	1	11975
23.966	n/a	0	1	11983
23.982	n/a	0	1	11991
24.0	n/a	0	1	12000
24.016	n/a	0	1	12008
24.032	n/a	0	1	12016
24.05	n/a	0	1	12025
24.066	n/a	0	1	12033
24.082	n/a	0	1	12041
24.1	n/a	0	1	12050
24.116	n/a	0	1	12058
24.132	n/a	0	1	12066
24.15	n/a	0	1	12075
24.166	n/a	0	1	12083
24.182	n/a	1	2	12091
24.2	n/a	1	2	12100
24.216	n/a	1	2	12108
24.232	n/a	1	2	12116
24.25	n/a	0	1	12125
24.266	n/a	0	1	12133
24.282	n/a	0	1	12141
24.3	n/a	0	1	12150
24.316	n/a	0	1	12158
24.332	n/a	0	1	12166
24.35	n/a	0	1	12175
24.366	n/a	0	1	12183
24.382	n/a	0	1	12191
24.4	n/a	0	1	12200
24.416	n/a	0	1	12208
24.432	n/a	0	1	12216
24.45	n/a	0	1	12225
24.466	n/a	0	1	12233
24.482	n/a	0	1	12241
24.5	n/a	0	1	12250
24.516	n/a	0	1	12258
24.532	n/a	0	1	12266
24.55	n/a	0	1	12275
24.566	n/a	0	1	12283
24.582	n/a	0	1	12291
24.6	n/a	0	1	12300
24.616	n/a	1	2	12308
24.632	n/a	1	2	12316
24.65	n/a	1	2	12325
24.666	n/a	1	2	12333
24.682	n/a	0	1	12341
24.7	n/a	0	1	12350
24.716	n/a	0	1	12358
24.732	n/a	0	1	12366
26.216	n/a	0	1	13108
26.232	n/a	0	1	13116
26.25	n/a	0	1	13125
26.266	n/a	0	1	13133
26.282	n/a	0	1	13141
26.3	n/a	0	1	13150
26.316	n/a	0	1	13158
26.332	n/a	0	1	13166
26.35	n/a	0	1	13175
26.366	n/a	0	1	13183
26.382	n/a	0	1	13191
26.4	n/a	0	1	13200
26.416	n/a	0	1	13208
26.432	n/a	0	1	13216
26.45	n/a	0	1	13225
26.466	n/a	1	2	13233
26.482	n/a	1	2	13241
26.5	n/a	1	2	13250
26.516	n/a	1	2	13258
26.532	n/a	0	1	13266
26.55	n/a	0	1	13275
26.566	n/a	0	1	13283
26.582	n/a	0	1	13291
26.6	n/a	0	1	13300
26.616	n/a	0	1	13308
26.632	n/a	0	1	13316
26.65	n/a	0	1	13325
26.666	n/a	0	1	13333
26.682	n/a	0	1	13341
26.7	n/a	0	1	13350
26.716	n/a	0	1	13358
26.732	n/a	0	1	13366
26.75	n/a	0	1	13375
26.766	n/a	0	1	13383
26.782	n/a	0	1	13391
26.8	n/a	0	1	13400
26.816	n/a	0	1	13408
26.832	n/a	0	1	13416
26.85	n/a	0	1	13425
26.866	n/a	0	1	13433
26.882	n/a	0	1	13441
26.9	n/a	1	2	13450
26.916	n/a	1	2	13458
26.932	n/a	1	2	13466
26.95	n/a	1	2	13475
26.966	n/a	0	1	13483
26.982	n/a	0	1	13491
27.0	n/a	0	1	13500
27.016	n/a	0	1	13508
27.032	n/a	0	1	13516
27.05	n/a	0	1	13525
27.066	n/a	0	1	13533
27.082	n/a	0	1	13541
27.1	n/a	0	1	13550
27.116	n/a	0	1	13558
27.132	n/a	0	1	13566
27.15	n/a	0	1	13575
27.166	n/a	0	1	13583
27.182	n/a	0	1	13591
27.2	n/a	0	1	13600
27.216	n/a	0	1	13608
27.232	n/a	0	1	13616
27.25	n/a	0	1	13625
27.266	n/a	0	1	13633
27.282	n/a	0	1	13641
27.3	n/a	0	1	13650
27.316	n/a	0	1	13658
27.332	n/a	0	1	13666
27.35	n/a	0	1	13675
27.366	n/a	1	2	13683
27.382	n/a	1	2	13691
27.4	n/a	1	2	13700
27.416	n/a	1	2	13708
27.432	n/a	0	1	13716
27.45	n/a	0	1	13725
27.466	n/a	0	1	13733
27.482	n/a	0	1	13741
27.5	n/a	0	1	13750
27.516	n/a	0	1	13758
27.532	n/a	0	1	13766
27.55	n/a	0	1	13775
27.566	n/a	0	1	13783
27.582	n/a	0	1	13791
27.6	n/a	0	1	13800
27.616	n/a	0	1	13808
27.632	n/a	0	1	13816
27.65	n/a	0	1	13825
27.666	n/a	1	2	13833
27.682	n/a	1	2	13841
27.7	n/a	1	2	13850
27.716	n/a	1	2	13858
27.732	n/a	0	1	13866
27.75	n/a	0	1	13875
27.766	n/a	0	1	13883
27.782	n/a	0	1	13891
27.8	n/a	0	1	13900
27.816	n/a	0	1	13908
27.832	n/a	0	1	13916
27.85	n/a	0	1	13925
27.866	n/a	0	1	13933
27.882	n/a	0	1	13941
27.9	n/a	0	1	13950
27.916	n/a	0	1	13958
27.932	n/a	0	1	13966
27.95	n/a	0	1	13975
27.966	n/a	0	1	13983
27.982	n/a	0	1	13991
28.0	n/a	0	1	14000
28.016	n/a	0	1	14008
28.032	n/a	0	1	14016
28.05	n/a	0	1	14025
28.066	n/a	0	1	14033
28.082	n/a	0	1	14041
28.1	n/a	1	2	14050
28.116	n/a	1	2	14058
28.132	n/a	1	2	14066
28.15	n/a	1	2	14075
29.632	n/a	0	1	14816
29.65	n/a	0	1	14825
29.666	n/a	0	1	14833
29.682	n/a	0	1	14841
29.7	n/a	0	1	14850
29.716	n/a	0	1	14858
29.732	n/a	0	1	14866
29.75	n/a	0	1	14875
29.766	n/a	0	1	14883
29.782	n/a	0	1	14891
29.8	n/a	0	1	14900
29.816	n/a	0	1	14908
29.832	n/a	0	1	14916
29.85	n/a	0	1	14925
29.866	n/a	0	1	14933
29.882	n/a	0	1	14941
29.9	n/a	0	1	14950
29.916	n/a	0	1	14958
29.932	n/a	0	1	14966
29.95	n/a	0	1	14975
29.966	n/a	0	1	14983
29.982	n/a	0	1	14991
30.0	n/a	0	1	15000
30.016	n/a	1	2	15008
30.032	n/a	1	2	15016
30.05	n/a	1	2	15025
30.066	n/a	1	2	15033
30.082	n/a	0	1	15041
30.1	n/a	0	1	15050
30.116	n/a	0	1	15058
30.132	n/a	0	1	15066
30.15	n/a	0	1	15075
30.166	n/a	0	1	15083
30.182	n/a	0	1	15091
30.2	n/a	0	1	15100
30.216	n/a	0	1	15108
30.232	n/a	0	1	15116
30.25	n/a	0	1	15125
30.266	n/a	0	1	15133
30.282	n/a	0	1	15141
30.3	n/a	0	1	15150
30.316	n/a	0	1	15158
30.332	n/a	0	1	15166
30.35	n/a	0	1	15175
30.366	n/a	0	1	15183
30.382	n/a	0	1	15191
30.4	n/a	1	2	15200
30.416	n/a	1	2	15208
30.432	n/a	1	2	15216
30.45	n/a	1	2	15225
30.466	n/a	0	1	15233
30.482	n/a	0	1	15241
30.5	n/a	0	1	15250
30.516	n/a	0	1	15258
30.532	n/a	0	1	15266
30.55	n/a	0	1	15275
30.566	n/a	0	1	15283
30.582	n/a	0	1	15291
30.6	n/a	0	1	15300
30.616	n/a	0	1	15308
30.632	n/a	0	1	15316
30.65	n/a	0	1	15325
30.666	n/a	0	1	15333
30.682	n/a	0	1	15341
30.7	n/a	1	2	15350
30.716	n/a	1	2	15358
30.732	n/a	1	2	15366
30.75	n/a	1	2	15375
30.766	n/a	0	1	15383
30.782	n/a	0	1	15391
30.8	n/a	0	1	15400
30.816	n/a	0	1	15408
30.832	n/a	0	1	15416
30.85	n/a	0	1	15425
30.866	n/a	0	1	15433
30.882	n/a	0	1	15441
30.9	n/a	0	1	15450
30.916	n/a	0	1	15458
30.932	n/a	0	1	15466
30.95	n/a	0	1	15475
30.966	n/a	0	1	15483
30.982	n/a	1	2	15491
31.0	n/a	1	2	15500
31.016	n/a	1	2	15508
31.032	n/a	1	2	15516
31.05	n/a	0	1	15525
31.066	n/a	0	1	15533
31.082	n/a	0	1	15541
31.1	n/a	0	1	15550
31.116	n/a	0	1	15558
31.132	n/a	0	1	15566
31.15	n/a	0	1	15575
31.166	n/a	0	1	15583
31.182	n/a	0	1	15591
31.2	n/a	0	1	15600
31.216	n/a	0	1	15608
31.232	n/a	0	1	15616
31.25	n/a	0	1	15625
31.266	n/a	0	1	15633
31.282	n/a	0	1	15641
31.3	n/a	0	1	15650
31.316	n/a	1	2	15658
31.332	n/a	1	2	15666
31.35	n/a	1	2	15675
31.366	n/a	1	2	15683
31.382	n/a	0	1	15691
31.4	n/a	0	1	15700
31.416	n/a	0	1	15708
31.432	n/a	0	1	15716
31.45	n/a	0	1	15725
31.466	n/a	0	1	15733
31.482	n/a	0	1	15741
31.5	n/a	0	1	15750
31.516	n/a	0	1	15758
31.532	n/a	0	1	15766
31.55	n/a	0	1	15775
31.566	n/a	0	1	15783
33.05	n/a	0	1	16525
33.066	n/a	0	1	16533
33.082	n/a	0	1	16541
33.1	n/a	0	1	16550
33.116	n/a	0	1	16558
33.132	n/a	0	1	16566
33.15	n/a	0	1	16575
33.166	n/a	0	1	16583
33.182	n/a	0	1	16591
33.2	n/a	0	1	16600
33.216	n/a	0	1	16608
33.232	n/a	0	1	16616
33.25	n/a	0	1	16625
33.266	n/a	0	1	16633
33.282	n/a	0	1	16641
33.3	n/a	0	1	16650
33.316	n/a	0	1	16658
33.332	n/a	0	1	16666
33.35	n/a	1	2	16675
33.366	n/a	1	2	16683
33.382	n/a	1	2	16691
33.4	n/a	1	2	16700
33.416	n/a	0	1	16708
33.432	n/a	0	1	16716
33.45	n/a	0	1	16725
33.466	n/a	0	1	16733
33.482	n/a	0	1	16741
33.5	n/a	0	1	16750
33.516	n/a	0	1	16758
33.532	n/a	0	1	16766
33.55	n/a	0	1	16775
33.566	n/a	0	1	16783
33.582	n/a	0	1	16791
33.6	n/a	0	1	16800
33.616	n/a	0	1	16808
33.632	n/a	0	1	16816
33.65	n/a	0	1	16825
33.666	n/a	0	1	16833
33.682	n/a	0	1	16841
33.7	n/a	0	1	16850
33.716	n/a	0	1	16858
33.732	n/a	0	1	16866
33.75	n/a	1	2	16875
33.766	n/a	1	2	16883
33.782	n/a	1	2	16891
33.8	n/a	1	2	16900
33.816	n/a	0	1	16908
33.832	n/a	0	1	16916
33.85	n/a	0	1	16925
33.866	n/a	0	1	16933
33.882	n/a	0	1	16941
33.9	n/a	0	1	16950
33.916	n/a	0	1	16958
33.932	n/a	0	1	16966
33.95	n/a	0	1	16975
33.966	n/a	0	1	16983
33.982	n/a	0	1	16991
34.0	n/a	0	1	17000
34.016	n/a	0	1	17008
34.032	n/a	1	2	17016
34.05	n/a	1	2	17025
34.066	n/a	1	2	17033
34.082	n/a	1	2	17041
34.1	n/a	0	1	17050
34.116	n/a	0	1	17058
34.132	n/a	0	1	17066
34.15	n/a	0	1	17075
34.166	n/a	0	1	17083
34.182	n/a	0	1	17091
34.2	n/a	0	1	17100
34.216	n/a	0	1	17108
34.232	n/a	0	1	17116
34.25	n/a	0	1	17125
34.266	n/a	0	1	17133
34.282	n/a	0	1	17141
34.3	n/a	0	1	17150
34.316	n/a	0	1	17158
34.332	n/a	0	1	17166
34.35	n/a	0	1	17175
34.366	n/a	0	1	17183
34.382	n/a	0	1	17191
34.4	n/a	1	2	17200
34.416	n/a	1	2	17208
34.432	n/a	1	2	17216
34.45	n/a	1	2	17225
34.466	n/a	0	1	17233
34.482	n/a	0	1	17241
34.5	n/a	0	1	17250
34.516	n/a	0	1	17258
34.532	n/a	0	1	17266
34.55	n/a	0	1	17275
34.566	n/a	0	1	17283
34.582	n/a	0	1	17291
34.6	n/a	0	1	17300
34.616	n/a	0	1	17308
34.632	n/a	0	1	17316
34.65	n/a	0	1	17325
34.666	n/a	0	1	17333
34.682	n/a	0	1	17341
34.7	n/a	0	1	17350
34.716	n/a	0	1	17358
34.732	n/a	0	1	17366
34.75	n/a	0	1	17375
34.766	n/a	0	1	17383
34.782	n/a	0	1	17391
34.8	n/a	0	1	17400
34.816	n/a	0	1	17408
34.832	n/a	0	1	17416
34.85	n/a	0	1	17425
34.866	n/a	1	2	17433
34.882	n/a	1	2	17441
34.9	n/a	1	2	17450
34.916	n/a	1	2	17458
34.932	n/a	0	1	17466
34.95	n/a	0	1	17475
34.966	n/a	0	1	17483
34.982	n/a	0	1	17491
43.1	n/a	0	1	21550
43.116	n/a	1	2	21558
43.132	n/a	1	2	21566
43.15	n/a	1	2	21575
43.166	n/a	1	2	21583
43.182	n/a	0	1	21591
43.2	n/a	0	1	21600
43.216	n/a	0	1	21608
43.232	n/a	0	1	21616
43.25	n/a	0	1	21625
43.266	n/a	0	1	21633
43.282	n/a	0	1	21641
43.3	n/a	0	1	21650
43.316	n/a	0	1	21658
43.332	n/a	0	1	21666
43.35	n/a	0	1	21675
43.366	n/a	0	1	21683
43.382	n/a	0	1	21691
43.4	n/a	0	1	21700
43.416	n/a	0	1	21708
43.432	n/a	0	1	21716
43.45	n/a	0	1	21725
43.466	n/a	0	1	21733
43.482	n/a	0	1	21741
43.5	n/a	0	1	21750
43.516	n/a	0	1	21758
43.532	n/a	0	1	21766
43.55	n/a	0	1	21775
43.566	n/a	0	1	21783
43.582	n/a	0	1	21791
43.6	n/a	1	2	21800
43.616	n/a	1	2	21808
43.632	n/a	1	2	21816
43.65	n/a	1	2	21825
43.666	n/a	0	1	21833
43.682	n/a	0	1	21841
43.7	n/a	0	1	21850
43.716	n/a	0	1	21858
43.732	n/a	0	1	21866
43.75	n/a	0	1	21875
43.766	n/a	0	1	21883
43.782	n/a	0	1	21891
43.8	n/a	0	1	21900
43.816	n/a	0	1	21908
43.832	n/a	0	1	21916
43.85	n/a	0	1	21925
43.866	n/a	0	1	21933
43.882	n/a	0	1	21941
43.9	n/a	0	1	21950
43.916	n/a	0	1	21958
43.932	n/a	0	1	21966
43.95	n/a	0	1	21975
43.966	n/a	0	1	21983
43.982	n/a	0	1	21991
44.0	n/a	0	1	22000
44.016	n/a	0	1	22008
44.032	n/a	0	1	22016
44.05	n/a	0	1	22025
44.066	n/a	1	2	22033
44.082	n/a	1	2	22041
44.1	n/a	1	2	22050
44.116	n/a	1	2	22058
44.132	n/a	0	1	22066
44.15	n/a	0	1	22075
44.166	n/a	0	1	22083
44.182	n/a	0	1	22091
44.2	n/a	0	1	22100
44.216	n/a	0	1	22108
44.232	n/a	0	1	22116
44.25	n/a	0	1	22125
44.266	n/a	0	1	22133
44.282	n/a	0	1	22141
44.3	n/a	0	1	22150
44.316	n/a	0	1	22158
44.332	n/a	0	1	22166
44.35	n/a	0	1	22175
44.366	n/a	0	1	22183
44.382	n/a	0	1	22191
44.4	n/a	0	1	22200
44.416	n/a	0	1	22208
44.432	n/a	0	1	22216
44.45	n/a	0	1	22225
44.466	n/a	0	1	22233
44.482	n/a	1	2	22241
44.5	n/a	1	2	22250
44.516	n/a	1	2	22258
44.532	n/a	1	2	22266
44.55	n/a	0	1	22275
44.566	n/a	0	1	22283
44.582	n/a	0	1	22291
44.6	n/a	0	1	22300
44.616	n/a	0	1	22308
44.632	n/a	0	1	22316
44.65	n/a	0	1	22325
44.666	n/a	0	1	22333
44.682	n/a	0	1	22341
44.7	n/a	0	1	22350
44.716	n/a	0	1	22358
44.732	n/a	0	1	22366
44.75	n/a	0	1	22375
44.766	n/a	0	1	22383
44.782	n/a	0	1	22391
44.8	n/a	0	1	22400
44.816	n/a	0	1	22408
44.832	n/a	0	1	22416
44.85	n/a	0	1	22425
44.866	n/a	0	1	22433
44.882	n/a	0	1	22441
44.9	n/a	0	1	22450
44.916	n/a	1	2	22458
44.932	n/a	1	2	22466
44.95	n/a	1	2	22475
44.966	n/a	1	2	22483
44.982	n/a	0	1	22491
45.0	n/a	0	1	22500
45.016	n/a	0	1	22508
45.032	n/a	0	1	22516
46.516	n/a	0	1	23258
46.532	n/a	0	1	23266
46.55	n/a	0	1	23275
46.566	n/a	0	1	23283
46.582	n/a	0	1	23291
46.6	n/a	0	1	23300
46.616	n/a	0	1	23308
46.632	n/a	0	1	23316
46.65	n/a	0	1	23325
46.666	n/a	0	1	23333
46.682	n/a	0	1	23341
46.7	n/a	0	1	23350
46.716	n/a	0	1	23358
46.732	n/a	0	1	23366
46.75	n/a	0	1	23375
46.766	n/a	0	1	23383
46.782	n/a	0	1	23391
46.8	n/a	0	1	23400
46.816	n/a	0	1	23408
46.832	n/a	0	1	23416
46.85	n/a	0	1	23425
46.866	n/a	0	1	23433
46.882	n/a	0	1	23441
46.9	n/a	1	2	23450
46.916	n/a	1	2	23458
46.932	n/a	1	2	23466
46.95	n/a	1	2	23475
46.966	n/a	0	1	23483
46.982	n/a	0	1	23491
47.0	n/a	0	1	23500
47.016	n/a	0	1	23508
47.032	n/a	0	1	23516
47.05	n/a	0	1	23525
47.066	n/a	0	1	23533
47.082	n/a	0	1	23541
47.1	n/a	0	1	23550
47.116	n/a	0	1	23558
47.132	n/a	0	1	23566
47.15	n/a	0	1	23575
47.166	n/a	0	1	23583
47.182	n/a	0	1	23591
47.2	n/a	0	1	23600
47.216	n/a	0	1	23608
47.232	n/a	0	1	23616
47.25	n/a	0	1	23625
47.266	n/a	0	1	23633
47.282	n/a	1	2	23641
47.3	n/a	1	2	23650
47.316	n/a	1	2	23658
47.332	n/a	1	2	23666
47.35	n/a	0	1	23675
47.366	n/a	0	1	23683
47.382	n/a	0	1	23691
47.4	n/a	0	1	23700
47.416	n/a	0	1	23708
47.432	n/a	0	1	23716
47.45	n/a	0	1	23725
47.466	n/a	0	1	23733
47.482	n/a	0	1	23741
47.5	n/a	0	1	23750
47.516	n/a	0	1	23758
47.532	n/a	0	1	23766
47.55	n/a	0	1	23775
47.566	n/a	0	1	23783
47.582	n/a	1	2	23791
47.6	n/a	1	2	23800
47.616	n/a	1	2	23808
47.632	n/a	1	2	23816
47.65	n/a	0	1	23825
47.666	n/a	0	1	23833
47.682	n/a	0	1	23841
47.7	n/a	0	1	23850
47.716	n/a	0	1	23858
47.732	n/a	0	1	23866
47.75	n/a	0	1	23875
47.766	n/a	0	1	23883
47.782	n/a	0	1	23891
47.8	n/a	0	1	23900
47.816	n/a	0	1	23908
47.832	n/a	0	1	23916
47.85	n/a	0	1	23925
47.866	n/a	1	2	23933
47.882	n/a	1	2	23941
47.9	n/a	1	2	23950
47.916	n/a	1	2	23958
47.932	n/a	0	1	23966
47.95	n/a	0	1	23975
47.966	n/a	0	1	23983
47.982	n/a	0	1	23991
48.0	n/a	0	1	24000
48.016	n/a	0	1	24008
48.032	n/a	0	1	24016
48.05	n/a	0	1	24025
48.066	n/a	0	1	24033
48.082	n/a	0	1	24041
48.1	n/a	0	1	24050
48.116	n/a	0	1	24058
48.132	n/a	0	1	24066
48.15	n/a	0	1	24075
48.166	n/a	0	1	24083
48.182	n/a	0	1	24091
48.2	n/a	1	2	24100
48.216	n/a	1	2	24108
48.232	n/a	1	2	24116
48.25	n/a	1	2	24125
48.266	n/a	0	1	24133
48.282	n/a	0	1	24141
48.3	n/a	0	1	24150
48.316	n/a	0	1	24158
48.332	n/a	0	1	24166
48.35	n/a	0	1	24175
48.366	n/a	0	1	24183
48.382	n/a	0	1	24191
48.4	n/a	0	1	24200
48.416	n/a	0	1	24208
48.432	n/a	0	1	24216
48.45	n/a	0	1	24225
49.932	n/a	0	1	24966
49.95	n/a	0	1	24975
49.966	n/a	0	1	24983
49.982	n/a	0	1	24991
50.0	n/a	0	1	25000
50.016	n/a	0	1	25008
50.032	n/a	0	1	25016
50.05	n/a	0	1	25025
50.066	n/a	0	1	25033
50.082	n/a	0	1	25041
50.1	n/a	0	1	25050
50.116	n/a	0	1	25058
50.132	n/a	0	1	25066
50.15	n/a	0	1	25075
50.166	n/a	0	1	25083
50.182	n/a	0	1	25091
50.2	n/a	0	1	25100
50.216	n/a	0	1	25108
50.232	n/a	1	2	25116
50.25	n/a	1	2	25125
50.266	n/a	1	2	25133
50.282	n/a	1	2	25141
50.3	n/a	0	1	25150
50.316	n/a	0	1	25158
50.332	n/a	0	1	25166
50.35	n/a	0	1	25175
50.366	n/a	0	1	25183
50.382	n/a	0	1	25191
50.4	n/a	0	1	25200
50.416	n/a	0	1	25208
50.432	n/a	0	1	25216
50.45	n/a	0	1	25225
50.466	n/a	0	1	25233
50.482	n/a	0	1	25241
50.5	n/a	0	1	25250
50.516	n/a	0	1	25258
50.532	n/a	0	1	25266
50.55	n/a	0	1	25275
50.566	n/a	0	1	25283
50.582	n/a	0	1	25291
50.6	n/a	0	1	25300
50.616	n/a	0	1	25308
50.632	n/a	1	2	25316
50.65	n/a	1	2	25325
50.666	n/a	1	2	25333
50.682	n/a	1	2	25341
50.7	n/a	0	1	25350
50.716	n/a	0	1	25358
50.732	n/a	0	1	25366
50.75	n/a	0	1	25375
50.766	n/a	0	1	25383
50.782	n/a	0	1	25391
50.8	n/a	0	1	25400
50.816	n/a	0	1	25408
50.832	n/a	0	1	25416
50.85	n/a	0	1	25425
50.866	n/a	0	1	25433
50.882	n/a	0	1	25441
50.9	n/a	0	1	25450
50.916	n/a	1	2	25458
50.932	n/a	1	2	25466
50.95	n/a	1	2	25475
50.966	n/a	1	2	25483
50.982	n/a	0	1	25491
51.0	n/a	0	1	25500
51.016	n/a	0	1	25508
51.032	n/a	0	1	25516
51.05	n/a	0	1	25525
51.066	n/a	0	1	25533
51.082	n/a	0	1	25541
51.1	n/a	0	1	25550
51.116	n/a	0	1	25558
51.132	n/a	0	1	25566
51.15	n/a	0	1	25575
51.166	n/a	0	1	25583
51.182	n/a	0	1	25591
51.2	n/a	0	1	25600
51.216	n/a	0	1	25608
51.232	n/a	0	1	25616
51.25	n/a	0	1	25625
51.266	n/a	0	1	25633
51.282	n/a	1	2	25641
51.3	n/a	1	2	25650
51.316	n/a	1	2	25658
51.332	n/a	1	2	25666
51.35	n/a	0	1	25675
51.366	n/a	0	1	25683
51.382	n/a	0	1	25691
51.4	n/a	0	1	25700
51.416	n/a	0	1	25708
51.432	n/a	0	1	25716
51.45	n/a	0	1	25725
51.466	n/a	0	1	25733
51.482	n/a	0	1	25741
51.5	n/a	0	1	25750
51.516	n/a	0	1	25758
51.532	n/a	0	1	25766
51.55	n/a	0	1	25775
51.566	n/a	0	1	25783
51.582	n/a	0	1	25791
51.6	n/a	0	1	25800
51.616	n/a	0	1	25808
51.632	n/a	0	1	25816
51.65	n/a	0	1	25825
51.666	n/a	0	1	25833
51.682	n/a	0	1	25841
51.7	n/a	0	1	25850
51.716	n/a	0	1	25858
51.732	n/a	0	1	25866
51.75	n/a	1	2	25875
51.766	n/a	1	2	25883
51.782	n/a	1	2	25891
51.8	n/a	1	2	25900
51.816	n/a	0	1	25908
51.832	n/a	0	1	25916
51.85	n/a	0	1	25925
51.866	n/a	0	1	25933
53.35	n/a	0	1	26675
53.366	n/a	0	1	26683
53.382	n/a	0	1	26691
53.4	n/a	0	1	26700
53.416	n/a	0	1	26708
53.432	n/a	0	1	26716
53.45	n/a	0	1	26725
53.466	n/a	0	1	26733
53.482	n/a	0	1	26741
53.5	n/a	0	1	26750
53.516	n/a	0	1	26758
53.532	n/a	0	1	26766
53.55	n/a	0	1	26775
53.566	n/a	0	1	26783
53.582	n/a	0	1	26791
53.6	n/a	1	2	26800
53.616	n/a	1	2	26808
53.632	n/a	1	2	26816
53.65	n/a	1	2	26825
53.666	n/a	0	1	26833
53.682	n/a	0	1	26841
53.7	n/a	0	1	26850
53.716	n/a	0	1	26858
53.732	n/a	0	1	26866
53.75	n/a	0	1	26875
53.766	n/a	0	1	26883
53.782	n/a	0	1	26891
53.8	n/a	0	1	26900
53.816	n/a	0	1	26908
53.832	n/a	0	1	26916
53.85	n/a	0	1	26925
53.866	n/a	0	1	26933
53.882	n/a	0	1	26941
53.9	n/a	0	1	26950
53.916	n/a	0	1	26958
53.932	n/a	0	1	26966
53.95	n/a	0	1	26975
53.966	n/a	0	1	26983
53.982	n/a	0	1	26991
54.0	n/a	0	1	27000
54.016	n/a	0	1	27008
54.032	n/a	1	2	27016
54.05	n/a	1	2	27025
54.066	n/a	1	2	27033
54.082	n/a	1	2	27041
54.1	n/a	0	1	27050
54.116	n/a	0	1	27058
54.132	n/a	0	1	27066
54.15	n/a	0	1	27075
54.166	n/a	0	1	27083
54.182	n/a	0	1	27091
54.2	n/a	0	1	27100
54.216	n/a	0	1	27108
54.232	n/a	0	1	27116
54.25	n/a	0	1	27125
54.266	n/a	0	1	27133
54.282	n/a	0	1	27141
54.3	n/a	0	1	27150
54.316	n/a	0	1	27158
54.332	n/a	0	1	27166
54.35	n/a	0	1	27175
54.366	n/a	0	1	27183
54.382	n/a	0	1	27191
54.4	n/a	0	1	27200
54.416	n/a	0	1	27208
54.432	n/a	0	1	27216
54.45	n/a	0	1	27225
54.466	n/a	0	1	27233
54.482	n/a	0	1	27241
54.5	n/a	1	2	27250
54.516	n/a	1	2	27258
54.532	n/a	1	2	27266
54.55	n/a	1	2	27275
54.566	n/a	0	1	27283
54.582	n/a	0	1	27291
54.6	n/a	0	1	27300
54.616	n/a	0	1	27308
54.632	n/a	0	1	27316
54.65	n/a	0	1	27325
54.666	n/a	0	1	27333
54.682	n/a	0	1	27341
54.7	n/a	0	1	27350
54.716	n/a	0	1	27358
54.732	n/a	0	1	27366
54.75	n/a	0	1	27375
54.766	n/a	0	1	27383
54.782	n/a	0	1	27391
54.8	n/a	1	2	27400
54.816	n/a	1	2	27408
54.832	n/a	1	2	27416
54.85	n/a	1	2	27425
54.866	n/a	0	1	27433
54.882	n/a	0	1	27441
54.9	n/a	0	1	27450
54.916	n/a	0	1	27458
54.932	n/a	0	1	27466
54.95	n/a	0	1	27475
54.966	n/a	0	1	27483
54.982	n/a	0	1	27491
55.0	n/a	0	1	27500
55.016	n/a	0	1	27508
55.032	n/a	0	1	27516
55.05	n/a	0	1	27525
55.066	n/a	0	1	27533
55.082	n/a	0	1	27541
55.1	n/a	0	1	27550
55.116	n/a	0	1	27558
55.132	n/a	0	1	27566
55.15	n/a	0	1	27575
55.166	n/a	0	1	27583
55.182	n/a	0	1	27591
55.2	n/a	0	1	27600
55.216	n/a	0	1	27608
55.232	n/a	1	2	27616
55.25	n/a	1	2	27625
55.266	n/a	1	2	27633
55.282	n/a	1	2	27641
59.1	n/a	0	1	29550
59.116	n/a	0	1	29558
59.132	n/a	0	1	29566
59.15	n/a	0	1	29575
59.166	n/a	0	1	29583
59.182	n/a	0	1	29591
59.2	n/a	0	1	29600
59.216	n/a	0	1	29608
59.232	n/a	0	1	29616
59.25	n/a	0	1	29625
59.266	n/a	0	1	29633
59.282	n/a	0	1	29641
59.3	n/a	0	1	29650
59.316	n/a	0	1	29658
59.332	n/a	0	1	29666
59.35	n/a	1	2	29675
59.366	n/a	1	2	29683
59.382	n/a	1	2	29691
59.4	n/a	1	2	29700
59.416	n/a	0	1	29708
59.432	n/a	0	1	29716
59.45	n/a	0	1	29725
59.466	n/a	0	1	29733
59.482	n/a	0	1	29741
59.5	n/a	0	1	29750
59.516	n/a	0	1	29758
59.532	n/a	0	1	29766
59.55	n/a	0	1	29775
59.566	n/a	0	1	29783
59.582	n/a	0	1	29791
59.6	n/a	0	1	29800
59.616	n/a	0	1	29808
59.632	n/a	0	1	29816
59.65	n/a	0	1	29825
59.666	n/a	0	1	29833
59.682	n/a	0	1	29841
59.7	n/a	0	1	29850
59.716	n/a	0	1	29858
59.732	n/a	0	1	29866
59.75	n/a	0	1	29875
59.766	n/a	0	1	29883
59.782	n/a	1	2	29891
59.8	n/a	1	2	29900
59.816	n/a	1	2	29908
59.832	n/a	1	2	29916
59.85	n/a	0	1	29925
59.866	n/a	0	1	29933
59.882	n/a	0	1	29941
59.9	n/a	0	1	29950
59.916	n/a	0	1	29958
59.932	n/a	0	1	29966
59.95	n/a	0	1	29975
59.966	n/a	0	1	29983
59.982	n/a	0	1	29991
60.0	n/a	0	1	30000
60.016	n/a	0	1	30008
60.032	n/a	0	1	30016
60.05	n/a	0	1	30025
60.066	n/a	0	1	30033
60.082	n/a	0	1	30041
60.1	n/a	0	1	30050
60.116	n/a	0	1	30058
60.132	n/a	0	1	30066
60.15	n/a	0	1	30075
60.166	n/a	0	1	30083
60.182	n/a	0	1	30091
60.2	n/a	0	1	30100
60.216	n/a	0	1	30108
60.232	n/a	0	1	30116
60.25	n/a	1	2	30125
60.266	n/a	1	2	30133
60.282	n/a	1	2	30141
60.3	n/a	1	2	30150
60.316	n/a	0	1	30158
60.332	n/a	0	1	30166
60.35	n/a	0	1	30175
60.366	n/a	0	1	30183
60.382	n/a	0	1	30191
60.4	n/a	0	1	30200
60.416	n/a	0	1	30208
60.432	n/a	0	1	30216
60.45	n/a	0	1	30225
60.466	n/a	0	1	30233
60.482	n/a	0	1	30241
60.5	n/a	0	1	30250
60.516	n/a	0	1	30258
60.532	n/a	0	1	30266
60.55	n/a	1	2	30275
60.566	n/a	1	2	30283
60.582	n/a	1	2	30291
60.6	n/a	1	2	30300
60.616	n/a	0	1	30308
60.632	n/a	0	1	30316
60.65	n/a	0	1	30325
60.666	n/a	0	1	30333
60.682	n/a	0	1	30341
60.7	n/a	0	1	30350
60.716	n/a	0	1	30358
60.732	n/a	0	1	30366
60.75	n/a	0	1	30375
60.766	n/a	0	1	30383
60.782	n/a	0	1	30391
60.8	n/a	0	1	30400
60.816	n/a	0	1	30408
60.832	n/a	0	1	30416
60.85	n/a	0	1	30425
60.866	n/a	0	1	30433
60.882	n/a	0	1	30441
60.9	n/a	0	1	30450
60.916	n/a	0	1	30458
60.932	n/a	0	1	30466
60.95	n/a	0	1	30475
60.966	n/a	0	1	30483
60.982	n/a	1	2	30491
61.0	n/a	1	2	30500
61.016	n/a	1	2	30508
61.032	n/a	1	2	30516
62.516	n/a	0	1	31258
62.532	n/a	1	2	31266
62.55	n/a	1	2	31275
62.566	n/a	1	2	31283
62.582	n/a	1	2	31291
62.6	n/a	0	1	31300
62.616	n/a	0	1	31308
62.632	n/a	0	1	31316
62.65	n/a	0	1	31325
62.666	n/a	0	1	31333
62.682	n/a	0	1	31341
62.7	n/a	0	1	31350
62.716	n/a	0	1	31358
62.732	n/a	0	1	31366
62.75	n/a	0	1	31375
62.766	n/a	0	1	31383
62.782	n/a	0	1	31391
62.8	n/a	0	1	31400
62.816	n/a	0	1	31408
62.832	n/a	0	1	31416
62.85	n/a	0	1	31425
62.866	n/a	0	1	31433
62.882	n/a	0	1	31441
62.9	n/a	0	1	31450
62.916	n/a	0	1	31458
62.932	n/a	0	1	31466
62.95	n/a	0	1	31475
62.966	n/a	0	1	31483
62.982	n/a	0	1	31491
63.0	n/a	0	1	31500
63.016	n/a	1	2	31508
63.032	n/a	1	2	31516
63.05	n/a	1	2	31525
63.066	n/a	1	2	31533
63.082	n/a	0	1	31541
63.1	n/a	0	1	31550
63.116	n/a	0	1	31558
63.132	n/a	0	1	31566
63.15	n/a	0	1	31575
63.166	n/a	0	1	31583
63.182	n/a	0	1	31591
63.2	n/a	0	1	31600
63.216	n/a	0	1	31608
63.232	n/a	0	1	31616
63.25	n/a	0	1	31625
63.266	n/a	0	1	31633
63.282	n/a	0	1	31641
63.3	n/a	0	1	31650
63.316	n/a	0	1	31658
63.332	n/a	0	1	31666
63.35	n/a	0	1	31675
63.366	n/a	0	1	31683
63.382	n/a	0	1	31691
63.4	n/a	0	1	31700
63.416	n/a	0	1	31708
63.432	n/a	0	1	31716
63.45	n/a	0	1	31725
63.466	n/a	0	1	31733
63.482	n/a	1	2	31741
63.5	n/a	1	2	31750
63.516	n/a	1	2	31758
63.532	n/a	1	2	31766
63.55	n/a	0	1	31775
63.566	n/a	0	1	31783
63.582	n/a	0	1	31791
63.6	n/a	0	1	31800
63.616	n/a	0	1	31808
63.632	n/a	0	1	31816
63.65	n/a	0	1	31825
63.666	n/a	0	1	31833
63.682	n/a	0	1	31841
63.7	n/a	0	1	31850
63.716	n/a	0	1	31858
63.732	n/a	0	1	31866
63.75	n/a	0	1	31875
63.766	n/a	0	1	31883
63.782	n/a	0	1	31891
63.8	n/a	0	1	31900
63.816	n/a	0	1	31908
63.832	n/a	0	1	31916
63.85	n/a	0	1	31925
63.866	n/a	0	1	31933
63.882	n/a	0	1	31941
63.9	n/a	1	2	31950
63.916	n/a	1	2	31958
63.932	n/a	1	2	31966
63.95	n/a	1	2	31975
63.966	n/a	0	1	31983
63.982	n/a	0	1	31991
64.0	n/a	0	1	32000
64.016	n/a	0	1	32008
64.032	n/a	0	1	32016
64.05	n/a	0	1	32025
64.066	n/a	0	1	32033
64.082	n/a	0	1	32041
64.098	n/a	0	1	32049
64.116	n/a	0	1	32058
64.132	n/a	0	1	32066
64.15	n/a	0	1	32075
64.166	n/a	0	1	32083
64.182	n/a	0	1	32091
64.2	n/a	0	1	32100
64.216	n/a	0	1	32108
64.232	n/a	0	1	32116
64.25	n/a	0	1	32125
64.266	n/a	0	1	32133
64.282	n/a	0	1	32141
64.3	n/a	0	1	32150
64.316	n/a	0	1	32158
64.332	n/a	1	2	32166
64.348	n/a	1	2	32174
64.366	n/a	1	2	32183
64.382	n/a	1	2	32191
64.4	n/a	0	1	32200
64.416	n/a	0	1	32208
64.432	n/a	0	1	32216
64.45	n/a	0	1	32225
65.932	n/a	0	1	32966
65.95	n/a	0	1	32975
65.966	n/a	0	1	32983
65.982	n/a	0	1	32991
66.0	n/a	0	1	33000
66.016	n/a	0	1	33008
66.032	n/a	0	1	33016
66.05	n/a	0	1	33025
66.066	n/a	0	1	33033
66.082	n/a	0	1	33041
66.1	n/a	0	1	33050
66.116	n/a	0	1	33058
66.132	n/a	0	1	33066
66.15	n/a	0	1	33075
66.166	n/a	0	1	33083
66.182	n/a	0	1	33091
66.2	n/a	0	1	33100
66.216	n/a	0	1	33108
66.232	n/a	1	2	33116
66.25	n/a	1	2	33125
66.266	n/a	1	2	33133
66.282	n/a	1	2	33141
66.3	n/a	0	1	33150
66.316	n/a	0	1	33158
66.332	n/a	0	1	33166
66.35	n/a	0	1	33175
66.366	n/a	0	1	33183
66.382	n/a	0	1	33191
66.4	n/a	0	1	33200
66.416	n/a	0	1	33208
66.432	n/a	0	1	33216
66.45	n/a	0	1	33225
66.466	n/a	0	1	33233
66.482	n/a	0	1	33241
66.5	n/a	0	1	33250
66.516	n/a	0	1	33258
66.532	n/a	0	1	33266
66.55	n/a	0	1	33275
66.566	n/a	0	1	33283
66.582	n/a	0	1	33291
66.6	n/a	0	1	33300
66.616	n/a	0	1	33308
66.632	n/a	1	2	33316
66.65	n/a	1	2	33325
66.666	n/a	1	2	33333
66.682	n/a	1	2	33341
66.7	n/a	0	1	33350
66.716	n/a	0	1	33358
66.732	n/a	0	1	33366
66.75	n/a	0	1	33375
66.766	n/a	0	1	33383
66.782	n/a	0	1	33391
66.8	n/a	0	1	33400
66.816	n/a	0	1	33408
66.832	n/a	0	1	33416
66.85	n/a	0	1	33425
66.866	n/a	0	1	33433
66.882	n/a	0	1	33441
66.9	n/a	0	1	33450
66.916	n/a	1	2	33458
66.932	n/a	1	2	33466
66.95	n/a	1	2	33475
66.966	n/a	1	2	33483
66.982	n/a	0	1	33491
67.0	n/a	0	1	33500
67.016	n/a	0	1	33508
67.032	n/a	0	1	33516
67.05	n/a	0	1	33525
67.066	n/a	0	1	33533
67.082	n/a	0	1	33541
67.1	n/a	0	1	33550
67.116	n/a	0	1	33558
67.132	n/a	0	1	33566
67.15	n/a	0	1	33575
67.166	n/a	0	1	33583
67.182	n/a	0	1	33591
67.2	n/a	0	1	33600
67.216	n/a	0	1	33608
67.232	n/a	0	1	33616
67.25	n/a	0	1	33625
67.266	n/a	0	1	33633
67.282	n/a	1	2	33641
67.3	n/a	1	2	33650
67.316	n/a	1	2	33658
67.332	n/a	1	2	33666
67.35	n/a	0	1	33675
67.366	n/a	0	1	33683
67.382	n/a	0	1	33691
67.4	n/a	0	1	33700
67.416	n/a	0	1	33708
67.432	n/a	0	1	33716
67.45	n/a	0	1	33725
67.466	n/a	0	1	33733
67.482	n/a	0	1	33741
67.5	n/a	0	1	33750
67.516	n/a	0	1	33758
67.532	n/a	0	1	33766
67.55	n/a	0	1	33775
67.566	n/a	0	1	33783
67.582	n/a	0	1	33791
67.6	n/a	0	1	33800
67.616	n/a	0	1	33808
67.632	n/a	0	1	33816
67.65	n/a	0	1	33825
67.666	n/a	0	1	33833
67.682	n/a	0	1	33841
67.7	n/a	0	1	33850
67.716	n/a	0	1	33858
67.732	n/a	0	1	33866
67.75	n/a	1	2	33875
67.766	n/a	1	2	33883
67.782	n/a	1	2	33891
67.8	n/a	1	2	33900
67.816	n/a	0	1	33908
67.832	n/a	0	1	33916
67.85	n/a	0	1	33925
67.866	n/a	0	1	33933
69.35	n/a	0	1	34675
69.366	n/a	0	1	34683
69.382	n/a	0	1	34691
69.4	n/a	0	1	34700
69.416	n/a	0	1	34708
69.432	n/a	0	1	34716
69.45	n/a	0	1	34725
69.466	n/a	0	1	34733
69.482	n/a	0	1	34741
69.5	n/a	0	1	34750
69.516	n/a	0	1	34758
69.532	n/a	0	1	34766
69.55	n/a	0	1	34775
69.566	n/a	0	1	34783
69.582	n/a	0	1	34791
69.6	n/a	0	1	34800
69.616	n/a	0	1	34808
69.632	n/a	0	1	34816
69.65	n/a	0	1	34825
69.666	n/a	0	1	34833
69.682	n/a	0	1	34841
69.7	n/a	0	1	34850
69.716	n/a	0	1	34858
69.732	n/a	1	2	34866
69.75	n/a	1	2	34875
69.766	n/a	1	2	34883
69.782	n/a	1	2	34891
69.8	n/a	0	1	34900
69.816	n/a	0	1	34908
69.832	n/a	0	1	34916
69.85	n/a	0	1	34925
69.866	n/a	0	1	34933
69.882	n/a	0	1	34941
69.9	n/a	0	1	34950
69.916	n/a	0	1	34958
69.932	n/a	0	1	34966
69.95	n/a	0	1	34975
69.966	n/a	0	1	34983
69.982	n/a	0	1	34991
70.0	n/a	0	1	35000
70.016	n/a	0	1	35008
70.032	n/a	0	1	35016
70.05	n/a	0	1	35025
70.066	n/a	0	1	35033
70.082	n/a	0	1	35041
70.1	n/a	0	1	35050
70.116	n/a	1	2	35058
70.132	n/a	1	2	35066
70.15	n/a	1	2	35075
70.166	n/a	1	2	35083
70.182	n/a	0	1	35091
70.2	n/a	0	1	35100
70.216	n/a	0	1	35108
70.232	n/a	0	1	35116
70.25	n/a	0	1	35125
70.266	n/a	0	1	35133
70.282	n/a	0	1	35141
70.3	n/a	0	1	35150
70.316	n/a	0	1	35158
70.332	n/a	0	1	35166
70.35	n/a	0	1	35175
70.366	n/a	0	1	35183
70.382	n/a	0	1	35191
70.4	n/a	0	1	35200
70.416	n/a	1	2	35208
70.432	n/a	1	2	35216
70.45	n/a	1	2	35225
70.466	n/a	1	2	35233
70.482	n/a	0	1	35241
70.5	n/a	0	1	35250
70.516	n/a	0	1	35258
70.532	n/a	0	1	35266
70.55	n/a	0	1	35275
70.566	n/a	0	1	35283
70.582	n/a	0	1	35291
70.6	n/a	0	1	35300
70.616	n/a	0	1	35308
70.632	n/a	0	1	35316
70.65	n/a	0	1	35325
70.666	n/a	0	1	35333
70.682	n/a	0	1	35341
70.7	n/a	1	2	35350
70.716	n/a	1	2	35358
70.732	n/a	1	2	35366
70.75	n/a	1	2	35375
70.766	n/a	0	1	35383
70.782	n/a	0	1	35391
70.8	n/a	0	1	35400
70.816	n/a	0	1	35408
70.832	n/a	0	1	35416
70.85	n/a	0	1	35425
70.866	n/a	0	1	35433
70.882	n/a	0	1	35441
70.9	n/a	0	1	35450
70.916	n/a	0	1	35458
70.932	n/a	0	1	35466
70.95	n/a	0	1	35475
70.966	n/a	0	1	35483
70.982	n/a	0	1	35491
71.0	n/a	0	1	35500
71.016	n/a	0	1	35508
71.032	n/a	1	2	35516
71.05	n/a	1	2	35525
71.066	n/a	1	2	35533
71.082	n/a	1	2	35541
71.1	n/a	0	1	35550
71.116	n/a	0	1	35558
71.132	n/a	0	1	35566
71.15	n/a	0	1	35575
71.166	n/a	0	1	35583
71.182	n/a	0	1	35591
71.2	n/a	0	1	35600
71.216	n/a	0	1	35608
71.232	n/a	0	1	35616
71.25	n/a	0	1	35625
71.266	n/a	0	1	35633
71.282	n/a	0	1	35641
73.566	n/a	0	1	36783
73.582	n/a	0	1	36791
73.6	n/a	0	1	36800
73.616	n/a	0	1	36808
73.632	n/a	0	1	36816
73.65	n/a	0	1	36825
73.666	n/a	0	1	36833
73.682	n/a	0	1	36841
73.7	n/a	0	1	36850
73.716	n/a	0	1	36858
73.732	n/a	0	1	36866
73.75	n/a	0	1	36875
73.766	n/a	0	1	36883
73.782	n/a	0	1	36891
73.8	n/a	0	1	36900
73.816	n/a	1	2	36908
73.832	n/a	1	2	36916
73.85	n/a	1	2	36925
73.866	n/a	1	2	36933
73.882	n/a	0	1	36941
73.9	n/a	0	1	36950
73.916	n/a	0	1	36958
73.932	n/a	0	1	36966
73.95	n/a	0	1	36975
73.966	n/a	0	1	36983
73.982	n/a	0	1	36991
74.0	n/a	0	1	37000
74.016	n/a	0	1	37008
74.032	n/a	0	1	37016
74.05	n/a	0	1	37025
74.066	n/a	0	1	37033
74.082	n/a	0	1	37041
74.1	n/a	0	1	37050
74.116	n/a	0	1	37058
74.132	n/a	0	1	37066
74.15	n/a	0	1	37075
74.166	n/a	0	1	37083
74.182	n/a	0	1	37091
74.2	n/a	0	1	37100
74.216	n/a	0	1	37108
74.232	n/a	0	1	37116
74.25	n/a	1	2	37125
74.266	n/a	1	2	37133
74.282	n/a	1	2	37141
74.3	n/a	1	2	37150
74.316	n/a	0	1	37158
74.332	n/a	0	1	37166
74.35	n/a	0	1	37175
74.366	n/a	0	1	37183
74.382	n/a	0	1	37191
74.4	n/a	0	1	37200
74.416	n/a	0	1	37208
74.432	n/a	0	1	37216
74.45	n/a	0	1	37225
74.466	n/a	0	1	37233
74.482	n/a	0	1	37241
74.5	n/a	0	1	37250
74.516	n/a	0	1	37258
74.532	n/a	0	1	37266
74.55	n/a	0	1	37275
74.566	n/a	0	1	37283
74.582	n/a	0	1	37291
74.6	n/a	0	1	37300
74.616	n/a	0	1	37308
74.632	n/a	0	1	37316
74.65	n/a	0	1	37325
74.666	n/a	0	1	37333
74.682	n/a	0	1	37341
74.7	n/a	0	1	37350
74.716	n/a	1	2	37358
74.732	n/a	1	2	37366
74.75	n/a	1	2	37375
74.766	n/a	1	2	37383
74.782	n/a	0	1	37391
74.8	n/a	0	1	37400
74.816	n/a	0	1	37408
74.832	n/a	0	1	37416
74.85	n/a	0	1	37425
74.866	n/a	0	1	37433
74.882	n/a	0	1	37441
74.9	n/a	0	1	37450
74.916	n/a	0	1	37458
74.932	n/a	0	1	37466
74.95	n/a	0	1	37475
74.966	n/a	0	1	37483
74.982	n/a	0	1	37491
75.0	n/a	0	1	37500
75.016	n/a	1	2	37508
75.032	n/a	1	2	37516
75.05	n/a	1	2	37525
75.066	n/a	1	2	37533
75.082	n/a	0	1	37541
75.1	n/a	0	1	37550
75.116	n/a	0	1	37558
75.132	n/a	0	1	37566
75.15	n/a	0	1	37575
75.166	n/a	0	1	37583
75.182	n/a	0	1	37591
75.2	n/a	0	1	37600
75.216	n/a	0	1	37608
75.232	n/a	0	1	37616
75.25	n/a	0	1	37625
75.266	n/a	0	1	37633
75.282	n/a	0	1	37641
75.3	n/a	0	1	37650
75.316	n/a	0	1	37658
75.332	n/a	0	1	37666
75.35	n/a	0	1	37675
75.366	n/a	0	1	37683
75.382	n/a	0	1	37691
75.4	n/a	0	1	37700
75.416	n/a	0	1	37708
75.432	n/a	0	1	37716
75.45	n/a	1	2	37725
75.466	n/a	1	2	37733
75.482	n/a	1	2	37741
75.5	n/a	1	2	37750
76.982	n/a	0	1	38491
77.0	n/a	1	2	38500
77.016	n/a	1	2	38508
77.032	n/a	1	2	38516
77.05	n/a	1	2	38525
77.066	n/a	0	1	38533
77.082	n/a	0	1	38541
77.1	n/a	0	1	38550
77.116	n/a	0	1	38558
77.132	n/a	0	1	38566
77.15	n/a	0	1	38575
77.166	n/a	0	1	38583
77.182	n/a	0	1	38591
77.2	n/a	0	1	38600
77.216	n/a	0	1	38608
77.232	n/a	0	1	38616
77.25	n/a	0	1	38625
77.266	n/a	0	1	38633
77.282	n/a	0	1	38641
77.3	n/a	0	1	38650
77.316	n/a	0	1	38658
77.332	n/a	0	1	38666
77.35	n/a	0	1	38675
77.366	n/a	0	1	38683
77.382	n/a	0	1	38691
77.4	n/a	0	1	38700
77.416	n/a	0	1	38708
77.432	n/a	0	1	38716
77.45	n/a	0	1	38725
77.466	n/a	0	1	38733
77.482	n/a	1	2	38741
77.5	n/a	1	2	38750
77.516	n/a	1	2	38758
77.532	n/a	1	2	38766
77.55	n/a	0	1	38775
77.566	n/a	0	1	38783
77.582	n/a	0	1	38791
77.6	n/a	0	1	38800
77.616	n/a	0	1	38808
77.632	n/a	0	1	38816
77.65	n/a	0	1	38825
77.666	n/a	0	1	38833
77.682	n/a	0	1	38841
77.7	n/a	0	1	38850
77.716	n/a	0	1	38858
77.732	n/a	0	1	38866
77.75	n/a	0	1	38875
77.766	n/a	0	1	38883
77.782	n/a	0	1	38891
77.8	n/a	0	1	38900
77.816	n/a	0	1	38908
77.832	n/a	0	1	38916
77.85	n/a	0	1	38925
77.866	n/a	0	1	38933
77.882	n/a	0	1	38941
77.9	n/a	0	1	38950
77.916	n/a	0	1	38958
77.932	n/a	0	1	38966
77.95	n/a	1	2	38975
77.966	n/a	1	2	38983
77.982	n/a	1	2	38991
78.0	n/a	1	2	39000
78.016	n/a	0	1	39008
78.032	n/a	0	1	39016
78.05	n/a	0	1	39025
78.066	n/a	0	1	39033
78.082	n/a	0	1	39041
78.1	n/a	0	1	39050
78.116	n/a	0	1	39058
78.132	n/a	0	1	39066
78.15	n/a	0	1	39075
78.166	n/a	0	1	39083
78.182	n/a	0	1	39091
78.2	n/a	0	1	39100
78.216	n/a	0	1	39108
78.232	n/a	0	1	39116
78.25	n/a	0	1	39125
78.266	n/a	0	1	39133
78.282	n/a	0	1	39141
78.3	n/a	0	1	39150
78.316	n/a	0	1	39158
78.332	n/a	0	1	39166
78.35	n/a	0	1	39175
78.366	n/a	1	2	39183
78.382	n/a	1	2	39191
78.4	n/a	1	2	39200
78.416	n/a	1	2	39208
78.432	n/a	0	1	39216
78.45	n/a	0	1	39225
78.466	n/a	0	1	39233
78.482	n/a	0	1	39241
78.5	n/a	0	1	39250
78.516	n/a	0	1	39258
78.532	n/a	0	1	39266
78.55	n/a	0	1	39275
78.566	n/a	0	1	39283
78.582	n/a	0	1	39291
78.6	n/a	0	1	39300
78.616	n/a	0	1	39308
78.632	n/a	0	1	39316
78.65	n/a	0	1	39325
78.666	n/a	0	1	39333
78.682	n/a	0	1	39341
78.7	n/a	0	1	39350
78.716	n/a	0	1	39358
78.732	n/a	0	1	39366
78.75	n/a	0	1	39375
78.766	n/a	0	1	39383
78.782	n/a	0	1	39391
78.8	n/a	1	2	39400
78.816	n/a	1	2	39408
78.832	n/a	1	2	39416
78.85	n/a	1	2	39425
78.866	n/a	0	1	39433
78.882	n/a	0	1	39441
78.9	n/a	0	1	39450
78.916	n/a	0	1	39458
80.4	n/a	0	1	40200
80.416	n/a	0	1	40208
80.432	n/a	0	1	40216
80.45	n/a	0	1	40225
80.466	n/a	0	1	40233
80.482	n/a	0	1	40241
80.5	n/a	0	1	40250
80.516	n/a	0	1	40258
80.532	n/a	0	1	40266
80.55	n/a	0	1	40275
80.566	n/a	0	1	40283
80.582	n/a	0	1	40291
80.6	n/a	0	1	40300
80.616	n/a	0	1	40308
80.632	n/a	0	1	40316
80.65	n/a	0	1	40325
80.666	n/a	0	1	40333
80.682	n/a	0	1	40341
80.7	n/a	1	2	40350
80.716	n/a	1	2	40358
80.732	n/a	1	2	40366
80.75	n/a	1	2	40375
80.766	n/a	0	1	40383
80.782	n/a	0	1	40391
80.8	n/a	0	1	40400
80.816	n/a	0	1	40408
80.832	n/a	0	1	40416
80.85	n/a	0	1	40425
80.866	n/a	0	1	40433
80.882	n/a	0	1	40441
80.9	n/a	0	1	40450
80.916	n/a	0	1	40458
80.932	n/a	0	1	40466
80.95	n/a	0	1	40475
80.966	n/a	0	1	40483
80.982	n/a	0	1	40491
81.0	n/a	0	1	40500
81.016	n/a	0	1	40508
81.032	n/a	0	1	40516
81.05	n/a	0	1	40525
81.066	n/a	0	1	40533
81.082	n/a	0	1	40541
81.1	n/a	1	2	40550
81.116	n/a	1	2	40558
81.132	n/a	1	2	40566
81.15	n/a	1	2	40575
81.166	n/a	0	1	40583
81.182	n/a	0	1	40591
81.2	n/a	0	1	40600
81.216	n/a	0	1	40608
81.232	n/a	0	1	40616
81.25	n/a	0	1	40625
81.266	n/a	0	1	40633
81.282	n/a	0	1	40641
81.3	n/a	0	1	40650
81.316	n/a	0	1	40658
81.332	n/a	0	1	40666
81.35	n/a	0	1	40675
81.366	n/a	0	1	40683
81.382	n/a	1	2	40691
81.4	n/a	1	2	40700
81.416	n/a	1	2	40708
81.432	n/a	1	2	40716
81.45	n/a	0	1	40725
81.466	n/a	0	1	40733
81.482	n/a	0	1	40741
81.5	n/a	0	1	40750
81.516	n/a	0	1	40758
81.532	n/a	0	1	40766
81.55	n/a	0	1	40775
81.566	n/a	0	1	40783
81.582	n/a	0	1	40791
81.6	n/a	0	1	40800
81.616	n/a	0	1	40808
81.632	n/a	0	1	40816
81.65	n/a	0	1	40825
81.666	n/a	0	1	40833
81.682	n/a	0	1	40841
81.7	n/a	0	1	40850
81.716	n/a	0	1	40858
81.732	n/a	0	1	40866
81.75	n/a	1	2	40875
81.766	n/a	1	2	40883
81.782	n/a	1	2	40891
81.8	n/a	1	2	40900
81.816	n/a	0	1	40908
81.832	n/a	0	1	40916
81.85	n/a	0	1	40925
81.866	n/a	0	1	40933
81.882	n/a	0	1	40941
81.9	n/a	0	1	40950
81.916	n/a	0	1	40958
81.932	n/a	0	1	40966
81.95	n/a	0	1	40975
81.966	n/a	0	1	40983
81.982	n/a	0	1	40991
82.0	n/a	0	1	41000
82.016	n/a	0	1	41008
82.032	n/a	0	1	41016
82.05	n/a	0	1	41025
82.066	n/a	0	1	41033
82.082	n/a	0	1	41041
82.1	n/a	0	1	41050
82.116	n/a	0	1	41058
82.132	n/a	0	1	41066
82.15	n/a	0	1	41075
82.166	n/a	0	1	41083
82.182	n/a	0	1	41091
82.2	n/a	0	1	41100
82.216	n/a	1	2	41108
82.232	n/a	1	2	41116
82.25	n/a	1	2	41125
82.266	n/a	1	2	41133
82.282	n/a	0	1	41141
82.3	n/a	0	1	41150
82.316	n/a	0	1	41158
82.332	n/a	0	1	41166
83.816	n/a	0	1	41908
83.832	n/a	0	1	41916
83.85	n/a	0	1	41925
83.866	n/a	0	1	41933
83.882	n/a	0	1	41941
83.9	n/a	0	1	41950
83.916	n/a	0	1	41958
83.932	n/a	0	1	41966
83.95	n/a	0	1	41975
83.966	n/a	0	1	41983
83.982	n/a	0	1	41991
84.0	n/a	0	1	42000
84.016	n/a	0	1	42008
84.032	n/a	0	1	42016
84.05	n/a	0	1	42025
84.066	n/a	0	1	42033
84.082	n/a	0	1	42041
84.1	n/a	0	1	42050
84.116	n/a	0	1	42058
84.132	n/a	0	1	42066
84.15	n/a	0	1	42075
84.166	n/a	0	1	42083
84.182	n/a	0	1	42091
84.2	n/a	1	2	42100
84.216	n/a	1	2	42108
84.232	n/a	1	2	42116
84.25	n/a	1	2	42125
84.266	n/a	0	1	42133
84.282	n/a	0	1	42141
84.3	n/a	0	1	42150
84.316	n/a	0	1	42158
84.332	n/a	0	1	42166
84.35	n/a	0	1	42175
84.366	n/a	0	1	42183
84.382	n/a	0	1	42191
84.4	n/a	0	1	42200
84.416	n/a	0	1	42208
84.432	n/a	0	1	42216
84.45	n/a	0	1	42225
84.466	n/a	0	1	42233
84.482	n/a	0	1	42241
84.5	n/a	0	1	42250
84.516	n/a	0	1	42258
84.532	n/a	0	1	42266
84.55	n/a	0	1	42275
84.566	n/a	0	1	42283
84.582	n/a	1	2	42291
84.6	n/a	1	2	42300
84.616	n/a	1	2	42308
84.632	n/a	1	2	42316
84.65	n/a	0	1	42325
84.666	n/a	0	1	42333
84.682	n/a	0	1	42341
84.7	n/a	0	1	42350
84.716	n/a	0	1	42358
84.732	n/a	0	1	42366
84.75	n/a	0	1	42375
84.766	n/a	0	1	42383
84.782	n/a	0	1	42391
84.8	n/a	0	1	42400
84.816	n/a	0	1	42408
84.832	n/a	0	1	42416
84.85	n/a	0	1	42425
84.866	n/a	0	1	42433
84.882	n/a	1	2	42441
84.9	n/a	1	2	42450
84.916	n/a	1	2	42458
84.932	n/a	1	2	42466
84.95	n/a	0	1	42475
84.966	n/a	0	1	42483
84.982	n/a	0	1	42491
85.0	n/a	0	1	42500
85.016	n/a	0	1	42508
85.032	n/a	0	1	42516
85.05	n/a	0	1	42525
85.066	n/a	0	1	42533
85.082	n/a	0	1	42541
85.1	n/a	0	1	42550
85.116	n/a	0	1	42558
85.132	n/a	0	1	42566
85.15	n/a	0	1	42575
85.166	n/a	1	2	42583
85.182	n/a	1	2	42591
85.2	n/a	1	2	42600
85.216	n/a	1	2	42608
85.232	n/a	0	1	42616
85.25	n/a	0	1	42625
85.266	n/a	0	1	42633
85.282	n/a	0	1	42641
85.3	n/a	0	1	42650
85.316	n/a	0	1	42658
85.332	n/a	0	1	42666
85.35	n/a	0	1	42675
85.366	n/a	0	1	42683
85.382	n/a	0	1	42691
85.4	n/a	0	1	42700
85.416	n/a	0	1	42708
85.432	n/a	0	1	42716
85.45	n/a	0	1	42725
85.466	n/a	0	1	42733
85.482	n/a	0	1	42741
85.5	n/a	1	2	42750
85.516	n/a	1	2	42758
85.532	n/a	1	2	42766
85.55	n/a	1	2	42775
85.566	n/a	0	1	42783
85.582	n/a	0	1	42791
85.6	n/a	0	1	42800
85.616	n/a	0	1	42808
85.632	n/a	0	1	42816
85.65	n/a	0	1	42825
85.666	n/a	0	1	42833
85.682	n/a	0	1	42841
85.7	n/a	0	1	42850
85.716	n/a	0	1	42858
85.732	n/a	0	1	42866
85.75	n/a	0	1	42875
87.916	n/a	0	1	43958
87.932	n/a	0	1	43966
87.95	n/a	0	1	43975
87.966	n/a	0	1	43983
87.982	n/a	0	1	43991
88.0	n/a	0	1	44000
88.016	n/a	0	1	44008
88.032	n/a	0	1	44016
88.05	n/a	0	1	44025
88.066	n/a	0	1	44033
88.082	n/a	0	1	44041
88.1	n/a	0	1	44050
88.116	n/a	0	1	44058
88.132	n/a	0	1	44066
88.15	n/a	0	1	44075
88.166	n/a	1	2	44083
88.182	n/a	1	2	44091
88.2	n/a	1	2	44100
88.216	n/a	1	2	44108
88.232	n/a	0	1	44116
88.25	n/a	0	1	44125
88.266	n/a	0	1	44133
88.282	n/a	0	1	44141
88.3	n/a	0	1	44150
88.316	n/a	0	1	44158
88.332	n/a	0	1	44166
88.35	n/a	0	1	44175
88.366	n/a	0	1	44183
88.382	n/a	0	1	44191
88.4	n/a	0	1	44200
88.416	n/a	0	1	44208
88.432	n/a	0	1	44216
88.45	n/a	0	1	44225
88.466	n/a	0	1	44233
88.482	n/a	0	1	44241
88.5	n/a	0	1	44250
88.516	n/a	0	1	44258
88.532	n/a	0	1	44266
88.55	n/a	0	1	44275
88.566	n/a	0	1	44283
88.582	n/a	0	1	44291
88.6	n/a	1	2	44300
88.616	n/a	1	2	44308
88.632	n/a	1	2	44316
88.65	n/a	1	2	44325
88.666	n/a	0	1	44333
88.682	n/a	0	1	44341
88.7	n/a	0	1	44350
88.716	n/a	0	1	44358
88.732	n/a	0	1	44366
88.75	n/a	0	1	44375
88.766	n/a	0	1	44383
88.782	n/a	0	1	44391
88.8	n/a	0	1	44400
88.816	n/a	0	1	44408
88.832	n/a	0	1	44416
88.85	n/a	0	1	44425
88.866	n/a	0	1	44433
88.882	n/a	0	1	44441
88.9	n/a	0	1	44450
88.916	n/a	0	1	44458
88.932	n/a	0	1	44466
88.95	n/a	0	1	44475
88.966	n/a	0	1	44483
88.982	n/a	0	1	44491
89.0	n/a	0	1	44500
89.016	n/a	0	1	44508
89.032	n/a	0	1	44516
89.05	n/a	0	1	44525
89.066	n/a	1	2	44533
89.082	n/a	1	2	44541
89.1	n/a	1	2	44550
89.116	n/a	1	2	44558
89.132	n/a	0	1	44566
89.15	n/a	0	1	44575
89.166	n/a	0	1	44583
89.182	n/a	0	1	44591
89.2	n/a	0	1	44600
89.216	n/a	0	1	44608
89.232	n/a	0	1	44616
89.25	n/a	0	1	44625
89.266	n/a	0	1	44633
89.282	n/a	0	1	44641
89.3	n/a	0	1	44650
89.316	n/a	0	1	44658
89.332	n/a	0	1	44666
89.35	n/a	0	1	44675
89.366	n/a	1	2	44683
89.382	n/a	1	2	44691
89.4	n/a	1	2	44700
89.416	n/a	1	2	44708
89.432	n/a	0	1	44716
89.45	n/a	0	1	44725
89.466	n/a	0	1	44733
89.482	n/a	0	1	44741
89.5	n/a	0	1	44750
89.516	n/a	0	1	44758
89.532	n/a	0	1	44766
89.55	n/a	0	1	44775
89.566	n/a	0	1	44783
89.582	n/a	0	1	44791
89.6	n/a	0	1	44800
89.616	n/a	0	1	44808
89.632	n/a	0	1	44816
89.65	n/a	0	1	44825
89.666	n/a	0	1	44833
89.682	n/a	0	1	44841
89.7	n/a	0	1	44850
89.716	n/a	0	1	44858
89.732	n/a	0	1	44866
89.75	n/a	0	1	44875
89.766	n/a	0	1	44883
89.782	n/a	0	1	44891
89.8	n/a	1	2	44900
89.816	n/a	1	2	44908
89.832	n/a	1	2	44916
89.85	n/a	1	2	44925
91.332	n/a	0	1	45666
91.35	n/a	0	1	45675
91.366	n/a	0	1	45683
91.382	n/a	0	1	45691
91.4	n/a	0	1	45700
91.416	n/a	0	1	45708
91.432	n/a	0	1	45716
91.45	n/a	0	1	45725
91.466	n/a	0	1	45733
91.482	n/a	0	1	45741
91.5	n/a	0	1	45750
91.516	n/a	0	1	45758
91.532	n/a	0	1	45766
91.55	n/a	0	1	45775
91.566	n/a	0	1	45783
91.582	n/a	0	1	45791
91.6	n/a	0	1	45800
91.616	n/a	0	1	45808
91.632	n/a	1	2	45816
91.65	n/a	1	2	45825
91.666	n/a	1	2	45833
91.682	n/a	1	2	45841
91.7	n/a	0	1	45850
91.716	n/a	0	1	45858
91.732	n/a	0	1	45866
91.75	n/a	0	1	45875
91.766	n/a	0	1	45883
91.782	n/a	0	1	45891
91.8	n/a	0	1	45900
91.816	n/a	0	1	45908
91.832	n/a	0	1	45916
91.85	n/a	0	1	45925
91.866	n/a	0	1	45933
91.882	n/a	0	1	45941
91.9	n/a	0	1	45950
91.916	n/a	0	1	45958
91.932	n/a	0	1	45966
91.95	n/a	0	1	45975
91.966	n/a	0	1	45983
91.982	n/a	0	1	45991
92.0	n/a	0	1	46000
92.016	n/a	0	1	46008
92.032	n/a	1	2	46016
92.05	n/a	1	2	46025
92.066	n/a	1	2	46033
92.082	n/a	1	2	46041
92.1	n/a	0	1	46050
92.116	n/a	0	1	46058
92.132	n/a	0	1	46066
92.15	n/a	0	1	46075
92.166	n/a	0	1	46083
92.182	n/a	0	1	46091
92.2	n/a	0	1	46100
92.216	n/a	0	1	46108
92.232	n/a	0	1	46116
92.25	n/a	0	1	46125
92.266	n/a	0	1	46133
92.282	n/a	0	1	46141
92.3	n/a	0	1	46150
92.316	n/a	1	2	46158
92.332	n/a	1	2	46166
92.35	n/a	1	2	46175
92.366	n/a	1	2	46183
92.382	n/a	0	1	46191
92.4	n/a	0	1	46200
92.416	n/a	0	1	46208
92.432	n/a	0	1	46216
92.45	n/a	0	1	46225
92.466	n/a	0	1	46233
92.482	n/a	0	1	46241
92.5	n/a	0	1	46250
92.516	n/a	0	1	46258
92.532	n/a	0	1	46266
92.55	n/a	0	1	46275
92.566	n/a	0	1	46283
92.582	n/a	0	1	46291
92.6	n/a	0	1	46300
92.616	n/a	0	1	46308
92.632	n/a	0	1	46316
92.65	n/a	0	1	46325
92.666	n/a	0	1	46333
92.682	n/a	1	2	46341
92.7	n/a	1	2	46350
92.716	n/a	1	2	46358
92.732	n/a	1	2	46366
92.75	n/a	0	1	46375
92.766	n/a	0	1	46383
92.782	n/a	0	1	46391
92.8	n/a	0	1	46400
92.816	n/a	0	1	46408
92.832	n/a	0	1	46416
92.85	n/a	0	1	46425
92.866	n/a	0	1	46433
92.882	n/a	0	1	46441
92.9	n/a	0	1	46450
92.916	n/a	0	1	46458
92.932	n/a	0	1	46466
92.95	n/a	0	1	46475
92.966	n/a	0	1	46483
92.982	n/a	0	1	46491
93.0	n/a	0	1	46500
93.016	n/a	0	1	46508
93.032	n/a	0	1	46516
93.05	n/a	0	1	46525
93.066	n/a	0	1	46533
93.082	n/a	0	1	46541
93.1	n/a	0	1	46550
93.116	n/a	0	1	46558
93.132	n/a	0	1	46566
93.15	n/a	1	2	46575
93.166	n/a	1	2	46583
93.182	n/a	1	2	46591
93.2	n/a	1	2	46600
93.216	n/a	0	1	46608
93.232	n/a	0	1	46616
93.25	n/a	0	1	46625
93.266	n/a	0	1	46633
94.75	n/a	0	1	47375
94.766	n/a	0	1	47383
94.782	n/a	0	1	47391
94.8	n/a	0	1	47400
94.816	n/a	0	1	47408
94.832	n/a	0	1	47416
94.85	n/a	0	1	47425
94.866	n/a	0	1	47433
94.882	n/a	0	1	47441
94.9	n/a	0	1	47450
94.916	n/a	0	1	47458
94.932	n/a	0	1	47466
94.95	n/a	0	1	47475
94.966	n/a	0	1	47483
94.982	n/a	0	1	47491
95.0	n/a	0	1	47500
95.016	n/a	0	1	47508
95.032	n/a	0	1	47516
95.05	n/a	0	1	47525
95.066	n/a	0	1	47533
95.082	n/a	0	1	47541
95.1	n/a	0	1	47550
95.116	n/a	0	1	47558
95.132	n/a	1	2	47566
95.15	n/a	1	2	47575
95.166	n/a	1	2	47583
95.182	n/a	1	2	47591
95.2	n/a	0	1	47600
95.216	n/a	0	1	47608
95.232	n/a	0	1	47616
95.25	n/a	0	1	47625
95.266	n/a	0	1	47633
95.282	n/a	0	1	47641
95.3	n/a	0	1	47650
95.316	n/a	0	1	47658
95.332	n/a	0	1	47666
95.35	n/a	0	1	47675
95.366	n/a	0	1	47683
95.382	n/a	0	1	47691
95.4	n/a	0	1	47700
95.416	n/a	0	1	47708
95.432	n/a	0	1	47716
95.45	n/a	0	1	47725
95.466	n/a	0	1	47733
95.482	n/a	0	1	47741
95.5	n/a	0	1	47750
95.516	n/a	1	2	47758
95.532	n/a	1	2	47766
95.55	n/a	1	2	47775
95.566	n/a	1	2	47783
95.582	n/a	0	1	47791
95.6	n/a	0	1	47800
95.616	n/a	0	1	47808
95.632	n/a	0	1	47816
95.65	n/a	0	1	47825
95.666	n/a	0	1	47833
95.682	n/a	0	1	47841
95.7	n/a	0	1	47850
95.716	n/a	0	1	47858
95.732	n/a	0	1	47866
95.75	n/a	0	1	47875
95.766	n/a	0	1	47883
95.782	n/a	0	1	47891
95.8	n/a	0	1	47900
95.816	n/a	1	2	47908
95.832	n/a	1	2	47916
95.85	n/a	1	2	47925
95.866	n/a	1	2	47933
95.882	n/a	0	1	47941
95.9	n/a	0	1	47950
95.916	n/a	0	1	47958
95.932	n/a	0	1	47966
95.95	n/a	0	1	47975
95.966	n/a	0	1	47983
95.982	n/a	0	1	47991
96.0	n/a	0	1	48000
96.016	n/a	0	1	48008
96.032	n/a	0	1	48016
96.05	n/a	0	1	48025
96.066	n/a	0	1	48033
96.082	n/a	0	1	48041
96.1	n/a	1	2	48050
96.116	n/a	1	2	48058
96.132	n/a	1	2	48066
96.15	n/a	1	2	48075
96.166	n/a	0	1	48083
96.182	n/a	0	1	48091
96.2	n/a	0	1	48100
96.216	n/a	0	1	48108
96.232	n/a	0	1	48116
96.25	n/a	0	1	48125
96.266	n/a	0	1	48133
96.282	n/a	0	1	48141
96.3	n/a	0	1	48150
96.316	n/a	0	1	48158
96.332	n/a	0	1	48166
96.35	n/a	0	1	48175
96.366	n/a	0	1	48183
96.382	n/a	0	1	48191
96.4	n/a	0	1	48200
96.416	n/a	0	1	48208
96.432	n/a	1	2	48216
96.45	n/a	1	2	48225
96.466	n/a	1	2	48233
96.482	n/a	1	2	48241
96.5	n/a	0	1	48250
96.516	n/a	0	1	48258
96.532	n/a	0	1	48266
96.55	n/a	0	1	48275
96.566	n/a	0	1	48283
96.582	n/a	0	1	48291
96.6	n/a	0	1	48300
96.616	n/a	0	1	48308
96.632	n/a	0	1	48316
96.65	n/a	0	1	48325
96.666	n/a	0	1	48333
96.682	n/a	0	1	48341
98.166	n/a	0	1	49083
98.182	n/a	1	2	49091
98.2	n/a	1	2	49100
98.216	n/a	1	2	49108
98.232	n/a	1	2	49116
98.25	n/a	0	1	49125
98.266	n/a	0	1	49133
98.282	n/a	0	1	49141
98.3	n/a	0	1	49150
98.316	n/a	0	1	49158
98.332	n/a	0	1	49166
98.35	n/a	0	1	49175
98.366	n/a	0	1	49183
98.382	n/a	0	1	49191
98.4	n/a	0	1	49200
98.416	n/a	0	1	49208
98.432	n/a	0	1	49216
98.45	n/a	0	1	49225
98.466	n/a	0	1	49233
98.482	n/a	0	1	49241
98.5	n/a	0	1	49250
98.516	n/a	0	1	49258
98.532	n/a	0	1	49266
98.55	n/a	0	1	49275
98.566	n/a	0	1	49283
98.582	n/a	0	1	49291
98.6	n/a	0	1	49300
98.616	n/a	0	1	49308
98.632	n/a	0	1	49316
98.65	n/a	0	1	49325
98.666	n/a	1	2	49333
98.682	n/a	1	2	49341
98.7	n/a	1	2	49350
98.716	n/a	1	2	49358
98.732	n/a	0	1	49366
98.75	n/a	0	1	49375
98.766	n/a	0	1	49383
98.782	n/a	0	1	49391
98.8	n/a	0	1	49400
98.816	n/a	0	1	49408
98.832	n/a	0	1	49416
98.85	n/a	0	1	49425
98.866	n/a	0	1	49433
98.882	n/a	0	1	49441
98.9	n/a	0	1	49450
98.916	n/a	0	1	49458
98.932	n/a	0	1	49466
98.95	n/a	0	1	49475
98.966	n/a	0	1	49483
98.982	n/a	0	1	49491
99.0	n/a	0	1	49500
99.016	n/a	0	1	49508
99.032	n/a	0	1	49516
99.05	n/a	0	1	49525
99.066	n/a	0	1	49533
99.082	n/a	0	1	49541
99.1	n/a	0	1	49550
99.116	n/a	0	1	49558
99.132	n/a	1	2	49566
99.15	n/a	1	2	49575
99.166	n/a	1	2	49583
99.182	n/a	1	2	49591
99.2	n/a	0	1	49600
99.216	n/a	0	1	49608
99.232	n/a	0	1	49616
99.25	n/a	0	1	49625
99.266	n/a	0	1	49633
99.282	n/a	0	1	49641
99.3	n/a	0	1	49650
99.316	n/a	0	1	49658
99.332	n/a	0	1	49666
99.35	n/a	0	1	49675
99.366	n/a	0	1	49683
99.382	n/a	0	1	49691
99.4	n/a	0	1	49700
99.416	n/a	0	1	49708
99.432	n/a	0	1	49716
99.45	n/a	0	1	49725
99.466	n/a	0	1	49733
99.482	n/a	0	1	49741
99.5	n/a	0	1	49750
99.516	n/a	0	1	49758
99.532	n/a	0	1	49766
99.55	n/a	1	2	49775
99.566	n/a	1	2	49783
99.582	n/a	1	2	49791
99.6	n/a	1	2	49800
99.616	n/a	0	1	49808
99.632	n/a	0	1	49816
99.65	n/a	0	1	49825
99.666	n/a	0	1	49833
99.682	n/a	0	1	49841
99.7	n/a	0	1	49850
99.716	n/a	0	1	49858
99.732	n/a	0	1	49866
99.75	n/a	0	1	49875
99.766	n/a	0	1	49883
99.782	n/a	0	1	49891
99.8	n/a	0	1	49900
99.816	n/a	0	1	49908
99.832	n/a	0	1	49916
99.85	n/a	0	1	49925
99.866	n/a	0	1	49933
99.882	n/a	0	1	49941
99.9	n/a	0	1	49950
99.916	n/a	0	1	49958
99.932	n/a	0	1	49966
99.95	n/a	0	1	49975
99.966	n/a	0	1	49983
99.982	n/a	1	2	49991
100.0	n/a	1	2	50000
100.016	n/a	1	2	50008
100.032	n/a	1	2	50016
100.05	n/a	0	1	50025
100.066	n/a	0	1	50033
100.082	n/a	0	1	50041
100.1	n/a	0	1	50050
102.2	n/a	0	1	51100
102.216	n/a	1	2	51108
102.232	n/a	1	2	51116
102.25	n/a	1	2	51125
102.266	n/a	1	2	51133
102.282	n/a	0	1	51141
102.3	n/a	0	1	51150
102.316	n/a	0	1	51158
102.332	n/a	0	1	51166
102.35	n/a	0	1	51175
102.366	n/a	0	1	51183
102.382	n/a	0	1	51191
102.4	n/a	0	1	51200
102.416	n/a	0	1	51208
102.432	n/a	0	1	51216
102.45	n/a	0	1	51225
102.466	n/a	0	1	51233
102.482	n/a	0	1	51241
102.5	n/a	0	1	51250
102.516	n/a	0	1	51258
102.532	n/a	0	1	51266
102.55	n/a	0	1	51275
102.566	n/a	0	1	51283
102.582	n/a	0	1	51291
102.6	n/a	0	1	51300
102.616	n/a	0	1	51308
102.632	n/a	0	1	51316
102.65	n/a	0	1	51325
102.666	n/a	0	1	51333
102.682	n/a	0	1	51341
102.7	n/a	1	2	51350
102.716	n/a	1	2	51358
102.732	n/a	1	2	51366
102.75	n/a	1	2	51375
102.766	n/a	0	1	51383
102.782	n/a	0	1	51391
102.8	n/a	0	1	51400
102.816	n/a	0	1	51408
102.832	n/a	0	1	51416
102.85	n/a	0	1	51425
102.866	n/a	0	1	51433
102.882	n/a	0	1	51441
102.9	n/a	0	1	51450
102.916	n/a	0	1	51458
102.932	n/a	0	1	51466
102.95	n/a	0	1	51475
102.966	n/a	0	1	51483
102.982	n/a	0	1	51491
103.0	n/a	0	1	51500
103.016	n/a	0	1	51508
103.032	n/a	0	1	51516
103.05	n/a	0	1	51525
103.066	n/a	0	1	51533
103.082	n/a	0	1	51541
103.1	n/a	0	1	51550
103.116	n/a	0	1	51558
103.132	n/a	0	1	51566
103.15	n/a	0	1	51575
103.166	n/a	1	2	51583
103.182	n/a	1	2	51591
103.2	n/a	1	2	51600
103.216	n/a	1	2	51608
103.232	n/a	0	1	51616
103.25	n/a	0	1	51625
103.266	n/a	0	1	51633
103.282	n/a	0	1	51641
103.3	n/a	0	1	51650
103.316	n/a	0	1	51658
103.332	n/a	0	1	51666
103.35	n/a	0	1	51675
103.366	n/a	0	1	51683
103.382	n/a	0	1	51691
103.4	n/a	0	1	51700
103.416	n/a	0	1	51708
103.432	n/a	0	1	51716
103.45	n/a	0	1	51725
103.466	n/a	0	1	51733
103.482	n/a	0	1	51741
103.5	n/a	0	1	51750
103.516	n/a	0	1	51758
103.532	n/a	0	1	51766
103.55	n/a	0	1	51775
103.566	n/a	0	1	51783
103.582	n/a	1	2	51791
103.6	n/a	1	2	51800
103.616	n/a	1	2	51808
103.632	n/a	1	2	51816
103.65	n/a	0	1	51825
103.666	n/a	0	1	51833
103.682	n/a	0	1	51841
103.7	n/a	0	1	51850
103.716	n/a	0	1	51858
103.732	n/a	0	1	51866
103.75	n/a	0	1	51875
103.766	n/a	0	1	51883
103.782	n/a	0	1	51891
103.8	n/a	0	1	51900
103.816	n/a	0	1	51908
103.832	n/a	0	1	51916
103.85	n/a	0	1	51925
103.866	n/a	0	1	51933
103.882	n/a	0	1	51941
103.9	n/a	0	1	51950
103.916	n/a	0	1	51958
103.932	n/a	0	1	51966
103.95	n/a	0	1	51975
103.966	n/a	0	1	51983
103.982	n/a	0	1	51991
104.0	n/a	0	1	52000
104.016	n/a	1	2	52008
104.032	n/a	1	2	52016
104.05	n/a	1	2	52025
104.066	n/a	1	2	52033
104.082	n/a	0	1	52041
104.1	n/a	0	1	52050
104.116	n/a	0	1	52058
104.132	n/a	0	1	52066
105.616	n/a	0	1	52808
105.632	n/a	0	1	52816
105.65	n/a	0	1	52825
105.666	n/a	0	1	52833
105.682	n/a	0	1	52841
105.7	n/a	0	1	52850
105.716	n/a	0	1	52858
105.732	n/a	0	1	52866
105.75	n/a	0	1	52875
105.766	n/a	0	1	52883
105.782	n/a	0	1	52891
105.8	n/a	0	1	52900
105.816	n/a	0	1	52908
105.832	n/a	0	1	52916
105.85	n/a	0	1	52925
105.866	n/a	0	1	52933
105.882	n/a	0	1	52941
105.9	n/a	0	1	52950
105.916	n/a	1	2	52958
105.932	n/a	1	2	52966
105.95	n/a	1	2	52975
105.966	n/a	1	2	52983
105.982	n/a	0	1	52991
106.0	n/a	0	1	53000
106.016	n/a	0	1	53008
106.032	n/a	0	1	53016
106.05	n/a	0	1	53025
106.066	n/a	0	1	53033
106.082	n/a	0	1	53041
106.1	n/a	0	1	53050
106.116	n/a	0	1	53058
106.132	n/a	0	1	53066
106.15	n/a	0	1	53075
106.166	n/a	0	1	53083
106.182	n/a	0	1	53091
106.2	n/a	0	1	53100
106.216	n/a	0	1	53108
106.232	n/a	0	1	53116
106.25	n/a	0	1	53125
106.266	n/a	0	1	53133
106.282	n/a	0	1	53141
106.3	n/a	0	1	53150
106.316	n/a	1	2	53158
106.332	n/a	1	2	53166
106.35	n/a	1	2	53175
106.366	n/a	1	2	53183
106.382	n/a	0	1	53191
106.4	n/a	0	1	53200
106.416	n/a	0	1	53208
106.432	n/a	0	1	53216
106.45	n/a	0	1	53225
106.466	n/a	0	1	53233
106.482	n/a	0	1	53241
106.5	n/a	0	1	53250
106.516	n/a	0	1	53258
106.532	n/a	0	1	53266
106.55	n/a	0	1	53275
106.566	n/a	0	1	53283
106.582	n/a	0	1	53291
106.6	n/a	1	2	53300
106.616	n/a	1	2	53308
106.632	n/a	1	2	53316
106.65	n/a	1	2	53325
106.666	n/a	0	1	53333
106.682	n/a	0	1	53341
106.7	n/a	0	1	53350
106.716	n/a	0	1	53358
106.732	n/a	0	1	53366
106.75	n/a	0	1	53375
106.766	n/a	0	1	53383
106.782	n/a	0	1	53391
106.8	n/a	0	1	53400
106.816	n/a	0	1	53408
106.832	n/a	0	1	53416
106.85	n/a	0	1	53425
106.866	n/a	0	1	53433
106.882	n/a	0	1	53441
106.9	n/a	0	1	53450
106.916	n/a	0	1	53458
106.932	n/a	0	1	53466
106.95	n/a	0	1	53475
106.966	n/a	1	2	53483
106.982	n/a	1	2	53491
107.0	n/a	1	2	53500
107.016	n/a	1	2	53508
107.032	n/a	0	1	53516
107.05	n/a	0	1	53525
107.066	n/a	0	1	53533
107.082	n/a	0	1	53541
107.1	n/a	0	1	53550
107.116	n/a	0	1	53558
107.132	n/a	0	1	53566
107.15	n/a	0	1	53575
107.166	n/a	0	1	53583
107.182	n/a	0	1	53591
107.2	n/a	0	1	53600
107.216	n/a	0	1	53608
107.232	n/a	0	1	53616
107.25	n/a	0	1	53625
107.266	n/a	0	1	53633
107.282	n/a	0	1	53641
107.3	n/a	0	1	53650
107.316	n/a	0	1	53658
107.332	n/a	0	1	53666
107.35	n/a	0	1	53675
107.366	n/a	0	1	53683
107.382	n/a	0	1	53691
107.4	n/a	0	1	53700
107.416	n/a	0	1	53708
107.432	n/a	1	2	53716
107.45	n/a	1	2	53725
107.466	n/a	1	2	53733
107.482	n/a	1	2	53741
107.5	n/a	0	1	53750
107.516	n/a	0	1	53758
107.532	n/a	0	1	53766
107.55	n/a	0	1	53775
109.032	n/a	0	1	54516
109.05	n/a	0	1	54525
109.066	n/a	0	1	54533
109.082	n/a	0	1	54541
109.1	n/a	0	1	54550
109.116	n/a	0	1	54558
109.132	n/a	0	1	54566
109.15	n/a	0	1	54575
109.166	n/a	0	1	54583
109.182	n/a	0	1	54591
109.2	n/a	0	1	54600
109.216	n/a	0	1	54608
109.232	n/a	0	1	54616
109.25	n/a	0	1	54625
109.266	n/a	0	1	54633
109.282	n/a	0	1	54641
109.3	n/a	0	1	54650
109.316	n/a	0	1	54658
109.332	n/a	0	1	54666
109.35	n/a	0	1	54675
109.366	n/a	0	1	54683
109.382	n/a	0	1	54691
109.4	n/a	0	1	54700
109.416	n/a	1	2	54708
109.432	n/a	1	2	54716
109.45	n/a	1	2	54725
109.466	n/a	1	2	54733
109.482	n/a	0	1	54741
109.5	n/a	0	1	54750
109.516	n/a	0	1	54758
109.532	n/a	0	1	54766
109.55	n/a	0	1	54775
109.566	n/a	0	1	54783
109.582	n/a	0	1	54791
109.6	n/a	0	1	54800
109.616	n/a	0	1	54808
109.632	n/a	0	1	54816
109.65	n/a	0	1	54825
109.666	n/a	0	1	54833
109.682	n/a	0	1	54841
109.7	n/a	0	1	54850
109.716	n/a	0	1	54858
109.732	n/a	0	1	54866
109.75	n/a	0	1	54875
109.766	n/a	0	1	54883
109.782	n/a	0	1	54891
109.8	n/a	1	2	54900
109.816	n/a	1	2	54908
109.832	n/a	1	2	54916
109.85	n/a	1	2	54925
109.866	n/a	0	1	54933
109.882	n/a	0	1	54941
109.9	n/a	0	1	54950
109.916	n/a	0	1	54958
109.932	n/a	0	1	54966
109.95	n/a	0	1	54975
109.966	n/a	0	1	54983
109.982	n/a	0	1	54991
110.0	n/a	0	1	55000
110.016	n/a	0	1	55008
110.032	n/a	0	1	55016
110.05	n/a	0	1	55025
110.066	n/a	0	1	55033
110.082	n/a	0	1	55041
110.1	n/a	1	2	55050
110.116	n/a	1	2	55058
110.132	n/a	1	2	55066
110.15	n/a	1	2	55075
110.166	n/a	0	1	55083
110.182	n/a	0	1	55091
110.2	n/a	0	1	55100
110.216	n/a	0	1	55108
110.232	n/a	0	1	55116
110.25	n/a	0	1	55125
110.266	n/a	0	1	55133
110.282	n/a	0	1	55141
110.3	n/a	0	1	55150
110.316	n/a	0	1	55158
110.332	n/a	0	1	55166
110.35	n/a	0	1	55175
110.366	n/a	0	1	55183
110.382	n/a	1	2	55191
110.4	n/a	1	2	55200
110.416	n/a	1	2	55208
110.432	n/a	1	2	55216
110.45	n/a	0	1	55225
110.466	n/a	0	1	55233
110.482	n/a	0	1	55241
110.5	n/a	0	1	55250
110.516	n/a	0	1	55258
110.532	n/a	0	1	55266
110.55	n/a	0	1	55275
110.566	n/a	0	1	55283
110.582	n/a	0	1	55291
110.6	n/a	0	1	55300
110.616	n/a	0	1	55308
110.632	n/a	0	1	55316
110.65	n/a	0	1	55325
110.666	n/a	0	1	55333
110.682	n/a	0	1	55341
110.7	n/a	0	1	55350
110.716	n/a	1	2	55358
110.732	n/a	1	2	55366
110.75	n/a	1	2	55375
110.766	n/a	1	2	55383
110.782	n/a	0	1	55391
110.8	n/a	0	1	55400
110.816	n/a	0	1	55408
110.832	n/a	0	1	55416
110.85	n/a	0	1	55425
110.866	n/a	0	1	55433
110.882	n/a	0	1	55441
110.9	n/a	0	1	55450
110.916	n/a	0	1	55458
110.932	n/a	0	1	55466
110.95	n/a	0	1	55475
110.966	n/a	0	1	55483
112.45	n/a	0	1	56225
112.466	n/a	0	1	56233
112.482	n/a	0	1	56241
112.5	n/a	0	1	56250
112.516	n/a	0	1	56258
112.532	n/a	0	1	56266
112.55	n/a	0	1	56275
112.566	n/a	0	1	56283
112.582	n/a	0	1	56291
112.6	n/a	0	1	56300
112.616	n/a	0	1	56308
112.632	n/a	0	1	56316
112.65	n/a	0	1	56325
112.666	n/a	0	1	56333
112.682	n/a	0	1	56341
112.7	n/a	1	2	56350
112.716	n/a	1	2	56358
112.732	n/a	1	2	56366
112.75	n/a	1	2	56375
112.766	n/a	0	1	56383
112.782	n/a	0	1	56391
112.8	n/a	0	1	56400
112.816	n/a	0	1	56408
112.832	n/a	0	1	56416
112.85	n/a	0	1	56425
112.866	n/a	0	1	56433
112.882	n/a	0	1	56441
112.9	n/a	0	1	56450
112.916	n/a	0	1	56458
112.932	n/a	0	1	56466
112.95	n/a	0	1	56475
112.966	n/a	0	1	56483
112.982	n/a	0	1	56491
113.0	n/a	0	1	56500
113.016	n/a	0	1	56508
113.032	n/a	0	1	56516
113.05	n/a	0	1	56525
113.066	n/a	0	1	56533
113.082	n/a	0	1	56541
113.1	n/a	0	1	56550
113.116	n/a	0	1	56558
113.132	n/a	1	2	56566
113.15	n/a	1	2	56575
113.166	n/a	1	2	56583
113.182	n/a	1	2	56591
113.2	n/a	0	1	56600
113.216	n/a	0	1	56608
113.232	n/a	0	1	56616
113.25	n/a	0	1	56625
113.266	n/a	0	1	56633
113.282	n/a	0	1	56641
113.3	n/a	0	1	56650
113.316	n/a	0	1	56658
113.332	n/a	0	1	56666
113.35	n/a	0	1	56675
113.366	n/a	0	1	56683
113.382	n/a	0	1	56691
113.4	n/a	0	1	56700
113.416	n/a	0	1	56708
113.432	n/a	0	1	56716
113.45	n/a	0	1	56725
113.466	n/a	0	1	56733
113.482	n/a	0	1	56741
113.5	n/a	0	1	56750
113.516	n/a	0	1	56758
113.532	n/a	0	1	56766
113.55	n/a	0	1	56775
113.566	n/a	0	1	56783
113.582	n/a	0	1	56791
113.6	n/a	1	2	56800
113.616	n/a	1	2	56808
113.632	n/a	1	2	56816
113.65	n/a	1	2	56825
113.666	n/a	0	1	56833
113.682	n/a	0	1	56841
113.7	n/a	0	1	56850
113.716	n/a	0	1	56858
113.732	n/a	0	1	56866
113.75	n/a	0	1	56875
113.766	n/a	0	1	56883
113.782	n/a	0	1	56891
113.8	n/a	0	1	56900
113.816	n/a	0	1	56908
113.832	n/a	0	1	56916
113.85	n/a	0	1	56925
113.866	n/a	0	1	56933
113.882	n/a	0	1	56941
113.9	n/a	1	2	56950
113.916	n/a	1	2	56958
113.932	n/a	1	2	56966
113.95	n/a	1	2	56975
113.966	n/a	0	1	56983
113.982	n/a	0	1	56991
114.0	n/a	0	1	57000
114.016	n/a	0	1	57008
114.032	n/a	0	1	57016
114.05	n/a	0	1	57025
114.066	n/a	0	1	57033
114.082	n/a	0	1	57041
114.1	n/a	0	1	57050
114.116	n/a	0	1	57058
114.132	n/a	0	1	57066
114.15	n/a	0	1	57075
114.166	n/a	0	1	57083
114.182	n/a	0	1	57091
114.2	n/a	0	1	57100
114.216	n/a	0	1	57108
114.232	n/a	0	1	57116
114.25	n/a	0	1	57125
114.266	n/a	0	1	57133
114.282	n/a	0	1	57141
114.3	n/a	0	1	57150
114.316	n/a	0	1	57158
114.332	n/a	1	2	57166
114.35	n/a	1	2	57175
114.366	n/a	1	2	57183
114.382	n/a	1	2	57191
116.566	n/a	0	1	58283
116.582	n/a	0	1	58291
116.6	n/a	0	1	58300
116.616	n/a	0	1	58308
116.632	n/a	0	1	58316
116.65	n/a	0	1	58325
116.666	n/a	0	1	58333
116.682	n/a	0	1	58341
116.7	n/a	0	1	58350
116.716	n/a	0	1	58358
116.732	n/a	0	1	58366
116.75	n/a	0	1	58375
116.766	n/a	0	1	58383
116.782	n/a	0	1	58391
116.8	n/a	0	1	58400
116.816	n/a	0	1	58408
116.832	n/a	0	1	58416
116.85	n/a	0	1	58425
116.866	n/a	0	1	58433
116.882	n/a	0	1	58441
116.9	n/a	0	1	58450
116.916	n/a	0	1	58458
116.932	n/a	0	1	58466
116.95	n/a	1	2	58475
116.966	n/a	1	2	58483
116.982	n/a	1	2	58491
117.0	n/a	1	2	58500
117.016	n/a	0	1	58508
117.032	n/a	0	1	58516
117.05	n/a	0	1	58525
117.066	n/a	0	1	58533
117.082	n/a	0	1	58541
117.1	n/a	0	1	58550
117.116	n/a	0	1	58558
117.132	n/a	0	1	58566
117.15	n/a	0	1	58575
117.166	n/a	0	1	58583
117.182	n/a	0	1	58591
117.2	n/a	0	1	58600
117.216	n/a	0	1	58608
117.232	n/a	0	1	58616
117.25	n/a	0	1	58625
117.266	n/a	0	1	58633
117.282	n/a	0	1	58641
117.3	n/a	0	1	58650
117.316	n/a	0	1	58658
117.332	n/a	1	2	58666
117.35	n/a	1	2	58675
117.366	n/a	1	2	58683
117.382	n/a	1	2	58691
117.4	n/a	0	1	58700
117.416	n/a	0	1	58708
117.432	n/a	0	1	58716
117.45	n/a	0	1	58725
117.466	n/a	0	1	58733
117.482	n/a	0	1	58741
117.5	n/a	0	1	58750
117.516	n/a	0	1	58758
117.532	n/a	0	1	58766
117.55	n/a	0	1	58775
117.566	n/a	0	1	58783
117.582	n/a	0	1	58791
117.6	n/a	0	1	58800
117.616	n/a	0	1	58808
117.632	n/a	1	2	58816
117.65	n/a	1	2	58825
117.666	n/a	1	2	58833
117.682	n/a	1	2	58841
117.7	n/a	0	1	58850
117.716	n/a	0	1	58858
117.732	n/a	0	1	58866
117.75	n/a	0	1	58875
117.766	n/a	0	1	58883
117.782	n/a	0	1	58891
117.8	n/a	0	1	58900
117.816	n/a	0	1	58908
117.832	n/a	0	1	58916
117.85	n/a	0	1	58925
117.866	n/a	0	1	58933
117.882	n/a	0	1	58941
117.9	n/a	0	1	58950
117.916	n/a	1	2	58958
117.932	n/a	1	2	58966
117.95	n/a	1	2	58975
117.966	n/a	1	2	58983
117.982	n/a	0	1	58991
118.0	n/a	0	1	59000
118.016	n/a	0	1	59008
118.032	n/a	0	1	59016
118.05	n/a	0	1	59025
118.066	n/a	0	1	59033
118.082	n/a	0	1	59041
118.1	n/a	0	1	59050
118.116	n/a	0	1	59058
118.132	n/a	0	1	59066
118.15	n/a	0	1	59075
118.166	n/a	0	1	59083
118.182	n/a	0	1	59091
118.2	n/a	0	1	59100
118.216	n/a	0	1	59108
118.232	n/a	0	1	59116
118.25	n/a	1	2	59125
118.266	n/a	1	2	59133
118.282	n/a	1	2	59141
118.3	n/a	1	2	59150
118.316	n/a	0	1	59158
118.332	n/a	0	1	59166
118.35	n/a	0	1	59175
118.366	n/a	0	1	59183
118.382	n/a	0	1	59191
118.4	n/a	0	1	59200
118.416	n/a	0	1	59208
118.432	n/a	0	1	59216
118.45	n/a	0	1	59225
118.466	n/a	0	1	59233
118.482	n/a	0	1	59241
118.5	n/a	0	1	59250
119.982	n/a	0	1	59991
120.0	n/a	1	2	60000
120.016	n/a	1	2	60008
120.032	n/a	1	2	60016
120.05	n/a	1	2	60025
120.066	n/a	0	1	60033
120.082	n/a	0	1	60041
120.1	n/a	0	1	60050
120.116	n/a	0	1	60058
120.132	n/a	0	1	60066
120.15	n/a	0	1	60075
120.166	n/a	0	1	60083
120.182	n/a	0	1	60091
120.2	n/a	0	1	60100
120.216	n/a	0	1	60108
120.232	n/a	0	1	60116
120.25	n/a	0	1	60125
120.266	n/a	0	1	60133
120.282	n/a	0	1	60141
120.3	n/a	0	1	60150
120.316	n/a	0	1	60158
120.332	n/a	0	1	60166
120.35	n/a	0	1	60175
120.366	n/a	0	1	60183
120.382	n/a	0	1	60191
120.4	n/a	0	1	60200
120.416	n/a	0	1	60208
120.432	n/a	0	1	60216
120.45	n/a	0	1	60225
120.466	n/a	0	1	60233
120.482	n/a	1	2	60241
120.5	n/a	1	2	60250
120.516	n/a	1	2	60258
120.532	n/a	1	2	60266
120.55	n/a	0	1	60275
120.566	n/a	0	1	60283
120.582	n/a	0	1	60291
120.6	n/a	0	1	60300
120.616	n/a	0	1	60308
120.632	n/a	0	1	60316
120.65	n/a	0	1	60325
120.666	n/a	0	1	60333
120.682	n/a	0	1	60341
120.7	n/a	0	1	60350
120.716	n/a	0	1	60358
120.732	n/a	0	1	60366
120.75	n/a	0	1	60375
120.766	n/a	0	1	60383
120.782	n/a	0	1	60391
120.8	n/a	0	1	60400
120.816	n/a	0	1	60408
120.832	n/a	0	1	60416
120.85	n/a	0	1	60425
120.866	n/a	0	1	60433
120.882	n/a	0	1	60441
120.9	n/a	0	1	60450
120.916	n/a	0	1	60458
120.932	n/a	0	1	60466
120.95	n/a	1	2	60475
120.966	n/a	1	2	60483
120.982	n/a	1	2	60491
121.0	n/a	1	2	60500
121.016	n/a	0	1	60508
121.032	n/a	0	1	60516
121.05	n/a	0	1	60525
121.066	n/a	0	1	60533
121.082	n/a	0	1	60541
121.1	n/a	0	1	60550
121.116	n/a	0	1	60558
121.132	n/a	0	1	60566
121.15	n/a	0	1	60575
121.166	n/a	0	1	60583
121.182	n/a	0	1	60591
121.2	n/a	0	1	60600
121.216	n/a	0	1	60608
121.232	n/a	0	1	60616
121.25	n/a	0	1	60625
121.266	n/a	0	1	60633
121.282	n/a	0	1	60641
121.3	n/a	0	1	60650
121.316	n/a	0	1	60658
121.332	n/a	0	1	60666
121.35	n/a	0	1	60675
121.366	n/a	1	2	60683
121.382	n/a	1	2	60691
121.4	n/a	1	2	60700
121.416	n/a	1	2	60708
121.432	n/a	0	1	60716
121.45	n/a	0	1	60725
121.466	n/a	0	1	60733
121.482	n/a	0	1	60741
121.5	n/a	0	1	60750
121.516	n/a	0	1	60758
121.532	n/a	0	1	60766
121.55	n/a	0	1	60775
121.566	n/a	0	1	60783
121.582	n/a	0	1	60791
121.6	n/a	0	1	60800
121.616	n/a	0	1	60808
121.632	n/a	0	1	60816
121.65	n/a	0	1	60825
121.666	n/a	0	1	60833
121.682	n/a	0	1	60841
121.7	n/a	0	1	60850
121.716	n/a	0	1	60858
121.732	n/a	0	1	60866
121.75	n/a	0	1	60875
121.766	n/a	0	1	60883
121.782	n/a	0	1	60891
121.8	n/a	1	2	60900
121.816	n/a	1	2	60908
121.832	n/a	1	2	60916
121.85	n/a	1	2	60925
121.866	n/a	0	1	60933
121.882	n/a	0	1	60941
121.9	n/a	0	1	60950
121.916	n/a	0	1	60958
123.4	n/a	0	1	61700
123.416	n/a	0	1	61708
123.432	n/a	0	1	61716
123.45	n/a	0	1	61725
123.466	n/a	0	1	61733
123.482	n/a	0	1	61741
123.5	n/a	0	1	61750
123.516	n/a	0	1	61758
123.532	n/a	0	1	61766
123.55	n/a	0	1	61775
123.566	n/a	0	1	61783
123.582	n/a	0	1	61791
123.6	n/a	0	1	61800
123.616	n/a	0	1	61808
123.632	n/a	0	1	61816
123.65	n/a	1	2	61825
123.666	n/a	1	2	61833
123.682	n/a	1	2	61841
123.7	n/a	1	2	61850
123.716	n/a	0	1	61858
123.732	n/a	0	1	61866
123.75	n/a	0	1	61875
123.766	n/a	0	1	61883
123.782	n/a	0	1	61891
123.8	n/a	0	1	61900
123.816	n/a	0	1	61908
123.832	n/a	0	1	61916
123.85	n/a	0	1	61925
123.866	n/a	0	1	61933
123.882	n/a	0	1	61941
123.9	n/a	0	1	61950
123.916	n/a	0	1	61958
123.932	n/a	0	1	61966
123.95	n/a	0	1	61975
123.966	n/a	0	1	61983
123.982	n/a	0	1	61991
124.0	n/a	0	1	62000
124.016	n/a	0	1	62008
124.032	n/a	0	1	62016
124.05	n/a	0	1	62025
124.066	n/a	0	1	62033
124.082	n/a	1	2	62041
124.1	n/a	1	2	62050
124.116	n/a	1	2	62058
124.132	n/a	1	2	62066
124.15	n/a	0	1	62075
124.166	n/a	0	1	62083
124.182	n/a	0	1	62091
124.2	n/a	0	1	62100
124.216	n/a	0	1	62108
124.232	n/a	0	1	62116
124.25	n/a	0	1	62125
124.266	n/a	0	1	62133
124.282	n/a	0	1	62141
124.3	n/a	0	1	62150
124.316	n/a	0	1	62158
124.332	n/a	0	1	62166
124.35	n/a	0	1	62175
124.366	n/a	0	1	62183
124.382	n/a	0	1	62191
124.4	n/a	0	1	62200
124.416	n/a	0	1	62208
124.432	n/a	0	1	62216
124.45	n/a	0	1	62225
124.466	n/a	0	1	62233
124.482	n/a	0	1	62241
124.5	n/a	0	1	62250
124.516	n/a	0	1	62258
124.532	n/a	0	1	62266
124.55	n/a	1	2	62275
124.566	n/a	1	2	62283
124.582	n/a	1	2	62291
124.6	n/a	1	2	62300
124.616	n/a	0	1	62308
124.632	n/a	0	1	62316
124.65	n/a	0	1	62325
124.666	n/a	0	1	62333
124.682	n/a	0	1	62341
124.7	n/a	0	1	62350
124.716	n/a	0	1	62358
124.732	n/a	0	1	62366
124.75	n/a	0	1	62375
124.766	n/a	0	1	62383
124.782	n/a	0	1	62391
124.8	n/a	0	1	62400
124.816	n/a	0	1	62408
124.832	n/a	0	1	62416
124.85	n/a	1	2	62425
124.866	n/a	1	2	62433
124.882	n/a	1	2	62441
124.9	n/a	1	2	62450
124.916	n/a	0	1	62458
124.932	n/a	0	1	62466
124.95	n/a	0	1	62475
124.966	n/a	0	1	62483
124.982	n/a	0	1	62491
125.0	n/a	0	1	62500
125.016	n/a	0	1	62508
125.032	n/a	0	1	62516
125.05	n/a	0	1	62525
125.066	n/a	0	1	62533
125.082	n/a	0	1	62541
125.1	n/a	0	1	62550
125.116	n/a	0	1	62558
125.132	n/a	0	1	62566
125.15	n/a	0	1	62575
125.166	n/a	0	1	62583
125.182	n/a	0	1	62591
125.2	n/a	0	1	62600
125.216	n/a	0	1	62608
125.232	n/a	0	1	62616
125.25	n/a	0	1	62625
125.266	n/a	0	1	62633
125.282	n/a	1	2	62641
125.3	n/a	1	2	62650
125.316	n/a	1	2	62658
125.332	n/a	1	2	62666
126.816	n/a	0	1	63408
126.832	n/a	0	1	63416
126.85	n/a	0	1	63425
126.866	n/a	0	1	63433
126.882	n/a	0	1	63441
126.9	n/a	0	1	63450
126.916	n/a	0	1	63458
126.932	n/a	0	1	63466
126.95	n/a	0	1	63475
126.966	n/a	0	1	63483
126.982	n/a	0	1	63491
127.0	n/a	0	1	63500
127.016	n/a	0	1	63508
127.032	n/a	0	1	63516
127.05	n/a	0	1	63525
127.066	n/a	0	1	63533
127.082	n/a	0	1	63541
127.1	n/a	0	1	63550
127.116	n/a	1	2	63558
127.132	n/a	1	2	63566
127.15	n/a	1	2	63575
127.166	n/a	1	2	63583
127.182	n/a	0	1	63591
127.2	n/a	0	1	63600
127.216	n/a	0	1	63608
127.232	n/a	0	1	63616
127.25	n/a	0	1	63625
127.266	n/a	0	1	63633
127.282	n/a	0	1	63641
127.3	n/a	0	1	63650
127.316	n/a	0	1	63658
127.332	n/a	0	1	63666
127.35	n/a	0	1	63675
127.366	n/a	0	1	63683
127.382	n/a	0	1	63691
127.4	n/a	0	1	63700
127.416	n/a	0	1	63708
127.432	n/a	0	1	63716
127.45	n/a	0	1	63725
127.466	n/a	0	1	63733
127.482	n/a	0	1	63741
127.5	n/a	0	1	63750
127.516	n/a	1	2	63758
127.532	n/a	1	2	63766
127.55	n/a	1	2	63775
127.566	n/a	1	2	63783
127.582	n/a	0	1	63791
127.6	n/a	0	1	63800
127.616	n/a	0	1	63808
127.632	n/a	0	1	63816
127.65	n/a	0	1	63825
127.666	n/a	0	1	63833
127.682	n/a	0	1	63841
127.7	n/a	0	1	63850
127.716	n/a	0	1	63858
127.732	n/a	0	1	63866
127.75	n/a	0	1	63875
127.766	n/a	0	1	63883
127.782	n/a	0	1	63891
127.8	n/a	1	2	63900
127.816	n/a	1	2	63908
127.832	n/a	1	2	63916
127.85	n/a	1	2	63925
127.866	n/a	0	1	63933
127.882	n/a	0	1	63941
127.9	n/a	0	1	63950
127.916	n/a	0	1	63958
127.932	n/a	0	1	63966
127.95	n/a	0	1	63975
127.966	n/a	0	1	63983
127.982	n/a	0	1	63991
128.0	n/a	0	1	64000
128.016	n/a	0	1	64008
128.032	n/a	0	1	64016
128.05	n/a	0	1	64025
128.066	n/a	0	1	64033
128.082	n/a	0	1	64041
128.1	n/a	0	1	64050
128.116	n/a	0	1	64058
128.132	n/a	0	1	64066
128.15	n/a	0	1	64075
128.166	n/a	1	2	64083
128.182	n/a	1	2	64091
128.198	n/a	1	2	64099
128.216	n/a	1	2	64108
128.232	n/a	0	1	64116
128.25	n/a	0	1	64125
128.266	n/a	0	1	64133
128.282	n/a	0	1	64141
128.3	n/a	0	1	64150
128.316	n/a	0	1	64158
128.332	n/a	0	1	64166
128.35	n/a	0	1	64175
128.366	n/a	0	1	64183
128.382	n/a	0	1	64191
128.4	n/a	0	1	64200
128.416	n/a	0	1	64208
128.432	n/a	0	1	64216
128.448	n/a	0	1	64224
128.466	n/a	0	1	64233
128.482	n/a	0	1	64241
128.5	n/a	0	1	64250
128.516	n/a	0	1	64258
128.532	n/a	0	1	64266
128.55	n/a	0	1	64275
128.566	n/a	0	1	64283
128.582	n/a	0	1	64291
128.6	n/a	0	1	64300
128.616	n/a	0	1	64308
128.632	n/a	1	2	64316
128.65	n/a	1	2	64325
128.666	n/a	1	2	64333
128.682	n/a	1	2	64341
128.698	n/a	0	1	64349
128.716	n/a	0	1	64358
128.732	n/a	0	1	64366
128.75	n/a	0	1	64375
130.932	n/a	0	1	65466
130.948	n/a	0	1	65474
130.966	n/a	0	1	65483
130.982	n/a	0	1	65491
131.0	n/a	0	1	65500
131.016	n/a	0	1	65508
131.032	n/a	0	1	65516
131.05	n/a	0	1	65525
131.066	n/a	0	1	65533
131.082	n/a	0	1	65541
131.1	n/a	0	1	65550
131.116	n/a	0	1	65558
131.132	n/a	0	1	65566
131.15	n/a	0	1	65575
131.166	n/a	0	1	65583
131.182	n/a	1	2	65591
131.2	n/a	1	2	65600
131.216	n/a	1	2	65608
131.232	n/a	1	2	65616
131.25	n/a	0	1	65625
131.266	n/a	0	1	65633
131.282	n/a	0	1	65641
131.3	n/a	0	1	65650
131.316	n/a	0	1	65658
131.332	n/a	0	1	65666
131.35	n/a	0	1	65675
131.366	n/a	0	1	65683
131.382	n/a	0	1	65691
131.4	n/a	0	1	65700
131.416	n/a	0	1	65708
131.432	n/a	0	1	65716
131.45	n/a	0	1	65725
131.466	n/a	0	1	65733
131.482	n/a	0	1	65741
131.5	n/a	0	1	65750
131.516	n/a	0	1	65758
131.532	n/a	0	1	65766
131.55	n/a	0	1	65775
131.566	n/a	0	1	65783
131.582	n/a	0	1	65791
131.6	n/a	0	1	65800
131.616	n/a	1	2	65808
131.632	n/a	1	2	65816
131.65	n/a	1	2	65825
131.666	n/a	1	2	65833
131.682	n/a	0	1	65841
131.7	n/a	0	1	65850
131.716	n/a	0	1	65858
131.732	n/a	0	1	65866
131.75	n/a	0	1	65875
131.766	n/a	0	1	65883
131.782	n/a	0	1	65891
131.8	n/a	0	1	65900
131.816	n/a	0	1	65908
131.832	n/a	0	1	65916
131.85	n/a	0	1	65925
131.866	n/a	0	1	65933
131.882	n/a	0	1	65941
131.9	n/a	0	1	65950
131.916	n/a	0	1	65958
131.932	n/a	0	1	65966
131.95	n/a	0	1	65975
131.966	n/a	0	1	65983
131.982	n/a	0	1	65991
132.0	n/a	0	1	66000
132.016	n/a	0	1	66008
132.032	n/a	0	1	66016
132.05	n/a	0	1	66025
132.066	n/a	0	1	66033
132.082	n/a	1	2	66041
132.1	n/a	1	2	66050
132.116	n/a	1	2	66058
132.132	n/a	1	2	66066
132.15	n/a	0	1	66075
132.166	n/a	0	1	66083
132.182	n/a	0	1	66091
132.2	n/a	0	1	66100
132.216	n/a	0	1	66108
132.232	n/a	0	1	66116
132.25	n/a	0	1	66125
132.266	n/a	0	1	66133
132.282	n/a	0	1	66141
132.3	n/a	0	1	66150
132.316	n/a	0	1	66158
132.332	n/a	0	1	66166
132.35	n/a	0	1	66175
132.366	n/a	0	1	66183
132.382	n/a	1	2	66191
132.4	n/a	1	2	66200
132.416	n/a	1	2	66208
132.432	n/a	1	2	66216
132.45	n/a	0	1	66225
132.466	n/a	0	1	66233
132.482	n/a	0	1	66241
132.5	n/a	0	1	66250
132.516	n/a	0	1	66258
132.532	n/a	0	1	66266
132.55	n/a	0	1	66275
132.566	n/a	0	1	66283
132.582	n/a	0	1	66291
132.6	n/a	0	1	66300
132.616	n/a	0	1	66308
132.632	n/a	0	1	66316
132.65	n/a	0	1	66325
132.666	n/a	0	1	66333
132.682	n/a	0	1	66341
132.7	n/a	0	1	66350
132.716	n/a	0	1	66358
132.732	n/a	0	1	66366
132.75	n/a	0	1	66375
132.766	n/a	0	1	66383
132.782	n/a	0	1	66391
132.8	n/a	0	1	66400
132.816	n/a	1	2	66408
132.832	n/a	1	2	66416
132.85	n/a	1	2	66425
132.866	n/a	1	2	66433
134.35	n/a	0	1	67175
134.366	n/a	1	2	67183
134.382	n/a	1	2	67191
134.4	n/a	1	2	67200
134.416	n/a	1	2	67208
134.432	n/a	0	1	67216
134.45	n/a	0	1	67225
134.466	n/a	0	1	67233
134.482	n/a	0	1	67241
134.5	n/a	0	1	67250
134.516	n/a	0	1	67258
134.532	n/a	0	1	67266
134.55	n/a	0	1	67275
134.566	n/a	0	1	67283
134.582	n/a	0	1	67291
134.6	n/a	0	1	67300
134.616	n/a	0	1	67308
134.632	n/a	0	1	67316
134.65	n/a	0	1	67325
134.666	n/a	0	1	67333
134.682	n/a	0	1	67341
134.7	n/a	0	1	67350
134.716	n/a	0	1	67358
134.732	n/a	0	1	67366
134.75	n/a	0	1	67375
134.766	n/a	0	1	67383
134.782	n/a	0	1	67391
134.8	n/a	0	1	67400
134.816	n/a	0	1	67408
134.832	n/a	0	1	67416
134.85	n/a	1	2	67425
134.866	n/a	1	2	67433
134.882	n/a	1	2	67441
134.9	n/a	1	2	67450
134.916	n/a	0	1	67458
134.932	n/a	0	1	67466
134.95	n/a	0	1	67475
134.966	n/a	0	1	67483
134.982	n/a	0	1	67491
135.0	n/a	0	1	67500
135.016	n/a	0	1	67508
135.032	n/a	0	1	67516
135.05	n/a	0	1	67525
135.066	n/a	0	1	67533
135.082	n/a	0	1	67541
135.1	n/a	0	1	67550
135.116	n/a	0	1	67558
135.132	n/a	0	1	67566
135.15	n/a	0	1	67575
135.166	n/a	0	1	67583
135.182	n/a	0	1	67591
135.2	n/a	0	1	67600
135.216	n/a	0	1	67608
135.232	n/a	0	1	67616
135.25	n/a	0	1	67625
135.266	n/a	0	1	67633
135.282	n/a	0	1	67641
135.3	n/a	0	1	67650
135.316	n/a	1	2	67658
135.332	n/a	1	2	67666
135.35	n/a	1	2	67675
135.366	n/a	1	2	67683
135.382	n/a	0	1	67691
135.4	n/a	0	1	67700
135.416	n/a	0	1	67708
135.432	n/a	0	1	67716
135.45	n/a	0	1	67725
135.466	n/a	0	1	67733
135.482	n/a	0	1	67741
135.5	n/a	0	1	67750
135.516	n/a	0	1	67758
135.532	n/a	0	1	67766
135.55	n/a	0	1	67775
135.566	n/a	0	1	67783
135.582	n/a	0	1	67791
135.6	n/a	0	1	67800
135.616	n/a	0	1	67808
135.632	n/a	0	1	67816
135.65	n/a	0	1	67825
135.666	n/a	0	1	67833
135.682	n/a	0	1	67841
135.7	n/a	0	1	67850
135.716	n/a	0	1	67858
135.732	n/a	1	2	67866
135.75	n/a	1	2	67875
135.766	n/a	1	2	67883
135.782	n/a	1	2	67891
135.8	n/a	0	1	67900
135.816	n/a	0	1	67908
135.832	n/a	0	1	67916
135.85	n/a	0	1	67925
135.866	n/a	0	1	67933
135.882	n/a	0	1	67941
135.9	n/a	0	1	67950
135.916	n/a	0	1	67958
135.932	n/a	0	1	67966
135.95	n/a	0	1	67975
135.966	n/a	0	1	67983
135.982	n/a	0	1	67991
136.0	n/a	0	1	68000
136.016	n/a	0	1	68008
136.032	n/a	0	1	68016
136.05	n/a	0	1	68025
136.066	n/a	0	1	68033
136.082	n/a	0	1	68041
136.1	n/a	0	1	68050
136.116	n/a	0	1	68058
136.132	n/a	0	1	68066
136.15	n/a	0	1	68075
136.166	n/a	1	2	68083
136.182	n/a	1	2	68091
136.2	n/a	1	2	68100
136.216	n/a	1	2	68108
136.232	n/a	0	1	68116
136.25	n/a	0	1	68125
136.266	n/a	0	1	68133
136.282	n/a	0	1	68141
137.766	n/a	0	1	68883
137.782	n/a	0	1	68891
137.8	n/a	0	1	68900
137.816	n/a	0	1	68908
137.832	n/a	0	1	68916
137.85	n/a	0	1	68925
137.866	n/a	0	1	68933
137.882	n/a	0	1	68941
137.9	n/a	0	1	68950
137.916	n/a	0	1	68958
137.932	n/a	0	1	68966
137.95	n/a	0	1	68975
137.966	n/a	0	1	68983
137.982	n/a	0	1	68991
138.0	n/a	0	1	69000
138.016	n/a	0	1	69008
138.032	n/a	0	1	69016
138.05	n/a	0	1	69025
138.066	n/a	0	1	69033
138.082	n/a	0	1	69041
138.1	n/a	0	1	69050
138.116	n/a	0	1	69058
138.132	n/a	0	1	69066
138.15	n/a	1	2	69075
138.166	n/a	1	2	69083
138.182	n/a	1	2	69091
138.2	n/a	1	2	69100
138.216	n/a	0	1	69108
138.232	n/a	0	1	69116
138.25	n/a	0	1	69125
138.266	n/a	0	1	69133
138.282	n/a	0	1	69141
138.3	n/a	0	1	69150
138.316	n/a	0	1	69158
138.332	n/a	0	1	69166
138.35	n/a	0	1	69175
138.366	n/a	0	1	69183
138.382	n/a	0	1	69191
138.4	n/a	0	1	69200
138.416	n/a	0	1	69208
138.432	n/a	0	1	69216
138.45	n/a	0	1	69225
138.466	n/a	0	1	69233
138.482	n/a	0	1	69241
138.5	n/a	0	1	69250
138.516	n/a	0	1	69258
138.532	n/a	1	2	69266
138.55	n/a	1	2	69275
138.566	n/a	1	2	69283
138.582	n/a	1	2	69291
138.6	n/a	0	1	69300
138.616	n/a	0	1	69308
138.632	n/a	0	1	69316
138.65	n/a	0	1	69325
138.666	n/a	0	1	69333
138.682	n/a	0	1	69341
138.7	n/a	0	1	69350
138.716	n/a	0	1	69358
138.732	n/a	0	1	69366
138.75	n/a	0	1	69375
138.766	n/a	0	1	69383
138.782	n/a	0	1	69391
138.8	n/a	0	1	69400
138.816	n/a	0	1	69408
138.832	n/a	1	2	69416
138.85	n/a	1	2	69425
138.866	n/a	1	2	69433
138.882	n/a	1	2	69441
138.9	n/a	0	1	69450
138.916	n/a	0	1	69458
138.932	n/a	0	1	69466
138.95	n/a	0	1	69475
138.966	n/a	0	1	69483
138.982	n/a	0	1	69491
139.0	n/a	0	1	69500
139.016	n/a	0	1	69508
139.032	n/a	0	1	69516
139.05	n/a	0	1	69525
139.066	n/a	0	1	69533
139.082	n/a	0	1	69541
139.1	n/a	0	1	69550
139.116	n/a	1	2	69558
139.132	n/a	1	2	69566
139.15	n/a	1	2	69575
139.166	n/a	1	2	69583
139.182	n/a	0	1	69591
139.2	n/a	0	1	69600
139.216	n/a	0	1	69608
139.232	n/a	0	1	69616
139.25	n/a	0	1	69625
139.266	n/a	0	1	69633
139.282	n/a	0	1	69641
139.3	n/a	0	1	69650
139.316	n/a	0	1	69658
139.332	n/a	0	1	69666
139.35	n/a	0	1	69675
139.366	n/a	0	1	69683
139.382	n/a	0	1	69691
139.4	n/a	0	1	69700
139.416	n/a	0	1	69708
139.432	n/a	0	1	69716
139.45	n/a	1	2	69725
139.466	n/a	1	2	69733
139.482	n/a	1	2	69741
139.5	n/a	1	2	69750
139.516	n/a	0	1	69758
139.532	n/a	0	1	69766
139.55	n/a	0	1	69775
139.566	n/a	0	1	69783
139.582	n/a	0	1	69791
139.6	n/a	0	1	69800
139.616	n/a	0	1	69808
139.632	n/a	0	1	69816
139.65	n/a	0	1	69825
139.666	n/a	0	1	69833
139.682	n/a	0	1	69841
139.7	n/a	0	1	69850
141.182	n/a	0	1	70591
141.2	n/a	0	1	70600
141.216	n/a	0	1	70608
141.232	n/a	0	1	70616
141.25	n/a	0	1	70625
141.266	n/a	0	1	70633
141.282	n/a	0	1	70641
141.3	n/a	0	1	70650
141.316	n/a	0	1	70658
141.332	n/a	0	1	70666
141.35	n/a	0	1	70675
141.366	n/a	0	1	70683
141.382	n/a	0	1	70691
141.4	n/a	0	1	70700
141.416	n/a	0	1	70708
141.432	n/a	0	1	70716
141.45	n/a	0	1	70725
141.466	n/a	0	1	70733
141.482	n/a	1	2	70741
141.5	n/a	1	2	70750
141.516	n/a	1	2	70758
141.532	n/a	1	2	70766
141.55	n/a	0	1	70775
141.566	n/a	0	1	70783
141.582	n/a	0	1	70791
141.6	n/a	0	1	70800
141.616	n/a	0	1	70808
141.632	n/a	0	1	70816
141.65	n/a	0	1	70825
141.666	n/a	0	1	70833
141.682	n/a	0	1	70841
141.7	n/a	0	1	70850
141.716	n/a	0	1	70858
141.732	n/a	0	1	70866
141.75	n/a	0	1	70875
141.766	n/a	0	1	70883
141.782	n/a	0	1	70891
141.8	n/a	0	1	70900
141.816	n/a	0	1	70908
141.832	n/a	0	1	70916
141.85	n/a	0	1	70925
141.866	n/a	0	1	70933
141.882	n/a	1	2	70941
141.9	n/a	1	2	70950
141.916	n/a	1	2	70958
141.932	n/a	1	2	70966
141.95	n/a	0	1	70975
141.966	n/a	0	1	70983
141.982	n/a	0	1	70991
142.0	n/a	0	1	71000
142.016	n/a	0	1	71008
142.032	n/a	0	1	71016
142.05	n/a	0	1	71025
142.066	n/a	0	1	71033
142.082	n/a	0	1	71041
142.1	n/a	0	1	71050
142.116	n/a	0	1	71058
142.132	n/a	0	1	71066
142.15	n/a	0	1	71075
142.166	n/a	1	2	71083
142.182	n/a	1	2	71091
142.2	n/a	1	2	71100
142.216	n/a	1	2	71108
142.232	n/a	0	1	71116
142.25	n/a	0	1	71125
142.266	n/a	0	1	71133
142.282	n/a	0	1	71141
142.3	n/a	0	1	71150
142.316	n/a	0	1	71158
142.332	n/a	0	1	71166
142.35	n/a	0	1	71175
142.366	n/a	0	1	71183
142.382	n/a	0	1	71191
142.4	n/a	0	1	71200
142.416	n/a	0	1	71208
142.432	n/a	0	1	71216
142.45	n/a	0	1	71225
142.466	n/a	0	1	71233
142.482	n/a	0	1	71241
142.5	n/a	0	1	71250
142.516	n/a	0	1	71258
142.532	n/a	1	2	71266
142.55	n/a	1	2	71275
142.566	n/a	1	2	71283
142.582	n/a	1	2	71291
142.6	n/a	0	1	71300
142.616	n/a	0	1	71308
142.632	n/a	0	1	71316
142.65	n/a	0	1	71325
142.666	n/a	0	1	71333
142.682	n/a	0	1	71341
142.7	n/a	0	1	71350
142.716	n/a	0	1	71358
142.732	n/a	0	1	71366
142.75	n/a	0	1	71375
142.766	n/a	0	1	71383
142.782	n/a	0	1	71391
142.8	n/a	0	1	71400
142.816	n/a	0	1	71408
142.832	n/a	0	1	71416
142.85	n/a	0	1	71425
142.866	n/a	0	1	71433
142.882	n/a	0	1	71441
142.9	n/a	0	1	71450
142.916	n/a	0	1	71458
142.932	n/a	0	1	71466
142.95	n/a	0	1	71475
142.966	n/a	0	1	71483
142.982	n/a	0	1	71491
143.0	n/a	1	2	71500
143.016	n/a	1	2	71508
143.032	n/a	1	2	71516
143.05	n/a	1	2	71525
143.066	n/a	0	1	71533
143.082	n/a	0	1	71541
143.1	n/a	0	1	71550
143.116	n/a	0	1	71558
145.2	n/a	0	1	72600
145.216	n/a	0	1	72608
145.232	n/a	0	1	72616
145.25	n/a	0	1	72625
145.266	n/a	0	1	72633
145.282	n/a	0	1	72641
145.3	n/a	0	1	72650
145.316	n/a	0	1	72658
145.332	n/a	0	1	72666
145.35	n/a	0	1	72675
145.366	n/a	0	1	72683
145.382	n/a	0	1	72691
145.4	n/a	0	1	72700
145.416	n/a	0	1	72708
145.432	n/a	0	1	72716
145.45	n/a	1	2	72725
145.466	n/a	1	2	72733
145.482	n/a	1	2	72741
145.5	n/a	1	2	72750
145.516	n/a	0	1	72758
145.532	n/a	0	1	72766
145.55	n/a	0	1	72775
145.566	n/a	0	1	72783
145.582	n/a	0	1	72791
145.6	n/a	0	1	72800
145.616	n/a	0	1	72808
145.632	n/a	0	1	72816
145.65	n/a	0	1	72825
145.666	n/a	0	1	72833
145.682	n/a	0	1	72841
145.7	n/a	0	1	72850
145.716	n/a	0	1	72858
145.732	n/a	0	1	72866
145.75	n/a	0	1	72875
145.766	n/a	0	1	72883
145.782	n/a	0	1	72891
145.8	n/a	0	1	72900
145.816	n/a	0	1	72908
145.832	n/a	0	1	72916
145.85	n/a	0	1	72925
145.866	n/a	0	1	72933
145.882	n/a	1	2	72941
145.9	n/a	1	2	72950
145.916	n/a	1	2	72958
145.932	n/a	1	2	72966
145.95	n/a	0	1	72975
145.966	n/a	0	1	72983
145.982	n/a	0	1	72991
146.0	n/a	0	1	73000
146.016	n/a	0	1	73008
146.032	n/a	0	1	73016
146.05	n/a	0	1	73025
146.066	n/a	0	1	73033
146.082	n/a	0	1	73041
146.1	n/a	0	1	73050
146.116	n/a	0	1	73058
146.132	n/a	0	1	73066
146.15	n/a	0	1	73075
146.166	n/a	0	1	73083
146.182	n/a	0	1	73091
146.2	n/a	0	1	73100
146.216	n/a	0	1	73108
146.232	n/a	0	1	73116
146.25	n/a	0	1	73125
146.266	n/a	0	1	73133
146.282	n/a	0	1	73141
146.3	n/a	0	1	73150
146.316	n/a	0	1	73158
146.332	n/a	0	1	73166
146.35	n/a	1	2	73175
146.366	n/a	1	2	73183
146.382	n/a	1	2	73191
146.4	n/a	1	2	73200
146.416	n/a	0	1	73208
146.432	n/a	0	1	73216
146.45	n/a	0	1	73225
146.466	n/a	0	1	73233
146.482	n/a	0	1	73241
146.5	n/a	0	1	73250
146.516	n/a	0	1	73258
146.532	n/a	0	1	73266
146.55	n/a	0	1	73275
146.566	n/a	0	1	73283
146.582	n/a	0	1	73291
146.6	n/a	0	1	73300
146.616	n/a	0	1	73308
146.632	n/a	0	1	73316
146.65	n/a	1	2	73325
146.666	n/a	1	2	73333
146.682	n/a	1	2	73341
146.7	n/a	1	2	73350
146.716	n/a	0	1	73358
146.732	n/a	0	1	73366
146.75	n/a	0	1	73375
146.766	n/a	0	1	73383
146.782	n/a	0	1	73391
146.8	n/a	0	1	73400
146.816	n/a	0	1	73408
146.832	n/a	0	1	73416
146.85	n/a	0	1	73425
146.866	n/a	0	1	73433
146.882	n/a	0	1	73441
146.9	n/a	0	1	73450
146.916	n/a	0	1	73458
146.932	n/a	0	1	73466
146.95	n/a	0	1	73475
146.966	n/a	0	1	73483
146.982	n/a	0	1	73491
147.0	n/a	0	1	73500
147.016	n/a	0	1	73508
147.032	n/a	0	1	73516
147.05	n/a	0	1	73525
147.066	n/a	0	1	73533
147.082	n/a	1	2	73541
147.1	n/a	1	2	73550
147.116	n/a	1	2	73558
147.132	n/a	1	2	73566
148.616	n/a	0	1	74308
148.632	n/a	0	1	74316
148.65	n/a	0	1	74325
148.666	n/a	0	1	74333
148.682	n/a	0	1	74341
148.7	n/a	0	1	74350
148.716	n/a	0	1	74358
148.732	n/a	0	1	74366
148.75	n/a	0	1	74375
148.766	n/a	0	1	74383
148.782	n/a	0	1	74391
148.8	n/a	0	1	74400
148.816	n/a	0	1	74408
148.832	n/a	0	1	74416
148.85	n/a	0	1	74425
148.866	n/a	0	1	74433
148.882	n/a	0	1	74441
148.9	n/a	0	1	74450
148.916	n/a	1	2	74458
148.932	n/a	1	2	74466
148.95	n/a	1	2	74475
148.966	n/a	1	2	74483
148.982	n/a	0	1	74491
149.0	n/a	0	1	74500
149.016	n/a	0	1	74508
149.032	n/a	0	1	74516
149.05	n/a	0	1	74525
149.066	n/a	0	1	74533
149.082	n/a	0	1	74541
149.1	n/a	0	1	74550
149.116	n/a	0	1	74558
149.132	n/a	0	1	74566
149.15	n/a	0	1	74575
149.166	n/a	0	1	74583
149.182	n/a	0	1	74591
149.2	n/a	0	1	74600
149.216	n/a	0	1	74608
149.232	n/a	0	1	74616
149.25	n/a	0	1	74625
149.266	n/a	0	1	74633
149.282	n/a	0	1	74641
149.3	n/a	0	1	74650
149.316	n/a	1	2	74658
149.332	n/a	1	2	74666
149.35	n/a	1	2	74675
149.366	n/a	1	2	74683
149.382	n/a	0	1	74691
149.4	n/a	0	1	74700
149.416	n/a	0	1	74708
149.432	n/a	0	1	74716
149.45	n/a	0	1	74725
149.466	n/a	0	1	74733
149.482	n/a	0	1	74741
149.5	n/a	0	1	74750
149.516	n/a	0	1	74758
149.532	n/a	0	1	74766
149.55	n/a	0	1	74775
149.566	n/a	0	1	74783
149.582	n/a	0	1	74791
149.6	n/a	1	2	74800
149.616	n/a	1	2	74808
149.632	n/a	1	2	74816
149.65	n/a	1	2	74825
149.666	n/a	0	1	74833
149.682	n/a	0	1	74841
149.7	n/a	0	1	74850
149.716	n/a	0	1	74858
149.732	n/a	0	1	74866
149.75	n/a	0	1	74875
149.766	n/a	0	1	74883
149.782	n/a	0	1	74891
149.8	n/a	0	1	74900
149.816	n/a	0	1	74908
149.832	n/a	0	1	74916
149.85	n/a	0	1	74925
149.866	n/a	0	1	74933
149.882	n/a	0	1	74941
149.9	n/a	0	1	74950
149.916	n/a	0	1	74958
149.932	n/a	0	1	74966
149.95	n/a	0	1	74975
149.966	n/a	1	2	74983
149.982	n/a	1	2	74991
150.0	n/a	1	2	75000
150.016	n/a	1	2	75008
150.032	n/a	0	1	75016
150.05	n/a	0	1	75025
150.066	n/a	0	1	75033
150.082	n/a	0	1	75041
150.1	n/a	0	1	75050
150.116	n/a	0	1	75058
150.132	n/a	0	1	75066
150.15	n/a	0	1	75075
150.166	n/a	0	1	75083
150.182	n/a	0	1	75091
150.2	n/a	0	1	75100
150.216	n/a	0	1	75108
150.232	n/a	0	1	75116
150.25	n/a	0	1	75125
150.266	n/a	0	1	75133
150.282	n/a	0	1	75141
150.3	n/a	0	1	75150
150.316	n/a	0	1	75158
150.332	n/a	0	1	75166
150.35	n/a	0	1	75175
150.366	n/a	0	1	75183
150.382	n/a	0	1	75191
150.4	n/a	0	1	75200
150.416	n/a	0	1	75208
150.432	n/a	1	2	75216
150.45	n/a	1	2	75225
150.466	n/a	1	2	75233
150.482	n/a	1	2	75241
150.5	n/a	0	1	75250
150.516	n/a	0	1	75258
150.532	n/a	0	1	75266
150.55	n/a	0	1	75275
152.032	n/a	0	1	76016
152.05	n/a	1	2	76025
152.066	n/a	1	2	76033
152.082	n/a	1	2	76041
152.1	n/a	1	2	76050
152.116	n/a	0	1	76058
152.132	n/a	0	1	76066
152.15	n/a	0	1	76075
152.166	n/a	0	1	76083
152.182	n/a	0	1	76091
152.2	n/a	0	1	76100
152.216	n/a	0	1	76108
152.232	n/a	0	1	76116
152.25	n/a	0	1	76125
152.266	n/a	0	1	76133
152.282	n/a	0	1	76141
152.3	n/a	0	1	76150
152.316	n/a	0	1	76158
152.332	n/a	0	1	76166
152.35	n/a	0	1	76175
152.366	n/a	0	1	76183
152.382	n/a	0	1	76191
152.4	n/a	0	1	76200
152.416	n/a	0	1	76208
152.432	n/a	0	1	76216
152.45	n/a	0	1	76225
152.466	n/a	0	1	76233
152.482	n/a	0	1	76241
152.5	n/a	0	1	76250
152.516	n/a	0	1	76258
152.532	n/a	1	2	76266
152.55	n/a	1	2	76275
152.566	n/a	1	2	76283
152.582	n/a	1	2	76291
152.6	n/a	0	1	76300
152.616	n/a	0	1	76308
152.632	n/a	0	1	76316
152.65	n/a	0	1	76325
152.666	n/a	0	1	76333
152.682	n/a	0	1	76341
152.7	n/a	0	1	76350
152.716	n/a	0	1	76358
152.732	n/a	0	1	76366
152.75	n/a	0	1	76375
152.766	n/a	0	1	76383
152.782	n/a	0	1	76391
152.8	n/a	0	1	76400
152.816	n/a	0	1	76408
152.832	n/a	0	1	76416
152.85	n/a	0	1	76425
152.866	n/a	0	1	76433
152.882	n/a	0	1	76441
152.9	n/a	0	1	76450
152.916	n/a	0	1	76458
152.932	n/a	0	1	76466
152.95	n/a	0	1	76475
152.966	n/a	0	1	76483
152.982	n/a	0	1	76491
153.0	n/a	1	2	76500
153.016	n/a	1	2	76508
153.032	n/a	1	2	76516
153.05	n/a	1	2	76525
153.066	n/a	0	1	76533
153.082	n/a	0	1	76541
153.1	n/a	0	1	76550
153.116	n/a	0	1	76558
153.132	n/a	0	1	76566
153.15	n/a	0	1	76575
153.166	n/a	0	1	76583
153.182	n/a	0	1	76591
153.2	n/a	0	1	76600
153.216	n/a	0	1	76608
153.232	n/a	0	1	76616
153.25	n/a	0	1	76625
153.266	n/a	0	1	76633
153.282	n/a	0	1	76641
153.3	n/a	0	1	76650
153.316	n/a	0	1	76658
153.332	n/a	0	1	76666
153.35	n/a	0	1	76675
153.366	n/a	0	1	76683
153.382	n/a	0	1	76691
153.4	n/a	0	1	76700
153.416	n/a	1	2	76708
153.432	n/a	1	2	76716
153.45	n/a	1	2	76725
153.466	n/a	1	2	76733
153.482	n/a	0	1	76741
153.5	n/a	0	1	76750
153.516	n/a	0	1	76758
153.532	n/a	0	1	76766
153.55	n/a	0	1	76775
153.566	n/a	0	1	76783
153.582	n/a	0	1	76791
153.6	n/a	0	1	76800
153.616	n/a	0	1	76808
153.632	n/a	0	1	76816
153.65	n/a	0	1	76825
153.666	n/a	0	1	76833
153.682	n/a	0	1	76841
153.7	n/a	0	1	76850
153.716	n/a	0	1	76858
153.732	n/a	0	1	76866
153.75	n/a	0	1	76875
153.766	n/a	0	1	76883
153.782	n/a	0	1	76891
153.8	n/a	0	1	76900
153.816	n/a	0	1	76908
153.832	n/a	0	1	76916
153.85	n/a	1	2	76925
153.866	n/a	1	2	76933
153.882	n/a	1	2	76941
153.9	n/a	1	2	76950
153.916	n/a	0	1	76958
153.932	n/a	0	1	76966
153.95	n/a	0	1	76975
153.966	n/a	0	1	76983
155.45	n/a	0	1	77725
155.466	n/a	0	1	77733
155.482	n/a	0	1	77741
155.5	n/a	0	1	77750
155.516	n/a	0	1	77758
155.532	n/a	0	1	77766
155.55	n/a	0	1	77775
155.566	n/a	0	1	77783
155.582	n/a	0	1	77791
155.6	n/a	0	1	77800
155.616	n/a	0	1	77808
155.632	n/a	0	1	77816
155.65	n/a	0	1	77825
155.666	n/a	0	1	77833
155.682	n/a	0	1	77841
155.7	n/a	0	1	77850
155.716	n/a	0	1	77858
155.732	n/a	0	1	77866
155.75	n/a	0	1	77875
155.766	n/a	0	1	77883
155.782	n/a	0	1	77891
155.8	n/a	0	1	77900
155.816	n/a	0	1	77908
155.832	n/a	1	2	77916
155.85	n/a	1	2	77925
155.866	n/a	1	2	77933
155.882	n/a	1	2	77941
155.9	n/a	0	1	77950
155.916	n/a	0	1	77958
155.932	n/a	0	1	77966
155.95	n/a	0	1	77975
155.966	n/a	0	1	77983
155.982	n/a	0	1	77991
156.0	n/a	0	1	78000
156.016	n/a	0	1	78008
156.032	n/a	0	1	78016
156.05	n/a	0	1	78025
156.066	n/a	0	1	78033
156.082	n/a	0	1	78041
156.1	n/a	0	1	78050
156.116	n/a	0	1	78058
156.132	n/a	0	1	78066
156.15	n/a	0	1	78075
156.166	n/a	0	1	78083
156.182	n/a	0	1	78091
156.2	n/a	0	1	78100
156.216	n/a	1	2	78108
156.232	n/a	1	2	78116
156.25	n/a	1	2	78125
156.266	n/a	1	2	78133
156.282	n/a	0	1	78141
156.3	n/a	0	1	78150
156.316	n/a	0	1	78158
156.332	n/a	0	1	78166
156.35	n/a	0	1	78175
156.366	n/a	0	1	78183
156.382	n/a	0	1	78191
156.4	n/a	0	1	78200
156.416	n/a	0	1	78208
156.432	n/a	0	1	78216
156.45	n/a	0	1	78225
156.466	n/a	0	1	78233
156.482	n/a	0	1	78241
156.5	n/a	0	1	78250
156.516	n/a	1	2	78258
156.532	n/a	1	2	78266
156.55	n/a	1	2	78275
156.566	n/a	1	2	78283
156.582	n/a	0	1	78291
156.6	n/a	0	1	78300
156.616	n/a	0	1	78308
156.632	n/a	0	1	78316
156.65	n/a	0	1	78325
156.666	n/a	0	1	78333
156.682	n/a	0	1	78341
156.7	n/a	0	1	78350
156.716	n/a	0	1	78358
156.732	n/a	0	1	78366
156.75	n/a	0	1	78375
156.766	n/a	0	1	78383
156.782	n/a	0	1	78391
156.8	n/a	1	2	78400
156.816	n/a	1	2	78408
156.832	n/a	1	2	78416
156.85	n/a	1	2	78425
156.866	n/a	0	1	78433
156.882	n/a	0	1	78441
156.9	n/a	0	1	78450
156.916	n/a	0	1	78458
156.932	n/a	0	1	78466
156.95	n/a	0	1	78475
156.966	n/a	0	1	78483
156.982	n/a	0	1	78491
157.0	n/a	0	1	78500
157.016	n/a	0	1	78508
157.032	n/a	0	1	78516
157.05	n/a	0	1	78525
157.066	n/a	0	1	78533
157.082	n/a	0	1	78541
157.1	n/a	0	1	78550
157.116	n/a	0	1	78558
157.132	n/a	1	2	78566
157.15	n/a	1	2	78575
157.166	n/a	1	2	78583
157.182	n/a	1	2	78591
157.2	n/a	0	1	78600
157.216	n/a	0	1	78608
157.232	n/a	0	1	78616
157.25	n/a	0	1	78625
157.266	n/a	0	1	78633
157.282	n/a	0	1	78641
157.3	n/a	0	1	78650
157.316	n/a	0	1	78658
157.332	n/a	0	1	78666
157.35	n/a	0	1	78675
157.366	n/a	0	1	78683
157.382	n/a	0	1	78691
159.45	n/a	0	1	79725
159.466	n/a	0	1	79733
159.482	n/a	0	1	79741
159.5	n/a	0	1	79750
159.516	n/a	0	1	79758
159.532	n/a	0	1	79766
159.55	n/a	0	1	79775
159.566	n/a	0	1	79783
159.582	n/a	0	1	79791
159.6	n/a	0	1	79800
159.616	n/a	0	1	79808
159.632	n/a	0	1	79816
159.65	n/a	0	1	79825
159.666	n/a	0	1	79833
159.682	n/a	0	1	79841
159.7	n/a	0	1	79850
159.716	n/a	0	1	79858
159.732	n/a	0	1	79866
159.75	n/a	0	1	79875
159.766	n/a	0	1	79883
159.782	n/a	0	1	79891
159.8	n/a	0	1	79900
159.816	n/a	0	1	79908
159.832	n/a	1	2	79916
159.85	n/a	1	2	79925
159.866	n/a	1	2	79933
159.882	n/a	1	2	79941
159.9	n/a	0	1	79950
159.916	n/a	0	1	79958
159.932	n/a	0	1	79966
159.95	n/a	0	1	79975
159.966	n/a	0	1	79983
159.982	n/a	0	1	79991
160.0	n/a	0	1	80000
160.016	n/a	0	1	80008
160.032	n/a	0	1	80016
160.05	n/a	0	1	80025
160.066	n/a	0	1	80033
160.082	n/a	0	1	80041
160.1	n/a	0	1	80050
160.116	n/a	0	1	80058
160.132	n/a	0	1	80066
160.15	n/a	0	1	80075
160.166	n/a	0	1	80083
160.182	n/a	0	1	80091
160.2	n/a	0	1	80100
160.216	n/a	1	2	80108
160.232	n/a	1	2	80116
160.25	n/a	1	2	80125
160.266	n/a	1	2	80133
160.282	n/a	0	1	80141
160.3	n/a	0	1	80150
160.316	n/a	0	1	80158
160.332	n/a	0	1	80166
160.35	n/a	0	1	80175
160.366	n/a	0	1	80183
160.382	n/a	0	1	80191
160.4	n/a	0	1	80200
160.416	n/a	0	1	80208
160.432	n/a	0	1	80216
160.45	n/a	0	1	80225
160.466	n/a	0	1	80233
160.482	n/a	0	1	80241
160.5	n/a	0	1	80250
160.516	n/a	1	2	80258
160.532	n/a	1	2	80266
160.55	n/a	1	2	80275
160.566	n/a	1	2	80283
160.582	n/a	0	1	80291
160.6	n/a	0	1	80300
160.616	n/a	0	1	80308
160.632	n/a	0	1	80316
160.65	n/a	0	1	80325
160.666	n/a	0	1	80333
160.682	n/a	0	1	80341
160.7	n/a	0	1	80350
160.716	n/a	0	1	80358
160.732	n/a	0	1	80366
160.75	n/a	0	1	80375
160.766	n/a	0	1	80383
160.782	n/a	0	1	80391
160.8	n/a	1	2	80400
160.816	n/a	1	2	80408
160.832	n/a	1	2	80416
160.85	n/a	1	2	80425
160.866	n/a	0	1	80433
160.882	n/a	0	1	80441
160.9	n/a	0	1	80450
160.916	n/a	0	1	80458
160.932	n/a	0	1	80466
160.95	n/a	0	1	80475
160.966	n/a	0	1	80483
160.982	n/a	0	1	80491
161.0	n/a	0	1	80500
161.016	n/a	0	1	80508
161.032	n/a	0	1	80516
161.05	n/a	0	1	80525
161.066	n/a	0	1	80533
161.082	n/a	0	1	80541
161.1	n/a	0	1	80550
161.116	n/a	0	1	80558
161.132	n/a	1	2	80566
161.15	n/a	1	2	80575
161.166	n/a	1	2	80583
161.182	n/a	1	2	80591
161.2	n/a	0	1	80600
161.216	n/a	0	1	80608
161.232	n/a	0	1	80616
161.25	n/a	0	1	80625
161.266	n/a	0	1	80633
161.282	n/a	0	1	80641
161.3	n/a	0	1	80650
161.316	n/a	0	1	80658
161.332	n/a	0	1	80666
161.35	n/a	0	1	80675
161.366	n/a	0	1	80683
161.382	n/a	0	1	80691
162.866	n/a	0	1	81433
162.882	n/a	0	1	81441
162.9	n/a	0	1	81450
162.916	n/a	0	1	81458
162.932	n/a	0	1	81466
162.95	n/a	0	1	81475
162.966	n/a	0	1	81483
162.982	n/a	0	1	81491
163.0	n/a	0	1	81500
163.016	n/a	0	1	81508
163.032	n/a	0	1	81516
163.05	n/a	0	1	81525
163.066	n/a	0	1	81533
163.082	n/a	0	1	81541
163.1	n/a	0	1	81550
163.116	n/a	1	2	81558
163.132	n/a	1	2	81566
163.15	n/a	1	2	81575
163.166	n/a	1	2	81583
163.182	n/a	0	1	81591
163.2	n/a	0	1	81600
163.216	n/a	0	1	81608
163.232	n/a	0	1	81616
163.25	n/a	0	1	81625
163.266	n/a	0	1	81633
163.282	n/a	0	1	81641
163.3	n/a	0	1	81650
163.316	n/a	0	1	81658
163.332	n/a	0	1	81666
163.35	n/a	0	1	81675
163.366	n/a	0	1	81683
163.382	n/a	0	1	81691
163.4	n/a	0	1	81700
163.416	n/a	0	1	81708
163.432	n/a	0	1	81716
163.45	n/a	0	1	81725
163.466	n/a	0	1	81733
163.482	n/a	0	1	81741
163.5	n/a	0	1	81750
163.516	n/a	0	1	81758
163.532	n/a	0	1	81766
163.55	n/a	1	2	81775
163.566	n/a	1	2	81783
163.582	n/a	1	2	81791
163.6	n/a	1	2	81800
163.616	n/a	0	1	81808
163.632	n/a	0	1	81816
163.65	n/a	0	1	81825
163.666	n/a	0	1	81833
163.682	n/a	0	1	81841
163.7	n/a	0	1	81850
163.716	n/a	0	1	81858
163.732	n/a	0	1	81866
163.75	n/a	0	1	81875
163.766	n/a	0	1	81883
163.782	n/a	0	1	81891
163.8	n/a	0	1	81900
163.816	n/a	0	1	81908
163.832	n/a	0	1	81916
163.85	n/a	0	1	81925
163.866	n/a	0	1	81933
163.882	n/a	0	1	81941
163.9	n/a	0	1	81950
163.916	n/a	0	1	81958
163.932	n/a	0	1	81966
163.95	n/a	0	1	81975
163.966	n/a	0	1	81983
163.982	n/a	0	1	81991
164.0	n/a	0	1	82000
164.016	n/a	1	2	82008
164.032	n/a	1	2	82016
164.05	n/a	1	2	82025
164.066	n/a	1	2	82033
164.082	n/a	0	1	82041
164.1	n/a	0	1	82050
164.116	n/a	0	1	82058
164.132	n/a	0	1	82066
164.15	n/a	0	1	82075
164.166	n/a	0	1	82083
164.182	n/a	0	1	82091
164.2	n/a	0	1	82100
164.216	n/a	0	1	82108
164.232	n/a	0	1	82116
164.25	n/a	0	1	82125
164.266	n/a	0	1	82133
164.282	n/a	0	1	82141
164.3	n/a	0	1	82150
164.316	n/a	1	2	82158
164.332	n/a	1	2	82166
164.35	n/a	1	2	82175
164.366	n/a	1	2	82183
164.382	n/a	0	1	82191
164.4	n/a	0	1	82200
164.416	n/a	0	1	82208
164.432	n/a	0	1	82216
164.45	n/a	0	1	82225
164.466	n/a	0	1	82233
164.482	n/a	0	1	82241
164.5	n/a	0	1	82250
164.516	n/a	0	1	82258
164.532	n/a	0	1	82266
164.55	n/a	0	1	82275
164.566	n/a	0	1	82283
164.582	n/a	0	1	82291
164.6	n/a	0	1	82300
164.616	n/a	0	1	82308
164.632	n/a	0	1	82316
164.65	n/a	0	1	82325
164.666	n/a	0	1	82333
164.682	n/a	0	1	82341
164.7	n/a	0	1	82350
164.716	n/a	0	1	82358
164.732	n/a	0	1	82366
164.75	n/a	1	2	82375
164.766	n/a	1	2	82383
164.782	n/a	1	2	82391
164.8	n/a	1	2	82400
166.282	n/a	0	1	83141
166.3	n/a	1	2	83150
166.316	n/a	1	2	83158
166.332	n/a	1	2	83166
166.35	n/a	1	2	83175
166.366	n/a	0	1	83183
166.382	n/a	0	1	83191
166.4	n/a	0	1	83200
166.416	n/a	0	1	83208
166.432	n/a	0	1	83216
166.45	n/a	0	1	83225
166.466	n/a	0	1	83233
166.482	n/a	0	1	83241
166.5	n/a	0	1	83250
166.516	n/a	0	1	83258
166.532	n/a	0	1	83266
166.55	n/a	0	1	83275
166.566	n/a	0	1	83283
166.582	n/a	0	1	83291
166.6	n/a	0	1	83300
166.616	n/a	0	1	83308
166.632	n/a	0	1	83316
166.65	n/a	0	1	83325
166.666	n/a	0	1	83333
166.682	n/a	0	1	83341
166.7	n/a	0	1	83350
166.716	n/a	0	1	83358
166.732	n/a	0	1	83366
166.75	n/a	0	1	83375
166.766	n/a	0	1	83383
166.782	n/a	1	2	83391
166.8	n/a	1	2	83400
166.816	n/a	1	2	83408
166.832	n/a	1	2	83416
166.85	n/a	0	1	83425
166.866	n/a	0	1	83433
166.882	n/a	0	1	83441
166.9	n/a	0	1	83450
166.916	n/a	0	1	83458
166.932	n/a	0	1	83466
166.95	n/a	0	1	83475
166.966	n/a	0	1	83483
166.982	n/a	0	1	83491
167.0	n/a	0	1	83500
167.016	n/a	0	1	83508
167.032	n/a	0	1	83516
167.05	n/a	0	1	83525
167.066	n/a	0	1	83533
167.082	n/a	0	1	83541
167.1	n/a	0	1	83550
167.116	n/a	0	1	83558
167.132	n/a	0	1	83566
167.15	n/a	0	1	83575
167.166	n/a	0	1	83583
167.182	n/a	0	1	83591
167.2	n/a	0	1	83600
167.216	n/a	0	1	83608
167.232	n/a	0	1	83616
167.25	n/a	1	2	83625
167.266	n/a	1	2	83633
167.282	n/a	1	2	83641
167.3	n/a	1	2	83650
167.316	n/a	0	1	83658
167.332	n/a	0	1	83666
167.35	n/a	0	1	83675
167.366	n/a	0	1	83683
167.382	n/a	0	1	83691
167.4	n/a	0	1	83700
167.416	n/a	0	1	83708
167.432	n/a	0	1	83716
167.45	n/a	0	1	83725
167.466	n/a	0	1	83733
167.482	n/a	0	1	83741
167.5	n/a	0	1	83750
167.516	n/a	0	1	83758
167.532	n/a	0	1	83766
167.55	n/a	0	1	83775
167.566	n/a	0	1	83783
167.582	n/a	0	1	83791
167.6	n/a	0	1	83800
167.616	n/a	0	1	83808
167.632	n/a	0	1	83816
167.65	n/a	0	1	83825
167.666	n/a	1	2	83833
167.682	n/a	1	2	83841
167.7	n/a	1	2	83850
167.716	n/a	1	2	83858
167.732	n/a	0	1	83866
167.75	n/a	0	1	83875
167.766	n/a	0	1	83883
167.782	n/a	0	1	83891
167.8	n/a	0	1	83900
167.816	n/a	0	1	83908
167.832	n/a	0	1	83916
167.85	n/a	0	1	83925
167.866	n/a	0	1	83933
167.882	n/a	0	1	83941
167.9	n/a	0	1	83950
167.916	n/a	0	1	83958
167.932	n/a	0	1	83966
167.95	n/a	0	1	83975
167.966	n/a	0	1	83983
167.982	n/a	0	1	83991
168.0	n/a	0	1	84000
168.016	n/a	0	1	84008
168.032	n/a	0	1	84016
168.05	n/a	0	1	84025
168.066	n/a	0	1	84033
168.082	n/a	0	1	84041
168.1	n/a	1	2	84050
168.116	n/a	1	2	84058
168.132	n/a	1	2	84066
168.15	n/a	1	2	84075
168.166	n/a	0	1	84083
168.182	n/a	0	1	84091
168.2	n/a	0	1	84100
168.216	n/a	0	1	84108
169.7	n/a	0	1	84850
169.716	n/a	0	1	84858
169.732	n/a	0	1	84866
169.75	n/a	0	1	84875
169.766	n/a	0	1	84883
169.782	n/a	0	1	84891
169.8	n/a	0	1	84900
169.816	n/a	0	1	84908
169.832	n/a	0	1	84916
169.85	n/a	0	1	84925
169.866	n/a	0	1	84933
169.882	n/a	0	1	84941
169.9	n/a	0	1	84950
169.916	n/a	0	1	84958
169.932	n/a	0	1	84966
169.95	n/a	0	1	84975
169.966	n/a	0	1	84983
169.982	n/a	0	1	84991
170.0	n/a	1	2	85000
170.016	n/a	1	2	85008
170.032	n/a	1	2	85016
170.05	n/a	1	2	85025
170.066	n/a	0	1	85033
170.082	n/a	0	1	85041
170.1	n/a	0	1	85050
170.116	n/a	0	1	85058
170.132	n/a	0	1	85066
170.15	n/a	0	1	85075
170.166	n/a	0	1	85083
170.182	n/a	0	1	85091
170.2	n/a	0	1	85100
170.216	n/a	0	1	85108
170.232	n/a	0	1	85116
170.25	n/a	0	1	85125
170.266	n/a	0	1	85133
170.282	n/a	0	1	85141
170.3	n/a	0	1	85150
170.316	n/a	0	1	85158
170.332	n/a	0	1	85166
170.35	n/a	0	1	85175
170.366	n/a	0	1	85183
170.382	n/a	0	1	85191
170.4	n/a	1	2	85200
170.416	n/a	1	2	85208
170.432	n/a	1	2	85216
170.45	n/a	1	2	85225
170.466	n/a	0	1	85233
170.482	n/a	0	1	85241
170.5	n/a	0	1	85250
170.516	n/a	0	1	85258
170.532	n/a	0	1	85266
170.55	n/a	0	1	85275
170.566	n/a	0	1	85283
170.582	n/a	0	1	85291
170.6	n/a	0	1	85300
170.616	n/a	0	1	85308
170.632	n/a	0	1	85316
170.65	n/a	0	1	85325
170.666	n/a	0	1	85333
170.682	n/a	1	2	85341
170.7	n/a	1	2	85350
170.716	n/a	1	2	85358
170.732	n/a	1	2	85366
170.75	n/a	0	1	85375
170.766	n/a	0	1	85383
170.782	n/a	0	1	85391
170.8	n/a	0	1	85400
170.816	n/a	0	1	85408
170.832	n/a	0	1	85416
170.85	n/a	0	1	85425
170.866	n/a	0	1	85433
170.882	n/a	0	1	85441
170.9	n/a	0	1	85450
170.916	n/a	0	1	85458
170.932	n/a	0	1	85466
170.95	n/a	0	1	85475
170.966	n/a	0	1	85483
170.982	n/a	0	1	85491
171.0	n/a	0	1	85500
171.016	n/a	0	1	85508
171.032	n/a	0	1	85516
171.05	n/a	1	2	85525
171.066	n/a	1	2	85533
171.082	n/a	1	2	85541
171.1	n/a	1	2	85550
171.116	n/a	0	1	85558
171.132	n/a	0	1	85566
171.15	n/a	0	1	85575
171.166	n/a	0	1	85583
171.182	n/a	0	1	85591
171.2	n/a	0	1	85600
171.216	n/a	0	1	85608
171.232	n/a	0	1	85616
171.25	n/a	0	1	85625
171.266	n/a	0	1	85633
171.282	n/a	0	1	85641
171.3	n/a	0	1	85650
171.316	n/a	0	1	85658
171.332	n/a	0	1	85666
171.35	n/a	0	1	85675
171.366	n/a	0	1	85683
171.382	n/a	0	1	85691
171.4	n/a	0	1	85700
171.416	n/a	0	1	85708
171.432	n/a	0	1	85716
171.45	n/a	0	1	85725
171.466	n/a	0	1	85733
171.482	n/a	0	1	85741
171.5	n/a	0	1	85750
171.516	n/a	1	2	85758
171.532	n/a	1	2	85766
171.55	n/a	1	2	85775
171.566	n/a	1	2	85783
171.582	n/a	0	1	85791
171.6	n/a	0	1	85800
171.616	n/a	0	1	85808
171.632	n/a	0	1	85816
173.732	n/a	0	1	86866
173.75	n/a	0	1	86875
173.766	n/a	0	1	86883
173.782	n/a	0	1	86891
173.8	n/a	0	1	86900
173.816	n/a	0	1	86908
173.832	n/a	0	1	86916
173.85	n/a	0	1	86925
173.866	n/a	0	1	86933
173.882	n/a	0	1	86941
173.9	n/a	0	1	86950
173.916	n/a	0	1	86958
173.932	n/a	0	1	86966
173.95	n/a	0	1	86975
173.966	n/a	0	1	86983
173.982	n/a	1	2	86991
174.0	n/a	1	2	87000
174.016	n/a	1	2	87008
174.032	n/a	1	2	87016
174.05	n/a	0	1	87025
174.066	n/a	0	1	87033
174.082	n/a	0	1	87041
174.1	n/a	0	1	87050
174.116	n/a	0	1	87058
174.132	n/a	0	1	87066
174.15	n/a	0	1	87075
174.166	n/a	0	1	87083
174.182	n/a	0	1	87091
174.2	n/a	0	1	87100
174.216	n/a	0	1	87108
174.232	n/a	0	1	87116
174.25	n/a	0	1	87125
174.266	n/a	0	1	87133
174.282	n/a	0	1	87141
174.3	n/a	0	1	87150
174.316	n/a	0	1	87158
174.332	n/a	0	1	87166
174.35	n/a	0	1	87175
174.366	n/a	0	1	87183
174.382	n/a	0	1	87191
174.4	n/a	0	1	87200
174.416	n/a	1	2	87208
174.432	n/a	1	2	87216
174.45	n/a	1	2	87225
174.466	n/a	1	2	87233
174.482	n/a	0	1	87241
174.5	n/a	0	1	87250
174.516	n/a	0	1	87258
174.532	n/a	0	1	87266
174.55	n/a	0	1	87275
174.566	n/a	0	1	87283
174.582	n/a	0	1	87291
174.6	n/a	0	1	87300
174.616	n/a	0	1	87308
174.632	n/a	0	1	87316
174.65	n/a	0	1	87325
174.666	n/a	0	1	87333
174.682	n/a	0	1	87341
174.7	n/a	0	1	87350
174.716	n/a	0	1	87358
174.732	n/a	0	1	87366
174.75	n/a	0	1	87375
174.766	n/a	0	1	87383
174.782	n/a	0	1	87391
174.8	n/a	0	1	87400
174.816	n/a	0	1	87408
174.832	n/a	0	1	87416
174.85	n/a	0	1	87425
174.866	n/a	0	1	87433
174.882	n/a	1	2	87441
174.9	n/a	1	2	87450
174.916	n/a	1	2	87458
174.932	n/a	1	2	87466
174.95	n/a	0	1	87475
174.966	n/a	0	1	87483
174.982	n/a	0	1	87491
175.0	n/a	0	1	87500
175.016	n/a	0	1	87508
175.032	n/a	0	1	87516
175.05	n/a	0	1	87525
175.066	n/a	0	1	87533
175.082	n/a	0	1	87541
175.1	n/a	0	1	87550
175.116	n/a	0	1	87558
175.132	n/a	0	1	87566
175.15	n/a	0	1	87575
175.166	n/a	0	1	87583
175.182	n/a	1	2	87591
175.2	n/a	1	2	87600
175.216	n/a	1	2	87608
175.232	n/a	1	2	87616
175.25	n/a	0	1	87625
175.266	n/a	0	1	87633
175.282	n/a	0	1	87641
175.3	n/a	0	1	87650
175.316	n/a	0	1	87658
175.332	n/a	0	1	87666
175.35	n/a	0	1	87675
175.366	n/a	0	1	87683
175.382	n/a	0	1	87691
175.4	n/a	0	1	87700
175.416	n/a	0	1	87708
175.432	n/a	0	1	87716
175.45	n/a	0	1	87725
175.466	n/a	0	1	87733
175.482	n/a	0	1	87741
175.5	n/a	0	1	87750
175.516	n/a	0	1	87758
175.532	n/a	0	1	87766
175.55	n/a	0	1	87775
175.566	n/a	0	1	87783
175.582	n/a	0	1	87791
175.6	n/a	0	1	87800
175.616	n/a	1	2	87808
175.632	n/a	1	2	87816
175.65	n/a	1	2	87825
175.666	n/a	1	2	87833
177.15	n/a	0	1	88575
177.166	n/a	0	1	88583
177.182	n/a	0	1	88591
177.2	n/a	0	1	88600
177.216	n/a	0	1	88608
177.232	n/a	0	1	88616
177.25	n/a	0	1	88625
177.266	n/a	0	1	88633
177.282	n/a	0	1	88641
177.3	n/a	0	1	88650
177.316	n/a	0	1	88658
177.332	n/a	0	1	88666
177.35	n/a	0	1	88675
177.366	n/a	0	1	88683
177.382	n/a	0	1	88691
177.4	n/a	0	1	88700
177.416	n/a	0	1	88708
177.432	n/a	0	1	88716
177.45	n/a	0	1	88725
177.466	n/a	0	1	88733
177.482	n/a	0	1	88741
177.5	n/a	0	1	88750
177.516	n/a	0	1	88758
177.532	n/a	1	2	88766
177.55	n/a	1	2	88775
177.566	n/a	1	2	88783
177.582	n/a	1	2	88791
177.6	n/a	0	1	88800
177.616	n/a	0	1	88808
177.632	n/a	0	1	88816
177.65	n/a	0	1	88825
177.666	n/a	0	1	88833
177.682	n/a	0	1	88841
177.7	n/a	0	1	88850
177.716	n/a	0	1	88858
177.732	n/a	0	1	88866
177.75	n/a	0	1	88875
177.766	n/a	0	1	88883
177.782	n/a	0	1	88891
177.8	n/a	0	1	88900
177.816	n/a	0	1	88908
177.832	n/a	0	1	88916
177.85	n/a	0	1	88925
177.866	n/a	0	1	88933
177.882	n/a	0	1	88941
177.9	n/a	0	1	88950
177.916	n/a	1	2	88958
177.932	n/a	1	2	88966
177.95	n/a	1	2	88975
177.966	n/a	1	2	88983
177.982	n/a	0	1	88991
178.0	n/a	0	1	89000
178.016	n/a	0	1	89008
178.032	n/a	0	1	89016
178.05	n/a	0	1	89025
178.066	n/a	0	1	89033
178.082	n/a	0	1	89041
178.1	n/a	0	1	89050
178.116	n/a	0	1	89058
178.132	n/a	0	1	89066
178.15	n/a	0	1	89075
178.166	n/a	0	1	89083
178.182	n/a	0	1	89091
178.2	n/a	0	1	89100
178.216	n/a	1	2	89108
178.232	n/a	1	2	89116
178.25	n/a	1	2	89125
178.266	n/a	1	2	89133
178.282	n/a	0	1	89141
178.3	n/a	0	1	89150
178.316	n/a	0	1	89158
178.332	n/a	0	1	89166
178.35	n/a	0	1	89175
178.366	n/a	0	1	89183
178.382	n/a	0	1	89191
178.4	n/a	0	1	89200
178.416	n/a	0	1	89208
178.432	n/a	0	1	89216
178.45	n/a	0	1	89225
178.466	n/a	0	1	89233
178.482	n/a	0	1	89241
178.5	n/a	1	2	89250
178.516	n/a	1	2	89258
178.532	n/a	1	2	89266
178.55	n/a	1	2	89275
178.566	n/a	0	1	89283
178.582	n/a	0	1	89291
178.6	n/a	0	1	89300
178.616	n/a	0	1	89308
178.632	n/a	0	1	89316
178.65	n/a	0	1	89325
178.666	n/a	0	1	89333
178.682	n/a	0	1	89341
178.7	n/a	0	1	89350
178.716	n/a	0	1	89358
178.732	n/a	0	1	89366
178.75	n/a	0	1	89375
178.766	n/a	0	1	89383
178.782	n/a	0	1	89391
178.8	n/a	0	1	89400
178.816	n/a	0	1	89408
178.832	n/a	1	2	89416
178.85	n/a	1	2	89425
178.866	n/a	1	2	89433
178.882	n/a	1	2	89441
178.9	n/a	0	1	89450
178.916	n/a	0	1	89458
178.932	n/a	0	1	89466
178.95	n/a	0	1	89475
178.966	n/a	0	1	89483
178.982	n/a	0	1	89491
179.0	n/a	0	1	89500
179.016	n/a	0	1	89508
179.032	n/a	0	1	89516
179.05	n/a	0	1	89525
179.066	n/a	0	1	89533
179.082	n/a	0	1	89541
180.566	n/a	0	1	90283
180.582	n/a	0	1	90291
180.6	n/a	0	1	90300
180.616	n/a	0	1	90308
180.632	n/a	0	1	90316
180.65	n/a	0	1	90325
180.666	n/a	0	1	90333
180.682	n/a	0	1	90341
180.7	n/a	0	1	90350
180.716	n/a	0	1	90358
180.732	n/a	0	1	90366
180.75	n/a	0	1	90375
180.766	n/a	0	1	90383
180.782	n/a	0	1	90391
180.8	n/a	0	1	90400
180.816	n/a	0	1	90408
180.832	n/a	0	1	90416
180.85	n/a	0	1	90425
180.866	n/a	1	2	90433
180.882	n/a	1	2	90441
180.9	n/a	1	2	90450
180.916	n/a	1	2	90458
180.932	n/a	0	1	90466
180.95	n/a	0	1	90475
180.966	n/a	0	1	90483
180.982	n/a	0	1	90491
181.0	n/a	0	1	90500
181.016	n/a	0	1	90508
181.032	n/a	0	1	90516
181.05	n/a	0	1	90525
181.066	n/a	0	1	90533
181.082	n/a	0	1	90541
181.1	n/a	0	1	90550
181.116	n/a	0	1	90558
181.132	n/a	0	1	90566
181.15	n/a	0	1	90575
181.166	n/a	0	1	90583
181.182	n/a	0	1	90591
181.2	n/a	0	1	90600
181.216	n/a	0	1	90608
181.232	n/a	0	1	90616
181.25	n/a	0	1	90625
181.266	n/a	1	2	90633
181.282	n/a	1	2	90641
181.3	n/a	1	2	90650
181.316	n/a	1	2	90658
181.332	n/a	0	1	90666
181.35	n/a	0	1	90675
181.366	n/a	0	1	90683
181.382	n/a	0	1	90691
181.4	n/a	0	1	90700
181.416	n/a	0	1	90708
181.432	n/a	0	1	90716
181.45	n/a	0	1	90725
181.466	n/a	0	1	90733
181.482	n/a	0	1	90741
181.5	n/a	0	1	90750
181.516	n/a	0	1	90758
181.532	n/a	0	1	90766
181.55	n/a	1	2	90775
181.566	n/a	1	2	90783
181.582	n/a	1	2	90791
181.6	n/a	1	2	90800
181.616	n/a	0	1	90808
181.632	n/a	0	1	90816
181.65	n/a	0	1	90825
181.666	n/a	0	1	90833
181.682	n/a	0	1	90841
181.7	n/a	0	1	90850
181.716	n/a	0	1	90858
181.732	n/a	0	1	90866
181.75	n/a	0	1	90875
181.766	n/a	0	1	90883
181.782	n/a	0	1	90891
181.8	n/a	0	1	90900
181.816	n/a	0	1	90908
181.832	n/a	0	1	90916
181.85	n/a	0	1	90925
181.866	n/a	0	1	90933
181.882	n/a	0	1	90941
181.9	n/a	0	1	90950
181.916	n/a	1	2	90958
181.932	n/a	1	2	90966
181.95	n/a	1	2	90975
181.966	n/a	1	2	90983
181.982	n/a	0	1	90991
182.0	n/a	0	1	91000
182.016	n/a	0	1	91008
182.032	n/a	0	1	91016
182.05	n/a	0	1	91025
182.066	n/a	0	1	91033
182.082	n/a	0	1	91041
182.1	n/a	0	1	91050
182.116	n/a	0	1	91058
182.132	n/a	0	1	91066
182.15	n/a	0	1	91075
182.166	n/a	0	1	91083
182.182	n/a	0	1	91091
182.2	n/a	0	1	91100
182.216	n/a	0	1	91108
182.232	n/a	0	1	91116
182.25	n/a	0	1	91125
182.266	n/a	0	1	91133
182.282	n/a	0	1	91141
182.3	n/a	0	1	91150
182.316	n/a	0	1	91158
182.332	n/a	0	1	91166
182.35	n/a	0	1	91175
182.366	n/a	0	1	91183
182.382	n/a	1	2	91191
182.4	n/a	1	2	91200
182.416	n/a	1	2	91208
182.432	n/a	1	2	91216
182.45	n/a	0	1	91225
182.466	n/a	0	1	91233
182.482	n/a	0	1	91241
182.5	n/a	0	1	91250
183.982	n/a	0	1	91991
184.0	n/a	1	2	92000
184.016	n/a	1	2	92008
184.032	n/a	1	2	92016
184.05	n/a	1	2	92025
184.066	n/a	0	1	92033
184.082	n/a	0	1	92041
184.1	n/a	0	1	92050
184.116	n/a	0	1	92058
184.132	n/a	0	1	92066
184.15	n/a	0	1	92075
184.166	n/a	0	1	92083
184.182	n/a	0	1	92091
184.2	n/a	0	1	92100
184.216	n/a	0	1	92108
184.232	n/a	0	1	92116
184.25	n/a	0	1	92125
184.266	n/a	0	1	92133
184.282	n/a	0	1	92141
184.3	n/a	0	1	92150
184.316	n/a	0	1	92158
184.332	n/a	0	1	92166
184.35	n/a	0	1	92175
184.366	n/a	0	1	92183
184.382	n/a	0	1	92191
184.4	n/a	0	1	92200
184.416	n/a	0	1	92208
184.432	n/a	0	1	92216
184.45	n/a	0	1	92225
184.466	n/a	0	1	92233
184.482	n/a	1	2	92241
184.5	n/a	1	2	92250
184.516	n/a	1	2	92258
184.532	n/a	1	2	92266
184.55	n/a	0	1	92275
184.566	n/a	0	1	92283
184.582	n/a	0	1	92291
184.6	n/a	0	1	92300
184.616	n/a	0	1	92308
184.632	n/a	0	1	92316
184.65	n/a	0	1	92325
184.666	n/a	0	1	92333
184.682	n/a	0	1	92341
184.7	n/a	0	1	92350
184.716	n/a	0	1	92358
184.732	n/a	0	1	92366
184.75	n/a	0	1	92375
184.766	n/a	0	1	92383
184.782	n/a	0	1	92391
184.8	n/a	0	1	92400
184.816	n/a	0	1	92408
184.832	n/a	0	1	92416
184.85	n/a	0	1	92425
184.866	n/a	0	1	92433
184.882	n/a	0	1	92441
184.9	n/a	0	1	92450
184.916	n/a	0	1	92458
184.932	n/a	0	1	92466
184.95	n/a	1	2	92475
184.966	n/a	1	2	92483
184.982	n/a	1	2	92491
185.0	n/a	1	2	92500
185.016	n/a	0	1	92508
185.032	n/a	0	1	92516
185.05	n/a	0	1	92525
185.066	n/a	0	1	92533
185.082	n/a	0	1	92541
185.1	n/a	0	1	92550
185.116	n/a	0	1	92558
185.132	n/a	0	1	92566
185.15	n/a	0	1	92575
185.166	n/a	0	1	92583
185.182	n/a	0	1	92591
185.2	n/a	0	1	92600
185.216	n/a	0	1	92608
185.232	n/a	0	1	92616
185.25	n/a	0	1	92625
185.266	n/a	0	1	92633
185.282	n/a	0	1	92641
185.3	n/a	0	1	92650
185.316	n/a	0	1	92658
185.332	n/a	0	1	92666
185.35	n/a	0	1	92675
185.366	n/a	1	2	92683
185.382	n/a	1	2	92691
185.4	n/a	1	2	92700
185.416	n/a	1	2	92708
185.432	n/a	0	1	92716
185.45	n/a	0	1	92725
185.466	n/a	0	1	92733
185.482	n/a	0	1	92741
185.5	n/a	0	1	92750
185.516	n/a	0	1	92758
185.532	n/a	0	1	92766
185.55	n/a	0	1	92775
185.566	n/a	0	1	92783
185.582	n/a	0	1	92791
185.6	n/a	0	1	92800
185.616	n/a	0	1	92808
185.632	n/a	0	1	92816
185.65	n/a	0	1	92825
185.666	n/a	0	1	92833
185.682	n/a	0	1	92841
185.7	n/a	0	1	92850
185.716	n/a	0	1	92858
185.732	n/a	0	1	92866
185.75	n/a	0	1	92875
185.766	n/a	0	1	92883
185.782	n/a	0	1	92891
185.8	n/a	1	2	92900
185.816	n/a	1	2	92908
185.832	n/a	1	2	92916
185.85	n/a	1	2	92925
185.866	n/a	0	1	92933
185.882	n/a	0	1	92941
185.9	n/a	0	1	92950
185.916	n/a	0	1	92958
188.0	n/a	0	1	94000
188.016	n/a	0	1	94008
188.032	n/a	0	1	94016
188.05	n/a	0	1	94025
188.066	n/a	0	1	94033
188.082	n/a	0	1	94041
188.1	n/a	0	1	94050
188.116	n/a	0	1	94058
188.132	n/a	0	1	94066
188.15	n/a	0	1	94075
188.166	n/a	0	1	94083
188.182	n/a	0	1	94091
188.2	n/a	0	1	94100
188.216	n/a	0	1	94108
188.232	n/a	0	1	94116
188.25	n/a	1	2	94125
188.266	n/a	1	2	94133
188.282	n/a	1	2	94141
188.3	n/a	1	2	94150
188.316	n/a	0	1	94158
188.332	n/a	0	1	94166
188.35	n/a	0	1	94175
188.366	n/a	0	1	94183
188.382	n/a	0	1	94191
188.4	n/a	0	1	94200
188.416	n/a	0	1	94208
188.432	n/a	0	1	94216
188.45	n/a	0	1	94225
188.466	n/a	0	1	94233
188.482	n/a	0	1	94241
188.5	n/a	0	1	94250
188.516	n/a	0	1	94258
188.532	n/a	0	1	94266
188.55	n/a	0	1	94275
188.566	n/a	0	1	94283
188.582	n/a	0	1	94291
188.6	n/a	0	1	94300
188.616	n/a	0	1	94308
188.632	n/a	0	1	94316
188.65	n/a	0	1	94325
188.666	n/a	0	1	94333
188.682	n/a	1	2	94341
188.7	n/a	1	2	94350
188.716	n/a	1	2	94358
188.732	n/a	1	2	94366
188.75	n/a	0	1	94375
188.766	n/a	0	1	94383
188.782	n/a	0	1	94391
188.8	n/a	0	1	94400
188.816	n/a	0	1	94408
188.832	n/a	0	1	94416
188.85	n/a	0	1	94425
188.866	n/a	0	1	94433
188.882	n/a	0	1	94441
188.9	n/a	0	1	94450
188.916	n/a	0	1	94458
188.932	n/a	0	1	94466
188.95	n/a	0	1	94475
188.966	n/a	0	1	94483
188.982	n/a	0	1	94491
189.0	n/a	0	1	94500
189.016	n/a	0	1	94508
189.032	n/a	0	1	94516
189.05	n/a	0	1	94525
189.066	n/a	0	1	94533
189.082	n/a	0	1	94541
189.1	n/a	0	1	94550
189.116	n/a	0	1	94558
189.132	n/a	0	1	94566
189.15	n/a	1	2	94575
189.166	n/a	1	2	94583
189.182	n/a	1	2	94591
189.2	n/a	1	2	94600
189.216	n/a	0	1	94608
189.232	n/a	0	1	94616
189.25	n/a	0	1	94625
189.266	n/a	0	1	94633
189.282	n/a	0	1	94641
189.3	n/a	0	1	94650
189.316	n/a	0	1	94658
189.332	n/a	0	1	94666
189.35	n/a	0	1	94675
189.366	n/a	0	1	94683
189.382	n/a	0	1	94691
189.4	n/a	0	1	94700
189.416	n/a	0	1	94708
189.432	n/a	0	1	94716
189.45	n/a	1	2	94725
189.466	n/a	1	2	94733
189.482	n/a	1	2	94741
189.5	n/a	1	2	94750
189.516	n/a	0	1	94758
189.532	n/a	0	1	94766
189.55	n/a	0	1	94775
189.566	n/a	0	1	94783
189.582	n/a	0	1	94791
189.6	n/a	0	1	94800
189.616	n/a	0	1	94808
189.632	n/a	0	1	94816
189.65	n/a	0	1	94825
189.666	n/a	0	1	94833
189.682	n/a	0	1	94841
189.7	n/a	0	1	94850
189.716	n/a	0	1	94858
189.732	n/a	0	1	94866
189.75	n/a	0	1	94875
189.766	n/a	0	1	94883
189.782	n/a	0	1	94891
189.8	n/a	0	1	94900
189.816	n/a	0	1	94908
189.832	n/a	0	1	94916
189.85	n/a	0	1	94925
189.866	n/a	0	1	94933
189.882	n/a	1	2	94941
189.9	n/a	1	2	94950
189.916	n/a	1	2	94958
189.932	n/a	1	2	94966
191.416	n/a	0	1	95708
191.432	n/a	1	2	95716
191.45	n/a	1	2	95725
191.466	n/a	1	2	95733
191.482	n/a	1	2	95741
191.5	n/a	0	1	95750
191.516	n/a	0	1	95758
191.532	n/a	0	1	95766
191.55	n/a	0	1	95775
191.566	n/a	0	1	95783
191.582	n/a	0	1	95791
191.6	n/a	0	1	95800
191.616	n/a	0	1	95808
191.632	n/a	0	1	95816
191.65	n/a	0	1	95825
191.666	n/a	0	1	95833
191.682	n/a	0	1	95841
191.7	n/a	0	1	95850
191.716	n/a	0	1	95858
191.732	n/a	0	1	95866
191.75	n/a	0	1	95875
191.766	n/a	0	1	95883
191.782	n/a	0	1	95891
191.8	n/a	0	1	95900
191.816	n/a	0	1	95908
191.832	n/a	0	1	95916
191.85	n/a	0	1	95925
191.866	n/a	0	1	95933
191.882	n/a	0	1	95941
191.9	n/a	0	1	95950
191.916	n/a	1	2	95958
191.932	n/a	1	2	95966
191.95	n/a	1	2	95975
191.966	n/a	1	2	95983
191.982	n/a	0	1	95991
192.0	n/a	0	1	96000
192.016	n/a	0	1	96008
192.032	n/a	0	1	96016
192.05	n/a	0	1	96025
192.066	n/a	0	1	96033
192.082	n/a	0	1	96041
192.1	n/a	0	1	96050
192.116	n/a	0	1	96058
192.132	n/a	0	1	96066
192.15	n/a	0	1	96075
192.166	n/a	0	1	96083
192.182	n/a	0	1	96091
192.2	n/a	0	1	96100
192.216	n/a	0	1	96108
192.232	n/a	0	1	96116
192.25	n/a	0	1	96125
192.266	n/a	0	1	96133
192.282	n/a	0	1	96141
192.3	n/a	0	1	96150
192.316	n/a	0	1	96158
192.332	n/a	0	1	96166
192.35	n/a	0	1	96175
192.366	n/a	0	1	96183
192.382	n/a	1	2	96191
192.4	n/a	1	2	96200
192.416	n/a	1	2	96208
192.432	n/a	1	2	96216
192.45	n/a	0	1	96225
192.466	n/a	0	1	96233
192.482	n/a	0	1	96241
192.5	n/a	0	1	96250
192.516	n/a	0	1	96258
192.532	n/a	0	1	96266
192.55	n/a	0	1	96275
192.566	n/a	0	1	96283
192.582	n/a	0	1	96291
192.6	n/a	0	1	96300
192.616	n/a	0	1	96308
192.632	n/a	0	1	96316
192.65	n/a	0	1	96325
192.666	n/a	0	1	96333
192.682	n/a	0	1	96341
192.7	n/a	0	1	96350
192.716	n/a	0	1	96358
192.732	n/a	0	1	96366
192.75	n/a	0	1	96375
192.766	n/a	0	1	96383
192.782	n/a	0	1	96391
192.8	n/a	1	2	96400
192.816	n/a	1	2	96408
192.832	n/a	1	2	96416
192.85	n/a	1	2	96425
192.866	n/a	0	1	96433
192.882	n/a	0	1	96441
192.9	n/a	0	1	96450
192.916	n/a	0	1	96458
192.932	n/a	0	1	96466
192.95	n/a	0	1	96475
192.966	n/a	0	1	96483
192.982	n/a	0	1	96491
193.0	n/a	0	1	96500
193.016	n/a	0	1	96508
193.032	n/a	0	1	96516
193.05	n/a	0	1	96525
193.066	n/a	0	1	96533
193.082	n/a	0	1	96541
193.1	n/a	0	1	96550
193.116	n/a	0	1	96558
193.132	n/a	0	1	96566
193.15	n/a	0	1	96575
193.166	n/a	0	1	96583
193.182	n/a	0	1	96591
193.2	n/a	0	1	96600
193.216	n/a	0	1	96608
193.232	n/a	1	2	96616
193.25	n/a	1	2	96625
193.266	n/a	1	2	96633
193.282	n/a	1	2	96641
193.3	n/a	0	1	96650
193.316	n/a	0	1	96658
193.332	n/a	0	1	96666
193.35	n/a	0	1	96675
194.832	n/a	0	1	97416
194.85	n/a	0	1	97425
194.866	n/a	0	1	97433
194.882	n/a	0	1	97441
194.9	n/a	0	1	97450
194.916	n/a	0	1	97458
194.932	n/a	0	1	97466
194.95	n/a	0	1	97475
194.966	n/a	0	1	97483
194.982	n/a	0	1	97491
195.0	n/a	0	1	97500
195.016	n/a	0	1	97508
195.032	n/a	0	1	97516
195.05	n/a	0	1	97525
195.066	n/a	0	1	97533
195.082	n/a	0	1	97541
195.1	n/a	0	1	97550
195.116	n/a	0	1	97558
195.132	n/a	0	1	97566
195.15	n/a	0	1	97575
195.166	n/a	0	1	97583
195.182	n/a	0	1	97591
195.2	n/a	0	1	97600
195.216	n/a	1	2	97608
195.232	n/a	1	2	97616
195.25	n/a	1	2	97625
195.266	n/a	1	2	97633
195.282	n/a	0	1	97641
195.3	n/a	0	1	97650
195.316	n/a	0	1	97658
195.332	n/a	0	1	97666
195.35	n/a	0	1	97675
195.366	n/a	0	1	97683
195.382	n/a	0	1	97691
195.4	n/a	0	1	97700
195.416	n/a	0	1	97708
195.432	n/a	0	1	97716
195.45	n/a	0	1	97725
195.466	n/a	0	1	97733
195.482	n/a	0	1	97741
195.5	n/a	0	1	97750
195.516	n/a	0	1	97758
195.532	n/a	0	1	97766
195.55	n/a	0	1	97775
195.566	n/a	0	1	97783
195.582	n/a	0	1	97791
195.6	n/a	1	2	97800
195.616	n/a	1	2	97808
195.632	n/a	1	2	97816
195.65	n/a	1	2	97825
195.666	n/a	0	1	97833
195.682	n/a	0	1	97841
195.7	n/a	0	1	97850
195.716	n/a	0	1	97858
195.732	n/a	0	1	97866
195.75	n/a	0	1	97875
195.766	n/a	0	1	97883
195.782	n/a	0	1	97891
195.8	n/a	0	1	97900
195.816	n/a	0	1	97908
195.832	n/a	0	1	97916
195.85	n/a	0	1	97925
195.866	n/a	0	1	97933
195.882	n/a	0	1	97941
195.9	n/a	1	2	97950
195.916	n/a	1	2	97958
195.932	n/a	1	2	97966
195.95	n/a	1	2	97975
195.966	n/a	0	1	97983
195.982	n/a	0	1	97991
196.0	n/a	0	1	98000
196.016	n/a	0	1	98008
196.032	n/a	0	1	98016
196.05	n/a	0	1	98025
196.066	n/a	0	1	98033
196.082	n/a	0	1	98041
196.1	n/a	0	1	98050
196.116	n/a	0	1	98058
196.132	n/a	0	1	98066
196.15	n/a	0	1	98075
196.166	n/a	0	1	98083
196.182	n/a	1	2	98091
196.2	n/a	1	2	98100
196.216	n/a	1	2	98108
196.232	n/a	1	2	98116
196.25	n/a	0	1	98125
196.266	n/a	0	1	98133
196.282	n/a	0	1	98141
196.3	n/a	0	1	98150
196.316	n/a	0	1	98158
196.332	n/a	0	1	98166
196.35	n/a	0	1	98175
196.366	n/a	0	1	98183
196.382	n/a	0	1	98191
196.4	n/a	0	1	98200
196.416	n/a	0	1	98208
196.432	n/a	0	1	98216
196.45	n/a	0	1	98225
196.466	n/a	0	1	98233
196.482	n/a	0	1	98241
196.5	n/a	0	1	98250
196.516	n/a	1	2	98258
196.532	n/a	1	2	98266
196.55	n/a	1	2	98275
196.566	n/a	1	2	98283
196.582	n/a	0	1	98291
196.6	n/a	0	1	98300
196.616	n/a	0	1	98308
196.632	n/a	0	1	98316
196.65	n/a	0	1	98325
196.666	n/a	0	1	98333
196.682	n/a	0	1	98341
196.7	n/a	0	1	98350
196.716	n/a	0	1	98358
196.732	n/a	0	1	98366
196.75	n/a	0	1	98375
196.766	n/a	0	1	98383
198.25	n/a	0	1	99125
198.266	n/a	0	1	99133
198.282	n/a	0	1	99141
198.3	n/a	0	1	99150
198.316	n/a	0	1	99158
198.332	n/a	0	1	99166
198.35	n/a	0	1	99175
198.366	n/a	0	1	99183
198.382	n/a	0	1	99191
198.4	n/a	0	1	99200
198.416	n/a	0	1	99208
198.432	n/a	0	1	99216
198.45	n/a	0	1	99225
198.466	n/a	0	1	99233
198.482	n/a	0	1	99241
198.5	n/a	0	1	99250
198.516	n/a	0	1	99258
198.532	n/a	0	1	99266
198.55	n/a	1	2	99275
198.566	n/a	1	2	99283
198.582	n/a	1	2	99291
198.6	n/a	1	2	99300
198.616	n/a	0	1	99308
198.632	n/a	0	1	99316
198.65	n/a	0	1	99325
198.666	n/a	0	1	99333
198.682	n/a	0	1	99341
198.7	n/a	0	1	99350
198.716	n/a	0	1	99358
198.732	n/a	0	1	99366
198.75	n/a	0	1	99375
198.766	n/a	0	1	99383
198.782	n/a	0	1	99391
198.8	n/a	0	1	99400
198.816	n/a	0	1	99408
198.832	n/a	0	1	99416
198.85	n/a	0	1	99425
198.866	n/a	0	1	99433
198.882	n/a	0	1	99441
198.9	n/a	0	1	99450
198.916	n/a	0	1	99458
198.932	n/a	0	1	99466
198.95	n/a	1	2	99475
198.966	n/a	1	2	99483
198.982	n/a	1	2	99491
199.0	n/a	1	2	99500
199.016	n/a	0	1	99508
199.032	n/a	0	1	99516
199.05	n/a	0	1	99525
199.066	n/a	0	1	99533
199.082	n/a	0	1	99541
199.1	n/a	0	1	99550
199.116	n/a	0	1	99558
199.132	n/a	0	1	99566
199.15	n/a	0	1	99575
199.166	n/a	0	1	99583
199.182	n/a	0	1	99591
199.2	n/a	0	1	99600
199.216	n/a	0	1	99608
199.232	n/a	1	2	99616
199.25	n/a	1	2	99625
199.266	n/a	1	2	99633
199.282	n/a	1	2	99641
199.3	n/a	0	1	99650
199.316	n/a	0	1	99658
199.332	n/a	0	1	99666
199.35	n/a	0	1	99675
199.366	n/a	0	1	99683
199.382	n/a	0	1	99691
199.4	n/a	0	1	99700
199.416	n/a	0	1	99708
199.432	n/a	0	1	99716
199.45	n/a	0	1	99725
199.466	n/a	0	1	99733
199.482	n/a	0	1	99741
199.5	n/a	0	1	99750
199.516	n/a	0	1	99758
199.532	n/a	0	1	99766
199.55	n/a	0	1	99775
199.566	n/a	0	1	99783
199.582	n/a	0	1	99791
199.6	n/a	1	2	99800
199.616	n/a	1	2	99808
199.632	n/a	1	2	99816
199.65	n/a	1	2	99825
199.666	n/a	0	1	99833
199.682	n/a	0	1	99841
199.7	n/a	0	1	99850
199.716	n/a	0	1	99858
199.732	n/a	0	1	99866
199.75	n/a	0	1	99875
199.766	n/a	0	1	99883
199.782	n/a	0	1	99891
199.8	n/a	0	1	99900
199.816	n/a	0	1	99908
199.832	n/a	0	1	99916
199.85	n/a	0	1	99925
199.866	n/a	0	1	99933
199.882	n/a	0	1	99941
199.9	n/a	0	1	99950
199.916	n/a	0	1	99958
199.932	n/a	0	1	99966
199.95	n/a	0	1	99975
199.966	n/a	0	1	99983
199.982	n/a	0	1	99991
200.0	n/a	0	1	100000
200.016	n/a	0	1	100008
200.032	n/a	0	1	100016
200.05	n/a	0	1	100025
200.066	n/a	1	2	100033
200.082	n/a	1	2	100041
200.1	n/a	1	2	100050
200.116	n/a	1	2	100058
200.132	n/a	0	1	100066
200.15	n/a	0	1	100075
200.166	n/a	0	1	100083
200.182	n/a	0	1	100091
202.282	n/a	0	1	101141
202.3	n/a	0	1	101150
202.316	n/a	0	1	101158
202.332	n/a	0	1	101166
202.35	n/a	0	1	101175
202.366	n/a	0	1	101183
202.382	n/a	0	1	101191
202.4	n/a	0	1	101200
202.416	n/a	0	1	101208
202.432	n/a	0	1	101216
202.45	n/a	0	1	101225
202.466	n/a	0	1	101233
202.482	n/a	0	1	101241
202.5	n/a	0	1	101250
202.516	n/a	0	1	101258
202.532	n/a	0	1	101266
202.55	n/a	0	1	101275
202.566	n/a	0	1	101283
202.582	n/a	0	1	101291
202.6	n/a	0	1	101300
202.616	n/a	0	1	101308
202.632	n/a	0	1	101316
202.65	n/a	0	1	101325
202.666	n/a	1	2	101333
202.682	n/a	1	2	101341
202.7	n/a	1	2	101350
202.716	n/a	1	2	101358
202.732	n/a	0	1	101366
202.75	n/a	0	1	101375
202.766	n/a	0	1	101383
202.782	n/a	0	1	101391
202.8	n/a	0	1	101400
202.816	n/a	0	1	101408
202.832	n/a	0	1	101416
202.85	n/a	0	1	101425
202.866	n/a	0	1	101433
202.882	n/a	0	1	101441
202.9	n/a	0	1	101450
202.916	n/a	0	1	101458
202.932	n/a	0	1	101466
202.95	n/a	0	1	101475
202.966	n/a	0	1	101483
202.982	n/a	0	1	101491
203.0	n/a	0	1	101500
203.016	n/a	0	1	101508
203.032	n/a	0	1	101516
203.05	n/a	1	2	101525
203.066	n/a	1	2	101533
203.082	n/a	1	2	101541
203.1	n/a	1	2	101550
203.116	n/a	0	1	101558
203.132	n/a	0	1	101566
203.15	n/a	0	1	101575
203.166	n/a	0	1	101583
203.182	n/a	0	1	101591
203.2	n/a	0	1	101600
203.216	n/a	0	1	101608
203.232	n/a	0	1	101616
203.25	n/a	0	1	101625
203.266	n/a	0	1	101633
203.282	n/a	0	1	101641
203.3	n/a	0	1	101650
203.316	n/a	0	1	101658
203.332	n/a	0	1	101666
203.35	n/a	1	2	101675
203.366	n/a	1	2	101683
203.382	n/a	1	2	101691
203.4	n/a	1	2	101700
203.416	n/a	0	1	101708
203.432	n/a	0	1	101716
203.45	n/a	0	1	101725
203.466	n/a	0	1	101733
203.482	n/a	0	1	101741
203.5	n/a	0	1	101750
203.516	n/a	0	1	101758
203.532	n/a	0	1	101766
203.55	n/a	0	1	101775
203.566	n/a	0	1	101783
203.582	n/a	0	1	101791
203.6	n/a	0	1	101800
203.616	n/a	0	1	101808
203.632	n/a	1	2	101816
203.65	n/a	1	2	101825
203.666	n/a	1	2	101833
203.682	n/a	1	2	101841
203.7	n/a	0	1	101850
203.716	n/a	0	1	101858
203.732	n/a	0	1	101866
203.75	n/a	0	1	101875
203.766	n/a	0	1	101883
203.782	n/a	0	1	101891
203.8	n/a	0	1	101900
203.816	n/a	0	1	101908
203.832	n/a	0	1	101916
203.85	n/a	0	1	101925
203.866	n/a	0	1	101933
203.882	n/a	0	1	101941
203.9	n/a	0	1	101950
203.916	n/a	0	1	101958
203.932	n/a	0	1	101966
203.95	n/a	0	1	101975
203.966	n/a	1	2	101983
203.982	n/a	1	2	101991
204.0	n/a	1	2	102000
204.016	n/a	1	2	102008
204.032	n/a	0	1	102016
204.05	n/a	0	1	102025
204.066	n/a	0	1	102033
204.082	n/a	0	1	102041
204.1	n/a	0	1	102050
204.116	n/a	0	1	102058
204.132	n/a	0	1	102066
204.15	n/a	0	1	102075
204.166	n/a	0	1	102083
204.182	n/a	0	1	102091
204.2	n/a	0	1	102100
204.216	n/a	0	1	102108
205.7	n/a	0	1	102850
205.716	n/a	1	2	102858
205.732	n/a	1	2	102866
205.75	n/a	1	2	102875
205.766	n/a	1	2	102883
205.782	n/a	0	1	102891
205.8	n/a	0	1	102900
205.816	n/a	0	1	102908
205.832	n/a	0	1	102916
205.85	n/a	0	1	102925
205.866	n/a	0	1	102933
205.882	n/a	0	1	102941
205.9	n/a	0	1	102950
205.916	n/a	0	1	102958
205.932	n/a	0	1	102966
205.95	n/a	0	1	102975
205.966	n/a	0	1	102983
205.982	n/a	0	1	102991
206.0	n/a	0	1	103000
206.016	n/a	0	1	103008
206.032	n/a	0	1	103016
206.05	n/a	0	1	103025
206.066	n/a	0	1	103033
206.082	n/a	0	1	103041
206.1	n/a	0	1	103050
206.116	n/a	0	1	103058
206.132	n/a	0	1	103066
206.15	n/a	0	1	103075
206.166	n/a	0	1	103083
206.182	n/a	0	1	103091
206.2	n/a	1	2	103100
206.216	n/a	1	2	103108
206.232	n/a	1	2	103116
206.25	n/a	1	2	103125
206.266	n/a	0	1	103133
206.282	n/a	0	1	103141
206.3	n/a	0	1	103150
206.316	n/a	0	1	103158
206.332	n/a	0	1	103166
206.35	n/a	0	1	103175
206.366	n/a	0	1	103183
206.382	n/a	0	1	103191
206.4	n/a	0	1	103200
206.416	n/a	0	1	103208
206.432	n/a	0	1	103216
206.45	n/a	0	1	103225
206.466	n/a	0	1	103233
206.482	n/a	0	1	103241
206.5	n/a	0	1	103250
206.516	n/a	0	1	103258
206.532	n/a	0	1	103266
206.55	n/a	0	1	103275
206.566	n/a	0	1	103283
206.582	n/a	0	1	103291
206.6	n/a	0	1	103300
206.616	n/a	0	1	103308
206.632	n/a	0	1	103316
206.65	n/a	0	1	103325
206.666	n/a	1	2	103333
206.682	n/a	1	2	103341
206.7	n/a	1	2	103350
206.716	n/a	1	2	103358
206.732	n/a	0	1	103366
206.75	n/a	0	1	103375
206.766	n/a	0	1	103383
206.782	n/a	0	1	103391
206.8	n/a	0	1	103400
206.816	n/a	0	1	103408
206.832	n/a	0	1	103416
206.85	n/a	0	1	103425
206.866	n/a	0	1	103433
206.882	n/a	0	1	103441
206.9	n/a	0	1	103450
206.916	n/a	0	1	103458
206.932	n/a	0	1	103466
206.95	n/a	0	1	103475
206.966	n/a	0	1	103483
206.982	n/a	0	1	103491
207.0	n/a	0	1	103500
207.016	n/a	0	1	103508
207.032	n/a	0	1	103516
207.05	n/a	0	1	103525
207.066	n/a	0	1	103533
207.082	n/a	1	2	103541
207.1	n/a	1	2	103550
207.116	n/a	1	2	103558
207.132	n/a	1	2	103566
207.15	n/a	0	1	103575
207.166	n/a	0	1	103583
207.182	n/a	0	1	103591
207.2	n/a	0	1	103600
207.216	n/a	0	1	103608
207.232	n/a	0	1	103616
207.25	n/a	0	1	103625
207.266	n/a	0	1	103633
207.282	n/a	0	1	103641
207.3	n/a	0	1	103650
207.316	n/a	0	1	103658
207.332	n/a	0	1	103666
207.35	n/a	0	1	103675
207.366	n/a	0	1	103683
207.382	n/a	0	1	103691
207.4	n/a	0	1	103700
207.416	n/a	0	1	103708
207.432	n/a	0	1	103716
207.45	n/a	0	1	103725
207.466	n/a	0	1	103733
207.482	n/a	0	1	103741
207.5	n/a	0	1	103750
207.516	n/a	1	2	103758
207.532	n/a	1	2	103766
207.55	n/a	1	2	103775
207.566	n/a	1	2	103783
207.582	n/a	0	1	103791
207.6	n/a	0	1	103800
207.616	n/a	0	1	103808
207.632	n/a	0	1	103816
209.116	n/a	0	1	104558
209.132	n/a	0	1	104566
209.15	n/a	0	1	104575
209.166	n/a	0	1	104583
209.182	n/a	0	1	104591
209.2	n/a	0	1	104600
209.216	n/a	0	1	104608
209.232	n/a	0	1	104616
209.25	n/a	0	1	104625
209.266	n/a	0	1	104633
209.282	n/a	0	1	104641
209.3	n/a	0	1	104650
209.316	n/a	0	1	104658
209.332	n/a	0	1	104666
209.35	n/a	0	1	104675
209.366	n/a	1	2	104683
209.382	n/a	1	2	104691
209.4	n/a	1	2	104700
209.416	n/a	1	2	104708
209.432	n/a	0	1	104716
209.45	n/a	0	1	104725
209.466	n/a	0	1	104733
209.482	n/a	0	1	104741
209.5	n/a	0	1	104750
209.516	n/a	0	1	104758
209.532	n/a	0	1	104766
209.55	n/a	0	1	104775
209.566	n/a	0	1	104783
209.582	n/a	0	1	104791
209.6	n/a	0	1	104800
209.616	n/a	0	1	104808
209.632	n/a	0	1	104816
209.65	n/a	0	1	104825
209.666	n/a	0	1	104833
209.682	n/a	0	1	104841
209.7	n/a	0	1	104850
209.716	n/a	0	1	104858
209.732	n/a	0	1	104866
209.75	n/a	0	1	104875
209.766	n/a	0	1	104883
209.782	n/a	0	1	104891
209.8	n/a	1	2	104900
209.816	n/a	1	2	104908
209.832	n/a	1	2	104916
209.85	n/a	1	2	104925
209.866	n/a	0	1	104933
209.882	n/a	0	1	104941
209.9	n/a	0	1	104950
209.916	n/a	0	1	104958
209.932	n/a	0	1	104966
209.95	n/a	0	1	104975
209.966	n/a	0	1	104983
209.982	n/a	0	1	104991
210.0	n/a	0	1	105000
210.016	n/a	0	1	105008
210.032	n/a	0	1	105016
210.05	n/a	0	1	105025
210.066	n/a	0	1	105033
210.082	n/a	0	1	105041
210.1	n/a	0	1	105050
210.116	n/a	0	1	105058
210.132	n/a	0	1	105066
210.15	n/a	0	1	105075
210.166	n/a	0	1	105083
210.182	n/a	0	1	105091
210.2	n/a	0	1	105100
210.216	n/a	0	1	105108
210.232	n/a	0	1	105116
210.25	n/a	0	1	105125
210.266	n/a	1	2	105133
210.282	n/a	1	2	105141
210.3	n/a	1	2	105150
210.316	n/a	1	2	105158
210.332	n/a	0	1	105166
210.35	n/a	0	1	105175
210.366	n/a	0	1	105183
210.382	n/a	0	1	105191
210.4	n/a	0	1	105200
210.416	n/a	0	1	105208
210.432	n/a	0	1	105216
210.45	n/a	0	1	105225
210.466	n/a	0	1	105233
210.482	n/a	0	1	105241
210.5	n/a	0	1	105250
210.516	n/a	0	1	105258
210.532	n/a	0	1	105266
210.55	n/a	0	1	105275
210.566	n/a	1	2	105283
210.582	n/a	1	2	105291
210.6	n/a	1	2	105300
210.616	n/a	1	2	105308
210.632	n/a	0	1	105316
210.65	n/a	0	1	105325
210.666	n/a	0	1	105333
210.682	n/a	0	1	105341
210.7	n/a	0	1	105350
210.716	n/a	0	1	105358
210.732	n/a	0	1	105366
210.75	n/a	0	1	105375
210.766	n/a	0	1	105383
210.782	n/a	0	1	105391
210.8	n/a	0	1	105400
210.816	n/a	0	1	105408
210.832	n/a	0	1	105416
210.85	n/a	0	1	105425
210.866	n/a	0	1	105433
210.882	n/a	0	1	105441
210.9	n/a	0	1	105450
210.916	n/a	0	1	105458
210.932	n/a	0	1	105466
210.95	n/a	0	1	105475
210.966	n/a	0	1	105483
210.982	n/a	0	1	105491
211.0	n/a	1	2	105500
211.016	n/a	1	2	105508
211.032	n/a	1	2	105516
211.05	n/a	1	2	105525
212.532	n/a	0	1	106266
212.55	n/a	0	1	106275
212.566	n/a	0	1	106283
212.582	n/a	0	1	106291
212.6	n/a	0	1	106300
212.616	n/a	0	1	106308
212.632	n/a	0	1	106316
212.65	n/a	0	1	106325
212.666	n/a	0	1	106333
212.682	n/a	0	1	106341
212.7	n/a	0	1	106350
212.716	n/a	0	1	106358
212.732	n/a	0	1	106366
212.75	n/a	0	1	106375
212.766	n/a	0	1	106383
212.782	n/a	0	1	106391
212.8	n/a	0	1	106400
212.816	n/a	0	1	106408
212.832	n/a	1	2	106416
212.85	n/a	1	2	106425
212.866	n/a	1	2	106433
212.882	n/a	1	2	106441
212.9	n/a	0	1	106450
212.916	n/a	0	1	106458
212.932	n/a	0	1	106466
212.95	n/a	0	1	106475
212.966	n/a	0	1	106483
212.982	n/a	0	1	106491
213.0	n/a	0	1	106500
213.016	n/a	0	1	106508
213.032	n/a	0	1	106516
213.05	n/a	0	1	106525
213.066	n/a	0	1	106533
213.082	n/a	0	1	106541
213.1	n/a	0	1	106550
213.116	n/a	0	1	106558
213.132	n/a	0	1	106566
213.15	n/a	0	1	106575
213.166	n/a	0	1	106583
213.182	n/a	0	1	106591
213.2	n/a	0	1	106600
213.216	n/a	0	1	106608
213.232	n/a	1	2	106616
213.25	n/a	1	2	106625
213.266	n/a	1	2	106633
213.282	n/a	1	2	106641
213.3	n/a	0	1	106650
213.316	n/a	0	1	106658
213.332	n/a	0	1	106666
213.35	n/a	0	1	106675
213.366	n/a	0	1	106683
213.382	n/a	0	1	106691
213.4	n/a	0	1	106700
213.416	n/a	0	1	106708
213.432	n/a	0	1	106716
213.45	n/a	0	1	106725
213.466	n/a	0	1	106733
213.482	n/a	0	1	106741
213.5	n/a	0	1	106750
213.516	n/a	1	2	106758
213.532	n/a	1	2	106766
213.55	n/a	1	2	106775
213.566	n/a	1	2	106783
213.582	n/a	0	1	106791
213.6	n/a	0	1	106800
213.616	n/a	0	1	106808
213.632	n/a	0	1	106816
213.65	n/a	0	1	106825
213.666	n/a	0	1	106833
213.682	n/a	0	1	106841
213.7	n/a	0	1	106850
213.716	n/a	0	1	106858
213.732	n/a	0	1	106866
213.75	n/a	0	1	106875
213.766	n/a	0	1	106883
213.782	n/a	0	1	106891
213.8	n/a	0	1	106900
213.816	n/a	0	1	106908
213.832	n/a	0	1	106916
213.85	n/a	0	1	106925
213.866	n/a	0	1	106933
213.882	n/a	1	2	106941
213.9	n/a	1	2	106950
213.916	n/a	1	2	106958
213.932	n/a	1	2	106966
213.95	n/a	0	1	106975
213.966	n/a	0	1	106983
213.982	n/a	0	1	106991
214.0	n/a	0	1	107000
214.016	n/a	0	1	107008
214.032	n/a	0	1	107016
214.05	n/a	0	1	107025
214.066	n/a	0	1	107033
214.082	n/a	0	1	107041
214.1	n/a	0	1	107050
214.116	n/a	0	1	107058
214.132	n/a	0	1	107066
214.15	n/a	0	1	107075
214.166	n/a	0	1	107083
214.182	n/a	0	1	107091
214.2	n/a	0	1	107100
214.216	n/a	0	1	107108
214.232	n/a	0	1	107116
214.25	n/a	0	1	107125
214.266	n/a	0	1	107133
214.282	n/a	0	1	107141
214.3	n/a	0	1	107150
214.316	n/a	0	1	107158
214.332	n/a	0	1	107166
214.35	n/a	1	2	107175
214.366	n/a	1	2	107183
214.382	n/a	1	2	107191
214.4	n/a	1	2	107200
214.416	n/a	0	1	107208
214.432	n/a	0	1	107216
214.45	n/a	0	1	107225
214.466	n/a	0	1	107233
216.5	n/a	0	1	108250
216.516	n/a	0	1	108258
216.532	n/a	0	1	108266
216.55	n/a	0	1	108275
216.566	n/a	0	1	108283
216.582	n/a	0	1	108291
216.6	n/a	0	1	108300
216.616	n/a	0	1	108308
216.632	n/a	0	1	108316
216.65	n/a	0	1	108325
216.666	n/a	0	1	108333
216.682	n/a	0	1	108341
216.7	n/a	0	1	108350
216.716	n/a	0	1	108358
216.732	n/a	0	1	108366
216.75	n/a	0	1	108375
216.766	n/a	0	1	108383
216.782	n/a	0	1	108391
216.8	n/a	0	1	108400
216.816	n/a	0	1	108408
216.832	n/a	0	1	108416
216.85	n/a	0	1	108425
216.866	n/a	0	1	108433
216.882	n/a	1	2	108441
216.9	n/a	1	2	108450
216.916	n/a	1	2	108458
216.932	n/a	1	2	108466
216.95	n/a	0	1	108475
216.966	n/a	0	1	108483
216.982	n/a	0	1	108491
217.0	n/a	0	1	108500
217.016	n/a	0	1	108508
217.032	n/a	0	1	108516
217.05	n/a	0	1	108525
217.066	n/a	0	1	108533
217.082	n/a	0	1	108541
217.1	n/a	0	1	108550
217.116	n/a	0	1	108558
217.132	n/a	0	1	108566
217.15	n/a	0	1	108575
217.166	n/a	0	1	108583
217.182	n/a	0	1	108591
217.2	n/a	0	1	108600
217.216	n/a	0	1	108608
217.232	n/a	0	1	108616
217.25	n/a	0	1	108625
217.266	n/a	1	2	108633
217.282	n/a	1	2	108641
217.3	n/a	1	2	108650
217.316	n/a	1	2	108658
217.332	n/a	0	1	108666
217.35	n/a	0	1	108675
217.366	n/a	0	1	108683
217.382	n/a	0	1	108691
217.4	n/a	0	1	108700
217.416	n/a	0	1	108708
217.432	n/a	0	1	108716
217.45	n/a	0	1	108725
217.466	n/a	0	1	108733
217.482	n/a	0	1	108741
217.5	n/a	0	1	108750
217.516	n/a	0	1	108758
217.532	n/a	0	1	108766
217.55	n/a	0	1	108775
217.566	n/a	1	2	108783
217.582	n/a	1	2	108791
217.6	n/a	1	2	108800
217.616	n/a	1	2	108808
217.632	n/a	0	1	108816
217.65	n/a	0	1	108825
217.666	n/a	0	1	108833
217.682	n/a	0	1	108841
217.7	n/a	0	1	108850
217.716	n/a	0	1	108858
217.732	n/a	0	1	108866
217.75	n/a	0	1	108875
217.766	n/a	0	1	108883
217.782	n/a	0	1	108891
217.8	n/a	0	1	108900
217.816	n/a	0	1	108908
217.832	n/a	0	1	108916
217.85	n/a	1	2	108925
217.866	n/a	1	2	108933
217.882	n/a	1	2	108941
217.9	n/a	1	2	108950
217.916	n/a	0	1	108958
217.932	n/a	0	1	108966
217.95	n/a	0	1	108975
217.966	n/a	0	1	108983
217.982	n/a	0	1	108991
218.0	n/a	0	1	109000
218.016	n/a	0	1	109008
218.032	n/a	0	1	109016
218.05	n/a	0	1	109025
218.066	n/a	0	1	109033
218.082	n/a	0	1	109041
218.1	n/a	0	1	109050
218.116	n/a	0	1	109058
218.132	n/a	0	1	109066
218.15	n/a	0	1	109075
218.166	n/a	0	1	109083
218.182	n/a	1	2	109091
218.2	n/a	1	2	109100
218.216	n/a	1	2	109108
218.232	n/a	1	2	109116
218.25	n/a	0	1	109125
218.266	n/a	0	1	109133
218.282	n/a	0	1	109141
218.3	n/a	0	1	109150
218.316	n/a	0	1	109158
218.332	n/a	0	1	109166
218.35	n/a	0	1	109175
218.366	n/a	0	1	109183
218.382	n/a	0	1	109191
218.4	n/a	0	1	109200
218.416	n/a	0	1	109208
218.432	n/a	0	1	109216
219.916	n/a	0	1	109958
219.932	n/a	0	1	109966
219.95	n/a	0	1	109975
219.966	n/a	0	1	109983
219.982	n/a	0	1	109991
220.0	n/a	0	1	110000
220.016	n/a	0	1	110008
220.032	n/a	0	1	110016
220.05	n/a	0	1	110025
220.066	n/a	0	1	110033
220.082	n/a	0	1	110041
220.1	n/a	0	1	110050
220.116	n/a	0	1	110058
220.132	n/a	0	1	110066
220.15	n/a	0	1	110075
220.166	n/a	1	2	110083
220.182	n/a	1	2	110091
220.2	n/a	1	2	110100
220.216	n/a	1	2	110108
220.232	n/a	0	1	110116
220.25	n/a	0	1	110125
220.266	n/a	0	1	110133
220.282	n/a	0	1	110141
220.3	n/a	0	1	110150
220.316	n/a	0	1	110158
220.332	n/a	0	1	110166
220.35	n/a	0	1	110175
220.366	n/a	0	1	110183
220.382	n/a	0	1	110191
220.4	n/a	0	1	110200
220.416	n/a	0	1	110208
220.432	n/a	0	1	110216
220.45	n/a	0	1	110225
220.466	n/a	0	1	110233
220.482	n/a	0	1	110241
220.5	n/a	0	1	110250
220.516	n/a	0	1	110258
220.532	n/a	0	1	110266
220.55	n/a	0	1	110275
220.566	n/a	0	1	110283
220.582	n/a	0	1	110291
220.6	n/a	1	2	110300
220.616	n/a	1	2	110308
220.632	n/a	1	2	110316
220.65	n/a	1	2	110325
220.666	n/a	0	1	110333
220.682	n/a	0	1	110341
220.7	n/a	0	1	110350
220.716	n/a	0	1	110358
220.732	n/a	0	1	110366
220.75	n/a	0	1	110375
220.766	n/a	0	1	110383
220.782	n/a	0	1	110391
220.8	n/a	0	1	110400
220.816	n/a	0	1	110408
220.832	n/a	0	1	110416
220.85	n/a	0	1	110425
220.866	n/a	0	1	110433
220.882	n/a	0	1	110441
220.9	n/a	0	1	110450
220.916	n/a	0	1	110458
220.932	n/a	0	1	110466
220.95	n/a	0	1	110475
220.966	n/a	0	1	110483
220.982	n/a	0	1	110491
221.0	n/a	0	1	110500
221.016	n/a	0	1	110508
221.032	n/a	0	1	110516
221.05	n/a	0	1	110525
221.066	n/a	1	2	110533
221.082	n/a	1	2	110541
221.1	n/a	1	2	110550
221.116	n/a	1	2	110558
221.132	n/a	0	1	110566
221.15	n/a	0	1	110575
221.166	n/a	0	1	110583
221.182	n/a	0	1	110591
221.2	n/a	0	1	110600
221.216	n/a	0	1	110608
221.232	n/a	0	1	110616
221.25	n/a	0	1	110625
221.266	n/a	0	1	110633
221.282	n/a	0	1	110641
221.3	n/a	0	1	110650
221.316	n/a	0	1	110658
221.332	n/a	0	1	110666
221.35	n/a	0	1	110675
221.366	n/a	1	2	110683
221.382	n/a	1	2	110691
221.4	n/a	1	2	110700
221.416	n/a	1	2	110708
221.432	n/a	0	1	110716
221.45	n/a	0	1	110725
221.466	n/a	0	1	110733
221.482	n/a	0	1	110741
221.5	n/a	0	1	110750
221.516	n/a	0	1	110758
221.532	n/a	0	1	110766
221.55	n/a	0	1	110775
221.566	n/a	0	1	110783
221.582	n/a	0	1	110791
221.6	n/a	0	1	110800
221.616	n/a	0	1	110808
221.632	n/a	0	1	110816
221.65	n/a	0	1	110825
221.666	n/a	0	1	110833
221.682	n/a	0	1	110841
221.7	n/a	0	1	110850
221.716	n/a	0	1	110858
221.732	n/a	0	1	110866
221.75	n/a	0	1	110875
221.766	n/a	0	1	110883
221.782	n/a	0	1	110891
221.8	n/a	1	2	110900
221.816	n/a	1	2	110908
221.832	n/a	1	2	110916
221.85	n/a	1	2	110925
223.332	n/a	0	1	111666
223.35	n/a	0	1	111675
223.366	n/a	0	1	111683
223.382	n/a	0	1	111691
223.4	n/a	0	1	111700
223.416	n/a	0	1	111708
223.432	n/a	0	1	111716
223.45	n/a	0	1	111725
223.466	n/a	0	1	111733
223.482	n/a	0	1	111741
223.5	n/a	0	1	111750
223.516	n/a	0	1	111758
223.532	n/a	0	1	111766
223.55	n/a	0	1	111775
223.566	n/a	0	1	111783
223.582	n/a	0	1	111791
223.6	n/a	0	1	111800
223.616	n/a	0	1	111808
223.632	n/a	1	2	111816
223.65	n/a	1	2	111825
223.666	n/a	1	2	111833
223.682	n/a	1	2	111841
223.7	n/a	0	1	111850
223.716	n/a	0	1	111858
223.732	n/a	0	1	111866
223.75	n/a	0	1	111875
223.766	n/a	0	1	111883
223.782	n/a	0	1	111891
223.8	n/a	0	1	111900
223.816	n/a	0	1	111908
223.832	n/a	0	1	111916
223.85	n/a	0	1	111925
223.866	n/a	0	1	111933
223.882	n/a	0	1	111941
223.9	n/a	0	1	111950
223.916	n/a	0	1	111958
223.932	n/a	0	1	111966
223.95	n/a	0	1	111975
223.966	n/a	0	1	111983
223.982	n/a	0	1	111991
224.0	n/a	0	1	112000
224.016	n/a	0	1	112008
224.032	n/a	1	2	112016
224.05	n/a	1	2	112025
224.066	n/a	1	2	112033
224.082	n/a	1	2	112041
224.1	n/a	0	1	112050
224.116	n/a	0	1	112058
224.132	n/a	0	1	112066
224.15	n/a	0	1	112075
224.166	n/a	0	1	112083
224.182	n/a	0	1	112091
224.2	n/a	0	1	112100
224.216	n/a	0	1	112108
224.232	n/a	0	1	112116
224.25	n/a	0	1	112125
224.266	n/a	0	1	112133
224.282	n/a	0	1	112141
224.3	n/a	0	1	112150
224.316	n/a	1	2	112158
224.332	n/a	1	2	112166
224.35	n/a	1	2	112175
224.366	n/a	1	2	112183
224.382	n/a	0	1	112191
224.4	n/a	0	1	112200
224.416	n/a	0	1	112208
224.432	n/a	0	1	112216
224.45	n/a	0	1	112225
224.466	n/a	0	1	112233
224.482	n/a	0	1	112241
224.5	n/a	0	1	112250
224.516	n/a	0	1	112258
224.532	n/a	0	1	112266
224.55	n/a	0	1	112275
224.566	n/a	0	1	112283
224.582	n/a	0	1	112291
224.6	n/a	0	1	112300
224.616	n/a	0	1	112308
224.632	n/a	0	1	112316
224.65	n/a	0	1	112325
224.666	n/a	0	1	112333
224.682	n/a	1	2	112341
224.7	n/a	1	2	112350
224.716	n/a	1	2	112358
224.732	n/a	1	2	112366
224.75	n/a	0	1	112375
224.766	n/a	0	1	112383
224.782	n/a	0	1	112391
224.8	n/a	0	1	112400
224.816	n/a	0	1	112408
224.832	n/a	0	1	112416
224.85	n/a	0	1	112425
224.866	n/a	0	1	112433
224.882	n/a	0	1	112441
224.9	n/a	0	1	112450
224.916	n/a	0	1	112458
224.932	n/a	0	1	112466
224.95	n/a	0	1	112475
224.966	n/a	0	1	112483
224.982	n/a	0	1	112491
225.0	n/a	0	1	112500
225.016	n/a	0	1	112508
225.032	n/a	0	1	112516
225.05	n/a	0	1	112525
225.066	n/a	0	1	112533
225.082	n/a	0	1	112541
225.1	n/a	0	1	112550
225.116	n/a	0	1	112558
225.132	n/a	0	1	112566
225.15	n/a	1	2	112575
225.166	n/a	1	2	112583
225.182	n/a	1	2	112591
225.2	n/a	1	2	112600
225.216	n/a	0	1	112608
225.232	n/a	0	1	112616
225.25	n/a	0	1	112625
225.266	n/a	0	1	112633
226.75	n/a	0	1	113375
226.766	n/a	1	2	113383
226.782	n/a	1	2	113391
226.8	n/a	1	2	113400
226.816	n/a	1	2	113408
226.832	n/a	0	1	113416
226.85	n/a	0	1	113425
226.866	n/a	0	1	113433
226.882	n/a	0	1	113441
226.9	n/a	0	1	113450
226.916	n/a	0	1	113458
226.932	n/a	0	1	113466
226.95	n/a	0	1	113475
226.966	n/a	0	1	113483
226.982	n/a	0	1	113491
227.0	n/a	0	1	113500
227.016	n/a	0	1	113508
227.032	n/a	0	1	113516
227.05	n/a	0	1	113525
227.066	n/a	0	1	113533
227.082	n/a	0	1	113541
227.1	n/a	0	1	113550
227.116	n/a	0	1	113558
227.132	n/a	0	1	113566
227.15	n/a	0	1	113575
227.166	n/a	0	1	113583
227.182	n/a	0	1	113591
227.2	n/a	0	1	113600
227.216	n/a	0	1	113608
227.232	n/a	0	1	113616
227.25	n/a	1	2	113625
227.266	n/a	1	2	113633
227.282	n/a	1	2	113641
227.3	n/a	1	2	113650
227.316	n/a	0	1	113658
227.332	n/a	0	1	113666
227.35	n/a	0	1	113675
227.366	n/a	0	1	113683
227.382	n/a	0	1	113691
227.4	n/a	0	1	113700
227.416	n/a	0	1	113708
227.432	n/a	0	1	113716
227.45	n/a	0	1	113725
227.466	n/a	0	1	113733
227.482	n/a	0	1	113741
227.5	n/a	0	1	113750
227.516	n/a	0	1	113758
227.532	n/a	0	1	113766
227.55	n/a	0	1	113775
227.566	n/a	0	1	113783
227.582	n/a	0	1	113791
227.6	n/a	0	1	113800
227.616	n/a	0	1	113808
227.632	n/a	0	1	113816
227.65	n/a	0	1	113825
227.666	n/a	0	1	113833
227.682	n/a	0	1	113841
227.7	n/a	0	1	113850
227.716	n/a	1	2	113858
227.732	n/a	1	2	113866
227.75	n/a	1	2	113875
227.766	n/a	1	2	113883
227.782	n/a	0	1	113891
227.8	n/a	0	1	113900
227.816	n/a	0	1	113908
227.832	n/a	0	1	113916
227.85	n/a	0	1	113925
227.866	n/a	0	1	113933
227.882	n/a	0	1	113941
227.9	n/a	0	1	113950
227.916	n/a	0	1	113958
227.932	n/a	0	1	113966
227.95	n/a	0	1	113975
227.966	n/a	0	1	113983
227.982	n/a	0	1	113991
228.0	n/a	0	1	114000
228.016	n/a	0	1	114008
228.032	n/a	0	1	114016
228.05	n/a	0	1	114025
228.066	n/a	0	1	114033
228.082	n/a	0	1	114041
228.1	n/a	0	1	114050
228.116	n/a	0	1	114058
228.132	n/a	1	2	114066
228.15	n/a	1	2	114075
228.166	n/a	1	2	114083
228.182	n/a	1	2	114091
228.2	n/a	0	1	114100
228.216	n/a	0	1	114108
228.232	n/a	0	1	114116
228.25	n/a	0	1	114125
228.266	n/a	0	1	114133
228.282	n/a	0	1	114141
228.3	n/a	0	1	114150
228.316	n/a	0	1	114158
228.332	n/a	0	1	114166
228.35	n/a	0	1	114175
228.366	n/a	0	1	114183
228.382	n/a	0	1	114191
228.4	n/a	0	1	114200
228.416	n/a	0	1	114208
228.432	n/a	0	1	114216
228.45	n/a	0	1	114225
228.466	n/a	0	1	114233
228.482	n/a	0	1	114241
228.5	n/a	0	1	114250
228.516	n/a	0	1	114258
228.532	n/a	0	1	114266
228.55	n/a	0	1	114275
228.566	n/a	1	2	114283
228.582	n/a	1	2	114291
228.6	n/a	1	2	114300
228.616	n/a	1	2	114308
228.632	n/a	0	1	114316
228.65	n/a	0	1	114325
228.666	n/a	0	1	114333
228.682	n/a	0	1	114341
230.966	n/a	0	1	115483
230.982	n/a	0	1	115491
231.0	n/a	0	1	115500
231.016	n/a	0	1	115508
231.032	n/a	0	1	115516
231.05	n/a	0	1	115525
231.066	n/a	0	1	115533
231.082	n/a	0	1	115541
231.1	n/a	0	1	115550
231.116	n/a	0	1	115558
231.132	n/a	0	1	115566
231.15	n/a	0	1	115575
231.166	n/a	0	1	115583
231.182	n/a	0	1	115591
231.2	n/a	0	1	115600
231.216	n/a	0	1	115608
231.232	n/a	0	1	115616
231.25	n/a	0	1	115625
231.266	n/a	0	1	115633
231.282	n/a	0	1	115641
231.3	n/a	0	1	115650
231.316	n/a	0	1	115658
231.332	n/a	0	1	115666
231.35	n/a	1	2	115675
231.366	n/a	1	2	115683
231.382	n/a	1	2	115691
231.4	n/a	1	2	115700
231.416	n/a	0	1	115708
231.432	n/a	0	1	115716
231.45	n/a	0	1	115725
231.466	n/a	0	1	115733
231.482	n/a	0	1	115741
231.5	n/a	0	1	115750
231.516	n/a	0	1	115758
231.532	n/a	0	1	115766
231.55	n/a	0	1	115775
231.566	n/a	0	1	115783
231.582	n/a	0	1	115791
231.6	n/a	0	1	115800
231.616	n/a	0	1	115808
231.632	n/a	0	1	115816
231.65	n/a	0	1	115825
231.666	n/a	0	1	115833
231.682	n/a	0	1	115841
231.7	n/a	0	1	115850
231.716	n/a	0	1	115858
231.732	n/a	1	2	115866
231.75	n/a	1	2	115875
231.766	n/a	1	2	115883
231.782	n/a	1	2	115891
231.8	n/a	0	1	115900
231.816	n/a	0	1	115908
231.832	n/a	0	1	115916
231.85	n/a	0	1	115925
231.866	n/a	0	1	115933
231.882	n/a	0	1	115941
231.9	n/a	0	1	115950
231.916	n/a	0	1	115958
231.932	n/a	0	1	115966
231.95	n/a	0	1	115975
231.966	n/a	0	1	115983
231.982	n/a	0	1	115991
232.0	n/a	0	1	116000
232.016	n/a	0	1	116008
232.032	n/a	1	2	116016
232.05	n/a	1	2	116025
232.066	n/a	1	2	116033
232.082	n/a	1	2	116041
232.1	n/a	0	1	116050
232.116	n/a	0	1	116058
232.132	n/a	0	1	116066
232.15	n/a	0	1	116075
232.166	n/a	0	1	116083
232.182	n/a	0	1	116091
232.2	n/a	0	1	116100
232.216	n/a	0	1	116108
232.232	n/a	0	1	116116
232.25	n/a	0	1	116125
232.266	n/a	0	1	116133
232.282	n/a	0	1	116141
232.3	n/a	0	1	116150
232.316	n/a	1	2	116158
232.332	n/a	1	2	116166
232.35	n/a	1	2	116175
232.366	n/a	1	2	116183
232.382	n/a	0	1	116191
232.4	n/a	0	1	116200
232.416	n/a	0	1	116208
232.432	n/a	0	1	116216
232.45	n/a	0	1	116225
232.466	n/a	0	1	116233
232.482	n/a	0	1	116241
232.5	n/a	0	1	116250
232.516	n/a	0	1	116258
232.532	n/a	0	1	116266
232.55	n/a	0	1	116275
232.566	n/a	0	1	116283
232.582	n/a	0	1	116291
232.6	n/a	0	1	116300
232.616	n/a	0	1	116308
232.632	n/a	0	1	116316
232.65	n/a	1	2	116325
232.666	n/a	1	2	116333
232.682	n/a	1	2	116341
232.7	n/a	1	2	116350
232.716	n/a	0	1	116358
232.732	n/a	0	1	116366
232.75	n/a	0	1	116375
232.766	n/a	0	1	116383
232.782	n/a	0	1	116391
232.8	n/a	0	1	116400
232.816	n/a	0	1	116408
232.832	n/a	0	1	116416
232.85	n/a	0	1	116425
232.866	n/a	0	1	116433
232.882	n/a	0	1	116441
232.9	n/a	0	1	116450
234.382	n/a	0	1	117191
234.4	n/a	0	1	117200
234.416	n/a	0	1	117208
234.432	n/a	0	1	117216
234.45	n/a	0	1	117225
234.466	n/a	0	1	117233
234.482	n/a	0	1	117241
234.5	n/a	0	1	117250
234.516	n/a	0	1	117258
234.532	n/a	0	1	117266
234.55	n/a	0	1	117275
234.566	n/a	0	1	117283
234.582	n/a	0	1	117291
234.6	n/a	0	1	117300
234.616	n/a	0	1	117308
234.632	n/a	1	2	117316
234.65	n/a	1	2	117325
234.666	n/a	1	2	117333
234.682	n/a	1	2	117341
234.7	n/a	0	1	117350
234.716	n/a	0	1	117358
234.732	n/a	0	1	117366
234.75	n/a	0	1	117375
234.766	n/a	0	1	117383
234.782	n/a	0	1	117391
234.8	n/a	0	1	117400
234.816	n/a	0	1	117408
234.832	n/a	0	1	117416
234.85	n/a	0	1	117425
234.866	n/a	0	1	117433
234.882	n/a	0	1	117441
234.9	n/a	0	1	117450
234.916	n/a	0	1	117458
234.932	n/a	0	1	117466
234.95	n/a	0	1	117475
234.966	n/a	0	1	117483
234.982	n/a	0	1	117491
235.0	n/a	0	1	117500
235.016	n/a	0	1	117508
235.032	n/a	0	1	117516
235.05	n/a	0	1	117525
235.066	n/a	1	2	117533
235.082	n/a	1	2	117541
235.1	n/a	1	2	117550
235.116	n/a	1	2	117558
235.132	n/a	0	1	117566
235.15	n/a	0	1	117575
235.166	n/a	0	1	117583
235.182	n/a	0	1	117591
235.2	n/a	0	1	117600
235.216	n/a	0	1	117608
235.232	n/a	0	1	117616
235.25	n/a	0	1	117625
235.266	n/a	0	1	117633
235.282	n/a	0	1	117641
235.3	n/a	0	1	117650
235.316	n/a	0	1	117658
235.332	n/a	0	1	117666
235.35	n/a	0	1	117675
235.366	n/a	0	1	117683
235.382	n/a	0	1	117691
235.4	n/a	0	1	117700
235.416	n/a	0	1	117708
235.432	n/a	0	1	117716
235.45	n/a	0	1	117725
235.466	n/a	0	1	117733
235.482	n/a	0	1	117741
235.5	n/a	0	1	117750
235.516	n/a	0	1	117758
235.532	n/a	1	2	117766
235.55	n/a	1	2	117775
235.566	n/a	1	2	117783
235.582	n/a	1	2	117791
235.6	n/a	0	1	117800
235.616	n/a	0	1	117808
235.632	n/a	0	1	117816
235.65	n/a	0	1	117825
235.666	n/a	0	1	117833
235.682	n/a	0	1	117841
235.7	n/a	0	1	117850
235.716	n/a	0	1	117858
235.732	n/a	0	1	117866
235.75	n/a	0	1	117875
235.766	n/a	0	1	117883
235.782	n/a	0	1	117891
235.8	n/a	0	1	117900
235.816	n/a	0	1	117908
235.832	n/a	1	2	117916
235.85	n/a	1	2	117925
235.866	n/a	1	2	117933
235.882	n/a	1	2	117941
235.9	n/a	0	1	117950
235.916	n/a	0	1	117958
235.932	n/a	0	1	117966
235.95	n/a	0	1	117975
235.966	n/a	0	1	117983
235.982	n/a	0	1	117991
236.0	n/a	0	1	118000
236.016	n/a	0	1	118008
236.032	n/a	0	1	118016
236.05	n/a	0	1	118025
236.066	n/a	0	1	118033
236.082	n/a	0	1	118041
236.1	n/a	0	1	118050
236.116	n/a	0	1	118058
236.132	n/a	0	1	118066
236.15	n/a	0	1	118075
236.166	n/a	0	1	118083
236.182	n/a	0	1	118091
236.2	n/a	0	1	118100
236.216	n/a	0	1	118108
236.232	n/a	0	1	118116
236.25	n/a	0	1	118125
236.266	n/a	1	2	118133
236.282	n/a	1	2	118141
236.3	n/a	1	2	118150
236.316	n/a	1	2	118158
237.8	n/a	0	1	118900
237.816	n/a	0	1	118908
237.832	n/a	0	1	118916
237.85	n/a	0	1	118925
237.866	n/a	0	1	118933
237.882	n/a	0	1	118941
237.9	n/a	0	1	118950
237.916	n/a	0	1	118958
237.932	n/a	0	1	118966
237.95	n/a	0	1	118975
237.966	n/a	0	1	118983
237.982	n/a	0	1	118991
238.0	n/a	0	1	119000
238.016	n/a	0	1	119008
238.032	n/a	0	1	119016
238.05	n/a	0	1	119025
238.066	n/a	0	1	119033
238.082	n/a	0	1	119041
238.1	n/a	1	2	119050
238.116	n/a	1	2	119058
238.132	n/a	1	2	119066
238.15	n/a	1	2	119075
238.166	n/a	0	1	119083
238.182	n/a	0	1	119091
238.2	n/a	0	1	119100
238.216	n/a	0	1	119108
238.232	n/a	0	1	119116
238.25	n/a	0	1	119125
238.266	n/a	0	1	119133
238.282	n/a	0	1	119141
238.3	n/a	0	1	119150
238.316	n/a	0	1	119158
238.332	n/a	0	1	119166
238.35	n/a	0	1	119175
238.366	n/a	0	1	119183
238.382	n/a	0	1	119191
238.4	n/a	0	1	119200
238.416	n/a	0	1	119208
238.432	n/a	0	1	119216
238.45	n/a	0	1	119225
238.466	n/a	0	1	119233
238.482	n/a	0	1	119241
238.5	n/a	1	2	119250
238.516	n/a	1	2	119258
238.532	n/a	1	2	119266
238.55	n/a	1	2	119275
238.566	n/a	0	1	119283
238.582	n/a	0	1	119291
238.6	n/a	0	1	119300
238.616	n/a	0	1	119308
238.632	n/a	0	1	119316
238.65	n/a	0	1	119325
238.666	n/a	0	1	119333
238.682	n/a	0	1	119341
238.7	n/a	0	1	119350
238.716	n/a	0	1	119358
238.732	n/a	0	1	119366
238.75	n/a	0	1	119375
238.766	n/a	0	1	119383
238.782	n/a	1	2	119391
238.8	n/a	1	2	119400
238.816	n/a	1	2	119408
238.832	n/a	1	2	119416
238.85	n/a	0	1	119425
238.866	n/a	0	1	119433
238.882	n/a	0	1	119441
238.9	n/a	0	1	119450
238.916	n/a	0	1	119458
238.932	n/a	0	1	119466
238.95	n/a	0	1	119475
238.966	n/a	0	1	119483
238.982	n/a	0	1	119491
239.0	n/a	0	1	119500
239.016	n/a	0	1	119508
239.032	n/a	0	1	119516
239.05	n/a	0	1	119525
239.066	n/a	0	1	119533
239.082	n/a	0	1	119541
239.1	n/a	0	1	119550
239.116	n/a	0	1	119558
239.132	n/a	0	1	119566
239.15	n/a	1	2	119575
239.166	n/a	1	2	119583
239.182	n/a	1	2	119591
239.2	n/a	1	2	119600
239.216	n/a	0	1	119608
239.232	n/a	0	1	119616
239.25	n/a	0	1	119625
239.266	n/a	0	1	119633
239.282	n/a	0	1	119641
239.3	n/a	0	1	119650
239.316	n/a	0	1	119658
239.332	n/a	0	1	119666
239.35	n/a	0	1	119675
239.366	n/a	0	1	119683
239.382	n/a	0	1	119691
239.4	n/a	0	1	119700
239.416	n/a	0	1	119708
239.432	n/a	0	1	119716
239.45	n/a	0	1	119725
239.466	n/a	0	1	119733
239.482	n/a	0	1	119741
239.5	n/a	0	1	119750
239.516	n/a	0	1	119758
239.532	n/a	0	1	119766
239.55	n/a	0	1	119775
239.566	n/a	0	1	119783
239.582	n/a	0	1	119791
239.6	n/a	0	1	119800
239.616	n/a	1	2	119808
239.632	n/a	1	2	119816
239.65	n/a	1	2	119825
239.666	n/a	1	2	119833
239.682	n/a	0	1	119841
239.7	n/a	0	1	119850
239.716	n/a	0	1	119858
239.732	n/a	0	1	119866
241.216	n/a	0	1	120608
241.232	n/a	1	2	120616
241.25	n/a	1	2	120625
241.266	n/a	1	2	120633
241.282	n/a	1	2	120641
241.3	n/a	0	1	120650
241.316	n/a	0	1	120658
241.332	n/a	0	1	120666
241.35	n/a	0	1	120675
241.366	n/a	0	1	120683
241.382	n/a	0	1	120691
241.4	n/a	0	1	120700
241.416	n/a	0	1	120708
241.432	n/a	0	1	120716
241.45	n/a	0	1	120725
241.466	n/a	0	1	120733
241.482	n/a	0	1	120741
241.5	n/a	0	1	120750
241.516	n/a	0	1	120758
241.532	n/a	0	1	120766
241.55	n/a	0	1	120775
241.566	n/a	0	1	120783
241.582	n/a	0	1	120791
241.6	n/a	0	1	120800
241.616	n/a	0	1	120808
241.632	n/a	0	1	120816
241.65	n/a	0	1	120825
241.666	n/a	0	1	120833
241.682	n/a	0	1	120841
241.7	n/a	0	1	120850
241.716	n/a	1	2	120858
241.732	n/a	1	2	120866
241.75	n/a	1	2	120875
241.766	n/a	1	2	120883
241.782	n/a	0	1	120891
241.8	n/a	0	1	120900
241.816	n/a	0	1	120908
241.832	n/a	0	1	120916
241.85	n/a	0	1	120925
241.866	n/a	0	1	120933
241.882	n/a	0	1	120941
241.9	n/a	0	1	120950
241.916	n/a	0	1	120958
241.932	n/a	0	1	120966
241.95	n/a	0	1	120975
241.966	n/a	0	1	120983
241.982	n/a	0	1	120991
242.0	n/a	0	1	121000
242.016	n/a	0	1	121008
242.032	n/a	0	1	121016
242.05	n/a	0	1	121025
242.066	n/a	0	1	121033
242.082	n/a	0	1	121041
242.1	n/a	0	1	121050
242.116	n/a	0	1	121058
242.132	n/a	0	1	121066
242.15	n/a	0	1	121075
242.166	n/a	0	1	121083
242.182	n/a	1	2	121091
242.2	n/a	1	2	121100
242.216	n/a	1	2	121108
242.232	n/a	1	2	121116
242.25	n/a	0	1	121125
242.266	n/a	0	1	121133
242.282	n/a	0	1	121141
242.3	n/a	0	1	121150
242.316	n/a	0	1	121158
242.332	n/a	0	1	121166
242.35	n/a	0	1	121175
242.366	n/a	0	1	121183
242.382	n/a	0	1	121191
242.4	n/a	0	1	121200
242.416	n/a	0	1	121208
242.432	n/a	0	1	121216
242.45	n/a	0	1	121225
242.466	n/a	0	1	121233
242.482	n/a	0	1	121241
242.5	n/a	0	1	121250
242.516	n/a	0	1	121258
242.532	n/a	0	1	121266
242.55	n/a	0	1	121275
242.566	n/a	0	1	121283
242.582	n/a	0	1	121291
242.6	n/a	1	2	121300
242.616	n/a	1	2	121308
242.632	n/a	1	2	121316
242.65	n/a	1	2	121325
242.666	n/a	0	1	121333
242.682	n/a	0	1	121341
242.7	n/a	0	1	121350
242.716	n/a	0	1	121358
242.732	n/a	0	1	121366
242.75	n/a	0	1	121375
242.766	n/a	0	1	121383
242.782	n/a	0	1	121391
242.8	n/a	0	1	121400
242.816	n/a	0	1	121408
242.832	n/a	0	1	121416
242.85	n/a	0	1	121425
242.866	n/a	0	1	121433
242.882	n/a	0	1	121441
242.9	n/a	0	1	121450
242.916	n/a	0	1	121458
242.932	n/a	0	1	121466
242.95	n/a	0	1	121475
242.966	n/a	0	1	121483
242.982	n/a	0	1	121491
243.0	n/a	0	1	121500
243.016	n/a	0	1	121508
243.032	n/a	1	2	121516
243.05	n/a	1	2	121525
243.066	n/a	1	2	121533
243.082	n/a	1	2	121541
243.1	n/a	0	1	121550
243.116	n/a	0	1	121558
243.132	n/a	0	1	121566
243.15	n/a	0	1	121575
